300 Users
48 Files
4000 Transactions
2 Maximum Connections
1 Cycle Length per Upload-Download
0 Warm-up Transactions
0.400000 Zipf constant
5 Pre-Trusted Users
120 Well-Behaved (Good) Users
180 Purely Malicious Users
0 Feedback Skewing Users
0 Malignant Providing Users
0 Disguised Malicous Users
0 Sybil Attack Users
true Intelligent Trans. Generation
1561015073639 Trace Generation Seed

(0.093975,0.000000,1,false)
(0.063084,0.000000,1,false)
(0.065771,0.000000,1,false)
(0.031350,0.000000,1,false)
(0.049104,0.000000,1,false)
(0.067857,0.000000,1,false)
(0.006285,0.000000,1,false)
(0.004442,0.000000,1,false)
(0.033847,0.000000,1,false)
(0.009739,0.000000,1,false)
(0.084895,0.000000,1,false)
(0.032605,0.000000,1,false)
(0.090637,0.000000,1,false)
(0.050056,0.000000,1,false)
(0.001586,0.000000,1,false)
(0.098289,0.000000,1,false)
(0.051780,0.000000,1,false)
(0.026061,0.000000,1,false)
(0.080312,0.000000,1,false)
(0.036275,0.000000,1,false)
(0.058138,0.000000,1,false)
(0.084998,0.000000,1,false)
(0.032445,0.000000,1,false)
(0.042940,0.000000,1,false)
(0.041077,0.000000,1,false)
(0.019235,0.000000,1,false)
(0.074104,0.000000,1,false)
(0.022551,0.000000,1,false)
(0.084612,0.000000,1,false)
(0.032111,0.000000,1,false)
(0.025116,0.000000,1,false)
(0.058294,0.000000,1,false)
(0.016429,0.000000,1,false)
(0.046699,0.000000,1,false)
(0.031879,0.000000,1,false)
(0.073587,0.000000,1,false)
(0.098811,0.000000,1,false)
(0.067773,0.000000,1,false)
(0.011565,0.000000,1,false)
(0.092672,0.000000,1,false)
(0.003491,0.000000,1,false)
(0.021079,0.000000,1,false)
(0.010936,0.000000,1,false)
(0.018572,0.000000,1,false)
(0.058084,0.000000,1,false)
(0.023398,0.000000,1,false)
(0.009437,0.000000,1,false)
(0.021201,0.000000,1,false)
(0.045955,0.000000,1,false)
(0.081894,0.000000,1,false)
(0.073297,0.000000,1,false)
(0.068738,0.000000,1,false)
(0.026274,0.000000,1,false)
(0.081893,0.000000,1,false)
(0.085054,0.000000,1,false)
(0.041360,0.000000,1,false)
(0.016478,0.000000,1,false)
(0.098510,0.000000,1,false)
(0.031192,0.000000,1,false)
(0.037980,0.000000,1,false)
(0.045491,0.000000,1,false)
(0.059446,0.000000,1,false)
(0.029533,0.000000,1,false)
(0.023864,0.000000,1,false)
(0.042765,0.000000,1,false)
(0.093759,0.000000,1,false)
(0.017573,0.000000,1,false)
(0.069819,0.000000,1,false)
(0.075598,0.000000,1,false)
(0.024611,0.000000,1,false)
(0.003096,0.000000,1,false)
(0.002116,0.000000,1,false)
(0.085153,0.000000,1,false)
(0.002713,0.000000,1,false)
(0.099248,0.000000,1,false)
(0.016385,0.000000,1,false)
(0.000223,0.000000,1,false)
(0.031622,0.000000,1,false)
(0.027652,0.000000,1,false)
(0.008415,0.000000,1,false)
(0.027020,0.000000,1,false)
(0.006038,0.000000,1,false)
(0.075184,0.000000,1,false)
(0.040150,0.000000,1,false)
(0.023140,0.000000,1,false)
(0.069905,0.000000,1,false)
(0.032739,0.000000,1,false)
(0.090117,0.000000,1,false)
(0.064337,0.000000,1,false)
(0.002396,0.000000,1,false)
(0.027589,0.000000,1,false)
(0.034082,0.000000,1,false)
(0.003840,0.000000,1,false)
(0.056733,0.000000,1,false)
(0.084877,0.000000,1,false)
(0.063979,0.000000,1,false)
(0.005715,0.000000,1,false)
(0.009346,0.000000,1,false)
(0.018329,0.000000,1,false)
(0.080957,0.000000,1,false)
(0.006114,0.000000,1,false)
(0.024984,0.000000,1,false)
(0.055450,0.000000,1,false)
(0.091855,0.000000,1,false)
(0.019241,0.000000,1,false)
(0.007193,0.000000,1,false)
(0.048274,0.000000,1,false)
(0.097506,0.000000,1,false)
(0.058494,0.000000,1,false)
(0.082946,0.000000,1,false)
(0.007153,0.000000,1,false)
(0.085969,0.000000,1,false)
(0.087468,0.000000,1,false)
(0.065240,0.000000,1,false)
(0.022131,0.000000,1,false)
(0.034116,0.000000,1,false)
(0.050362,0.000000,1,false)
(0.048129,0.000000,1,false)
(0.004116,0.000000,1,false)
(0.076971,0.000000,1,false)
(0.056854,0.000000,1,false)
(0.014899,0.000000,1,false)
(0.086370,0.000000,1,false)
(0.025776,0.000000,1,false)
(0.012560,0.000000,1,false)
(0.082037,0.000000,1,false)
(0.075764,0.000000,1,false)
(0.002953,0.000000,1,false)
(0.093006,0.000000,1,false)
(0.059110,0.000000,1,false)
(0.032790,0.000000,1,false)
(0.014983,0.000000,1,false)
(0.056338,0.000000,1,false)
(0.077852,0.000000,1,false)
(0.089498,0.000000,1,false)
(0.002665,0.000000,1,false)
(0.078033,0.000000,1,false)
(0.032524,0.000000,1,false)
(0.085332,0.000000,1,false)
(0.092306,0.000000,1,false)
(0.069457,0.000000,1,false)
(0.077977,0.000000,1,false)
(0.012270,0.000000,1,false)
(0.021103,0.000000,1,false)
(0.011359,0.000000,1,false)
(0.051905,0.000000,1,false)
(0.012694,0.000000,1,false)
(0.025302,0.000000,1,false)
(0.093281,0.000000,1,false)
(0.023400,0.000000,1,false)
(0.066141,0.000000,1,false)
(0.060685,0.000000,1,false)
(0.000299,0.000000,1,false)
(0.021189,0.000000,1,false)
(0.034340,0.000000,1,false)
(0.071507,0.000000,1,false)
(0.029684,0.000000,1,false)
(0.061833,0.000000,1,false)
(0.007887,0.000000,1,false)
(0.036225,0.000000,1,false)
(0.051755,0.000000,1,false)
(0.080687,0.000000,1,false)
(0.012477,0.000000,1,false)
(0.096186,0.000000,1,false)
(0.051603,0.000000,1,false)
(0.066567,0.000000,1,false)
(0.087738,0.000000,1,false)
(0.016891,0.000000,1,false)
(0.001330,0.000000,1,false)
(0.014837,0.000000,1,false)
(0.047580,0.000000,1,false)
(0.040555,0.000000,1,false)
(0.016057,0.000000,1,false)
(0.043010,0.000000,1,false)
(0.067330,0.000000,1,false)
(0.063363,0.000000,1,false)
(0.041216,0.000000,1,false)
(0.058010,0.000000,1,false)
(0.020035,0.000000,1,false)
(0.011178,0.000000,1,false)
(0.996526,1.000000,0,true)
(0.975149,1.000000,0,true)
(0.998059,1.000000,0,true)
(0.906603,1.000000,0,true)
(0.966839,1.000000,0,true)
(0.937221,1.000000,0,false)
(0.954508,1.000000,0,false)
(0.913759,1.000000,0,false)
(0.967858,1.000000,0,false)
(0.913189,1.000000,0,false)
(0.982900,1.000000,0,false)
(0.966020,1.000000,0,false)
(0.982138,1.000000,0,false)
(0.979869,1.000000,0,false)
(0.963506,1.000000,0,false)
(0.940602,1.000000,0,false)
(0.978386,1.000000,0,false)
(0.974072,1.000000,0,false)
(0.965368,1.000000,0,false)
(0.956700,1.000000,0,false)
(0.942908,1.000000,0,false)
(0.953934,1.000000,0,false)
(0.912038,1.000000,0,false)
(0.933092,1.000000,0,false)
(0.996099,1.000000,0,false)
(0.911669,1.000000,0,false)
(0.971766,1.000000,0,false)
(0.989278,1.000000,0,false)
(0.930085,1.000000,0,false)
(0.925959,1.000000,0,false)
(0.970872,1.000000,0,false)
(0.931247,1.000000,0,false)
(0.993721,1.000000,0,false)
(0.956541,1.000000,0,false)
(0.986356,1.000000,0,false)
(0.932025,1.000000,0,false)
(0.950712,1.000000,0,false)
(0.982306,1.000000,0,false)
(0.990533,1.000000,0,false)
(0.920552,1.000000,0,false)
(0.945468,1.000000,0,false)
(0.967324,1.000000,0,false)
(0.996503,1.000000,0,false)
(0.930244,1.000000,0,false)
(0.929594,1.000000,0,false)
(0.906664,1.000000,0,false)
(0.988764,1.000000,0,false)
(0.930761,1.000000,0,false)
(0.929534,1.000000,0,false)
(0.955772,1.000000,0,false)
(0.918067,1.000000,0,false)
(0.973046,1.000000,0,false)
(0.972908,1.000000,0,false)
(0.983374,1.000000,0,false)
(0.993824,1.000000,0,false)
(0.918603,1.000000,0,false)
(0.937479,1.000000,0,false)
(0.908486,1.000000,0,false)
(0.920961,1.000000,0,false)
(0.999310,1.000000,0,false)
(0.942415,1.000000,0,false)
(0.987092,1.000000,0,false)
(0.901035,1.000000,0,false)
(0.963687,1.000000,0,false)
(0.966694,1.000000,0,false)
(0.903401,1.000000,0,false)
(0.949790,1.000000,0,false)
(0.909614,1.000000,0,false)
(0.953966,1.000000,0,false)
(0.994345,1.000000,0,false)
(0.974996,1.000000,0,false)
(0.981908,1.000000,0,false)
(0.947111,1.000000,0,false)
(0.994052,1.000000,0,false)
(0.909504,1.000000,0,false)
(0.925937,1.000000,0,false)
(0.988963,1.000000,0,false)
(0.927535,1.000000,0,false)
(0.904904,1.000000,0,false)
(0.935652,1.000000,0,false)
(0.928332,1.000000,0,false)
(0.909690,1.000000,0,false)
(0.960981,1.000000,0,false)
(0.915934,1.000000,0,false)
(0.982449,1.000000,0,false)
(0.916915,1.000000,0,false)
(0.995380,1.000000,0,false)
(0.995084,1.000000,0,false)
(0.928352,1.000000,0,false)
(0.994275,1.000000,0,false)
(0.946455,1.000000,0,false)
(0.973574,1.000000,0,false)
(0.926501,1.000000,0,false)
(0.941119,1.000000,0,false)
(0.950233,1.000000,0,false)
(0.979838,1.000000,0,false)
(0.920036,1.000000,0,false)
(0.982408,1.000000,0,false)
(0.939730,1.000000,0,false)
(0.922944,1.000000,0,false)
(0.902598,1.000000,0,false)
(0.981752,1.000000,0,false)
(0.981596,1.000000,0,false)
(0.985382,1.000000,0,false)
(0.906543,1.000000,0,false)
(0.985236,1.000000,0,false)
(0.991081,1.000000,0,false)
(0.987010,1.000000,0,false)
(0.931625,1.000000,0,false)
(0.902627,1.000000,0,false)
(0.951829,1.000000,0,false)
(0.973373,1.000000,0,false)
(0.911843,1.000000,0,false)
(0.934387,1.000000,0,false)
(0.911773,1.000000,0,false)
(0.938133,1.000000,0,false)
(0.905209,1.000000,0,false)
(0.939158,1.000000,0,false)
(0.930639,1.000000,0,false)
(0.980289,1.000000,0,false)

(0,0,false)
(1,0,false)
(5,0,false)
(6,0,false)
(8,0,false)
(9,0,false)
(10,0,false)
(13,0,false)
(14,0,false)
(15,0,false)
(16,0,false)
(17,0,false)
(18,0,false)
(20,0,false)
(21,0,false)
(22,0,false)
(23,0,false)
(24,0,false)
(25,0,false)
(27,0,false)
(28,0,false)
(29,0,false)
(30,0,false)
(31,0,false)
(33,0,false)
(34,0,false)
(36,0,false)
(37,0,false)
(38,0,false)
(39,0,true)
(40,0,false)
(41,0,false)
(42,0,false)
(43,0,false)
(44,0,false)
(45,0,false)
(46,0,false)
(47,0,false)
(48,0,false)
(49,0,false)
(50,0,false)
(51,0,false)
(53,0,false)
(55,0,false)
(56,0,false)
(57,0,false)
(59,0,false)
(60,0,false)
(61,0,false)
(62,0,false)
(63,0,false)
(64,0,false)
(66,0,false)
(67,0,false)
(68,0,true)
(69,0,false)
(70,0,false)
(71,0,false)
(72,0,false)
(74,0,false)
(75,0,false)
(76,0,false)
(78,0,false)
(79,0,false)
(82,0,false)
(83,0,false)
(84,0,false)
(85,0,false)
(86,0,false)
(87,0,false)
(88,0,false)
(91,0,false)
(92,0,false)
(93,0,false)
(94,0,true)
(95,0,false)
(96,0,false)
(97,0,false)
(99,0,false)
(100,0,false)
(101,0,false)
(102,0,false)
(103,0,false)
(104,0,false)
(105,0,false)
(107,0,false)
(108,0,false)
(109,0,false)
(110,0,false)
(111,0,true)
(113,0,false)
(114,0,false)
(115,0,false)
(117,0,false)
(119,0,true)
(121,0,false)
(124,0,false)
(125,0,false)
(126,0,false)
(127,0,false)
(128,0,true)
(129,0,false)
(130,0,false)
(131,0,false)
(132,0,false)
(133,0,false)
(134,0,false)
(135,0,false)
(136,0,false)
(137,0,false)
(138,0,false)
(139,0,false)
(140,0,false)
(141,0,false)
(143,0,false)
(144,0,false)
(145,0,false)
(146,0,false)
(147,0,false)
(148,0,true)
(149,0,false)
(150,0,false)
(151,0,false)
(152,0,false)
(153,0,false)
(155,0,false)
(157,0,false)
(159,0,false)
(160,0,false)
(162,0,false)
(163,0,false)
(164,0,false)
(165,0,false)
(166,0,false)
(167,0,false)
(168,0,false)
(169,0,false)
(170,0,false)
(171,0,false)
(172,0,false)
(173,0,false)
(174,0,false)
(175,0,false)
(176,0,false)
(178,0,false)
(179,0,false)
(180,0,true)
(181,0,true)
(183,0,true)
(184,0,true)
(185,0,true)
(186,0,true)
(190,0,true)
(191,0,true)
(192,0,true)
(193,0,true)
(194,0,true)
(195,0,true)
(196,0,true)
(198,0,true)
(199,0,true)
(200,0,true)
(201,0,true)
(202,0,true)
(204,0,true)
(205,0,true)
(206,0,true)
(207,0,true)
(208,0,true)
(209,0,true)
(210,0,true)
(213,0,true)
(214,0,true)
(215,0,true)
(219,0,true)
(220,0,true)
(222,0,true)
(223,0,true)
(224,0,true)
(225,0,true)
(227,0,true)
(228,0,true)
(229,0,true)
(230,0,false)
(231,0,true)
(234,0,true)
(235,0,true)
(237,0,true)
(238,0,true)
(243,0,true)
(244,0,true)
(245,0,false)
(246,0,true)
(247,0,true)
(248,0,true)
(249,0,true)
(250,0,true)
(252,0,true)
(253,0,true)
(254,0,true)
(255,0,true)
(256,0,true)
(257,0,true)
(258,0,true)
(259,0,true)
(261,0,true)
(262,0,true)
(263,0,true)
(264,0,true)
(265,0,false)
(267,0,true)
(268,0,true)
(269,0,true)
(270,0,true)
(271,0,true)
(272,0,true)
(273,0,true)
(274,0,true)
(275,0,true)
(276,0,true)
(277,0,true)
(279,0,true)
(280,0,true)
(281,0,true)
(283,0,true)
(284,0,true)
(285,0,true)
(287,0,true)
(288,0,true)
(289,0,true)
(290,0,true)
(291,0,true)
(292,0,true)
(293,0,true)
(294,0,true)
(295,0,false)
(296,0,true)
(298,0,true)
(299,0,true)
(1,1,false)
(2,1,false)
(6,1,false)
(8,1,false)
(10,1,true)
(11,1,false)
(13,1,false)
(15,1,false)
(16,1,false)
(19,1,false)
(20,1,false)
(22,1,false)
(23,1,false)
(24,1,false)
(26,1,false)
(27,1,false)
(29,1,false)
(30,1,false)
(31,1,false)
(32,1,false)
(33,1,false)
(34,1,false)
(36,1,false)
(37,1,false)
(38,1,false)
(40,1,false)
(41,1,false)
(42,1,false)
(43,1,false)
(44,1,false)
(46,1,false)
(47,1,false)
(48,1,false)
(49,1,false)
(52,1,false)
(53,1,false)
(55,1,false)
(56,1,false)
(57,1,false)
(58,1,false)
(60,1,false)
(62,1,false)
(63,1,false)
(64,1,false)
(66,1,false)
(68,1,false)
(70,1,false)
(74,1,false)
(77,1,false)
(78,1,false)
(79,1,false)
(80,1,false)
(81,1,false)
(82,1,false)
(83,1,false)
(85,1,false)
(86,1,false)
(92,1,false)
(95,1,false)
(96,1,false)
(97,1,false)
(98,1,false)
(99,1,false)
(101,1,false)
(102,1,false)
(103,1,false)
(104,1,false)
(105,1,false)
(106,1,false)
(107,1,false)
(109,1,false)
(110,1,false)
(111,1,false)
(112,1,false)
(113,1,true)
(117,1,false)
(119,1,false)
(120,1,false)
(121,1,false)
(123,1,false)
(124,1,false)
(129,1,false)
(131,1,false)
(132,1,false)
(133,1,false)
(134,1,false)
(136,1,false)
(137,1,false)
(138,1,false)
(139,1,false)
(140,1,true)
(143,1,false)
(145,1,false)
(149,1,false)
(150,1,false)
(151,1,true)
(152,1,false)
(157,1,false)
(159,1,false)
(160,1,false)
(161,1,true)
(163,1,false)
(165,1,false)
(166,1,false)
(167,1,false)
(168,1,false)
(171,1,false)
(175,1,false)
(176,1,false)
(177,1,false)
(181,1,true)
(182,1,true)
(183,1,true)
(184,1,true)
(186,1,true)
(187,1,true)
(188,1,true)
(190,1,true)
(191,1,true)
(193,1,true)
(194,1,true)
(195,1,true)
(196,1,true)
(198,1,true)
(199,1,true)
(200,1,true)
(202,1,true)
(204,1,true)
(206,1,true)
(208,1,true)
(209,1,true)
(210,1,true)
(211,1,true)
(212,1,true)
(214,1,true)
(216,1,true)
(217,1,true)
(219,1,true)
(222,1,true)
(223,1,true)
(224,1,true)
(227,1,true)
(228,1,true)
(229,1,true)
(230,1,true)
(231,1,true)
(232,1,true)
(233,1,true)
(234,1,true)
(236,1,true)
(238,1,true)
(239,1,true)
(240,1,true)
(241,1,true)
(242,1,true)
(243,1,true)
(245,1,true)
(246,1,true)
(247,1,true)
(249,1,true)
(250,1,true)
(251,1,true)
(252,1,true)
(253,1,true)
(257,1,true)
(259,1,true)
(260,1,true)
(261,1,true)
(262,1,true)
(263,1,true)
(264,1,true)
(267,1,true)
(268,1,true)
(269,1,true)
(270,1,true)
(271,1,true)
(273,1,true)
(274,1,true)
(275,1,true)
(278,1,true)
(279,1,true)
(281,1,true)
(286,1,true)
(287,1,true)
(289,1,true)
(290,1,true)
(291,1,true)
(294,1,true)
(297,1,true)
(298,1,true)
(1,2,true)
(2,2,false)
(3,2,false)
(5,2,false)
(9,2,false)
(11,2,false)
(13,2,false)
(17,2,false)
(18,2,false)
(19,2,false)
(20,2,false)
(22,2,false)
(23,2,false)
(26,2,false)
(27,2,false)
(28,2,false)
(30,2,false)
(31,2,false)
(32,2,false)
(34,2,false)
(36,2,false)
(39,2,false)
(40,2,false)
(41,2,false)
(43,2,false)
(47,2,false)
(48,2,false)
(49,2,false)
(50,2,false)
(51,2,false)
(55,2,false)
(56,2,false)
(57,2,false)
(58,2,false)
(59,2,false)
(60,2,false)
(63,2,false)
(64,2,false)
(70,2,false)
(75,2,false)
(76,2,false)
(79,2,false)
(83,2,false)
(84,2,false)
(86,2,false)
(89,2,false)
(92,2,false)
(93,2,false)
(94,2,false)
(96,2,false)
(98,2,false)
(102,2,false)
(103,2,false)
(104,2,false)
(105,2,false)
(107,2,false)
(108,2,false)
(111,2,false)
(112,2,false)
(114,2,false)
(116,2,false)
(117,2,false)
(120,2,false)
(122,2,false)
(123,2,false)
(124,2,false)
(126,2,false)
(127,2,false)
(128,2,false)
(129,2,false)
(134,2,false)
(137,2,false)
(138,2,false)
(139,2,false)
(140,2,false)
(143,2,false)
(146,2,false)
(147,2,false)
(148,2,false)
(149,2,false)
(150,2,false)
(152,2,false)
(154,2,false)
(155,2,false)
(156,2,false)
(157,2,false)
(158,2,false)
(160,2,false)
(161,2,false)
(162,2,false)
(167,2,false)
(169,2,false)
(170,2,false)
(171,2,true)
(173,2,false)
(174,2,false)
(175,2,false)
(177,2,false)
(178,2,false)
(179,2,false)
(180,2,true)
(181,2,true)
(182,2,true)
(183,2,true)
(184,2,true)
(187,2,true)
(192,2,true)
(193,2,true)
(194,2,true)
(196,2,true)
(197,2,true)
(198,2,true)
(199,2,true)
(204,2,true)
(208,2,true)
(209,2,true)
(210,2,true)
(213,2,true)
(214,2,true)
(215,2,true)
(216,2,true)
(222,2,true)
(223,2,true)
(224,2,true)
(227,2,true)
(228,2,false)
(229,2,true)
(230,2,true)
(232,2,true)
(233,2,true)
(234,2,true)
(235,2,true)
(236,2,true)
(237,2,true)
(238,2,true)
(239,2,true)
(240,2,true)
(241,2,true)
(250,2,true)
(251,2,true)
(253,2,true)
(257,2,true)
(261,2,true)
(262,2,false)
(263,2,true)
(264,2,true)
(265,2,true)
(266,2,true)
(267,2,true)
(268,2,true)
(270,2,true)
(272,2,false)
(273,2,true)
(276,2,true)
(277,2,true)
(278,2,true)
(279,2,false)
(281,2,true)
(283,2,true)
(284,2,true)
(288,2,true)
(289,2,true)
(290,2,true)
(291,2,true)
(293,2,true)
(295,2,true)
(296,2,true)
(297,2,false)
(299,2,true)
(4,3,false)
(6,3,false)
(7,3,false)
(8,3,false)
(9,3,false)
(10,3,false)
(11,3,false)
(12,3,false)
(14,3,false)
(16,3,false)
(18,3,true)
(19,3,false)
(22,3,false)
(23,3,false)
(27,3,false)
(30,3,false)
(32,3,false)
(34,3,true)
(36,3,false)
(37,3,false)
(38,3,false)
(39,3,false)
(42,3,false)
(43,3,false)
(44,3,false)
(45,3,false)
(52,3,false)
(53,3,false)
(57,3,false)
(58,3,false)
(59,3,false)
(60,3,false)
(62,3,false)
(64,3,false)
(66,3,false)
(68,3,false)
(71,3,false)
(72,3,true)
(76,3,false)
(79,3,false)
(81,3,false)
(83,3,false)
(84,3,false)
(86,3,false)
(87,3,false)
(88,3,false)
(89,3,false)
(90,3,false)
(91,3,false)
(94,3,false)
(95,3,false)
(98,3,false)
(100,3,false)
(101,3,false)
(102,3,false)
(103,3,true)
(104,3,false)
(107,3,false)
(108,3,false)
(109,3,false)
(114,3,false)
(116,3,false)
(118,3,false)
(119,3,false)
(120,3,false)
(122,3,false)
(123,3,false)
(124,3,false)
(125,3,false)
(126,3,false)
(130,3,false)
(136,3,false)
(137,3,false)
(138,3,false)
(139,3,false)
(140,3,false)
(142,3,false)
(146,3,false)
(147,3,false)
(148,3,false)
(151,3,false)
(152,3,false)
(153,3,false)
(154,3,false)
(157,3,false)
(159,3,false)
(161,3,false)
(164,3,true)
(165,3,false)
(168,3,false)
(169,3,false)
(173,3,false)
(177,3,false)
(178,3,false)
(179,3,false)
(181,3,true)
(183,3,true)
(186,3,true)
(187,3,true)
(188,3,true)
(192,3,true)
(193,3,true)
(194,3,true)
(195,3,true)
(200,3,true)
(202,3,true)
(206,3,true)
(207,3,true)
(208,3,true)
(211,3,true)
(214,3,true)
(215,3,true)
(216,3,false)
(217,3,true)
(220,3,true)
(221,3,true)
(224,3,true)
(225,3,true)
(231,3,true)
(235,3,true)
(236,3,true)
(237,3,false)
(238,3,true)
(245,3,true)
(249,3,true)
(250,3,true)
(251,3,true)
(252,3,true)
(253,3,true)
(254,3,true)
(255,3,true)
(256,3,true)
(257,3,false)
(258,3,true)
(259,3,true)
(264,3,true)
(267,3,true)
(268,3,true)
(270,3,false)
(271,3,true)
(272,3,true)
(273,3,true)
(275,3,true)
(276,3,true)
(277,3,true)
(278,3,true)
(279,3,true)
(280,3,true)
(282,3,true)
(284,3,true)
(287,3,true)
(289,3,true)
(291,3,true)
(293,3,true)
(294,3,false)
(298,3,true)
(299,3,true)
(0,4,false)
(2,4,false)
(3,4,false)
(7,4,false)
(9,4,false)
(11,4,false)
(13,4,false)
(14,4,false)
(15,4,false)
(16,4,false)
(19,4,false)
(20,4,false)
(22,4,false)
(24,4,false)
(25,4,false)
(27,4,false)
(28,4,false)
(31,4,false)
(33,4,false)
(34,4,false)
(36,4,false)
(38,4,false)
(39,4,false)
(40,4,false)
(42,4,false)
(44,4,true)
(45,4,false)
(47,4,true)
(51,4,false)
(52,4,false)
(53,4,false)
(64,4,false)
(70,4,false)
(72,4,false)
(74,4,false)
(75,4,false)
(78,4,false)
(79,4,false)
(81,4,false)
(83,4,false)
(84,4,false)
(87,4,false)
(90,4,false)
(98,4,false)
(100,4,false)
(101,4,false)
(103,4,false)
(105,4,false)
(106,4,false)
(108,4,false)
(110,4,false)
(112,4,false)
(113,4,false)
(115,4,false)
(116,4,false)
(117,4,false)
(118,4,false)
(120,4,false)
(121,4,false)
(122,4,false)
(123,4,false)
(125,4,false)
(126,4,false)
(127,4,false)
(128,4,false)
(129,4,false)
(130,4,true)
(134,4,false)
(139,4,false)
(143,4,false)
(144,4,false)
(147,4,false)
(151,4,false)
(153,4,false)
(157,4,false)
(161,4,true)
(166,4,true)
(167,4,false)
(170,4,false)
(171,4,false)
(172,4,false)
(174,4,false)
(176,4,false)
(177,4,false)
(178,4,false)
(179,4,false)
(180,4,true)
(181,4,true)
(184,4,true)
(185,4,true)
(188,4,true)
(190,4,true)
(192,4,true)
(196,4,true)
(198,4,true)
(199,4,true)
(200,4,true)
(202,4,true)
(203,4,false)
(205,4,true)
(208,4,false)
(209,4,true)
(211,4,true)
(219,4,true)
(220,4,true)
(221,4,true)
(222,4,true)
(223,4,false)
(224,4,true)
(225,4,true)
(227,4,false)
(231,4,true)
(232,4,true)
(234,4,true)
(236,4,true)
(237,4,true)
(238,4,true)
(239,4,true)
(240,4,true)
(241,4,true)
(243,4,true)
(244,4,true)
(245,4,false)
(246,4,false)
(247,4,true)
(251,4,true)
(253,4,true)
(254,4,true)
(256,4,true)
(257,4,true)
(259,4,true)
(262,4,true)
(265,4,true)
(267,4,true)
(272,4,true)
(275,4,true)
(280,4,true)
(281,4,true)
(282,4,true)
(284,4,true)
(285,4,true)
(286,4,true)
(287,4,true)
(288,4,true)
(289,4,true)
(292,4,true)
(294,4,true)
(295,4,true)
(296,4,true)
(297,4,true)
(298,4,true)
(0,5,false)
(1,5,true)
(3,5,false)
(4,5,false)
(5,5,false)
(7,5,false)
(12,5,false)
(14,5,false)
(15,5,false)
(17,5,false)
(22,5,false)
(24,5,false)
(25,5,false)
(27,5,false)
(28,5,false)
(29,5,false)
(33,5,false)
(35,5,false)
(36,5,false)
(38,5,false)
(39,5,false)
(40,5,false)
(41,5,false)
(42,5,false)
(43,5,false)
(47,5,false)
(50,5,false)
(51,5,false)
(58,5,false)
(59,5,false)
(62,5,false)
(63,5,false)
(64,5,false)
(65,5,false)
(67,5,false)
(69,5,false)
(74,5,false)
(79,5,false)
(81,5,false)
(82,5,false)
(84,5,false)
(86,5,false)
(87,5,false)
(88,5,false)
(89,5,false)
(92,5,false)
(93,5,false)
(94,5,true)
(95,5,false)
(96,5,false)
(97,5,false)
(98,5,false)
(99,5,false)
(102,5,false)
(104,5,false)
(105,5,false)
(106,5,false)
(108,5,false)
(110,5,false)
(111,5,false)
(112,5,true)
(117,5,false)
(121,5,false)
(124,5,false)
(125,5,false)
(128,5,false)
(130,5,false)
(131,5,false)
(132,5,false)
(134,5,false)
(136,5,false)
(137,5,false)
(138,5,false)
(140,5,false)
(145,5,false)
(146,5,false)
(151,5,false)
(152,5,false)
(153,5,false)
(158,5,false)
(159,5,false)
(161,5,false)
(163,5,false)
(164,5,false)
(172,5,false)
(176,5,false)
(179,5,false)
(180,5,true)
(181,5,true)
(184,5,true)
(187,5,true)
(189,5,true)
(191,5,true)
(192,5,true)
(194,5,true)
(196,5,true)
(197,5,true)
(198,5,true)
(200,5,true)
(204,5,true)
(205,5,true)
(206,5,true)
(207,5,true)
(208,5,true)
(209,5,true)
(213,5,true)
(214,5,true)
(220,5,true)
(227,5,true)
(229,5,true)
(231,5,true)
(234,5,true)
(235,5,false)
(236,5,true)
(237,5,true)
(240,5,true)
(242,5,false)
(245,5,true)
(246,5,true)
(248,5,true)
(250,5,true)
(251,5,true)
(252,5,true)
(258,5,true)
(259,5,true)
(260,5,true)
(261,5,true)
(263,5,true)
(266,5,true)
(267,5,true)
(269,5,true)
(270,5,true)
(271,5,true)
(276,5,true)
(277,5,true)
(279,5,true)
(280,5,true)
(281,5,true)
(284,5,true)
(288,5,true)
(289,5,true)
(290,5,true)
(291,5,true)
(296,5,true)
(298,5,true)
(4,6,false)
(5,6,false)
(6,6,false)
(7,6,false)
(11,6,false)
(15,6,false)
(20,6,false)
(21,6,true)
(22,6,false)
(23,6,false)
(26,6,false)
(29,6,false)
(32,6,false)
(34,6,false)
(37,6,true)
(38,6,false)
(41,6,false)
(44,6,false)
(45,6,false)
(48,6,false)
(49,6,false)
(51,6,false)
(53,6,false)
(54,6,false)
(56,6,false)
(59,6,false)
(61,6,false)
(65,6,false)
(66,6,false)
(68,6,false)
(72,6,false)
(74,6,false)
(75,6,false)
(77,6,false)
(79,6,false)
(81,6,false)
(82,6,false)
(84,6,false)
(85,6,false)
(86,6,false)
(87,6,false)
(88,6,false)
(92,6,false)
(93,6,true)
(96,6,false)
(97,6,false)
(100,6,false)
(105,6,false)
(106,6,false)
(109,6,false)
(112,6,false)
(113,6,false)
(114,6,false)
(115,6,false)
(119,6,false)
(121,6,false)
(122,6,false)
(125,6,false)
(126,6,false)
(128,6,false)
(129,6,false)
(130,6,false)
(135,6,false)
(139,6,false)
(141,6,false)
(142,6,false)
(148,6,false)
(149,6,false)
(150,6,false)
(152,6,false)
(153,6,false)
(155,6,false)
(159,6,false)
(166,6,false)
(167,6,false)
(169,6,false)
(170,6,false)
(171,6,true)
(173,6,false)
(175,6,true)
(180,6,true)
(182,6,true)
(183,6,true)
(185,6,true)
(186,6,true)
(191,6,true)
(192,6,true)
(194,6,true)
(195,6,true)
(196,6,true)
(197,6,true)
(199,6,true)
(201,6,true)
(202,6,true)
(203,6,false)
(204,6,true)
(206,6,true)
(213,6,true)
(216,6,true)
(221,6,true)
(222,6,true)
(223,6,true)
(225,6,true)
(231,6,true)
(232,6,true)
(233,6,true)
(241,6,true)
(242,6,true)
(246,6,true)
(248,6,true)
(251,6,true)
(252,6,true)
(253,6,true)
(257,6,true)
(260,6,true)
(261,6,true)
(267,6,true)
(268,6,true)
(269,6,true)
(275,6,true)
(276,6,true)
(277,6,true)
(288,6,false)
(290,6,true)
(291,6,false)
(292,6,true)
(297,6,true)
(1,7,false)
(4,7,false)
(5,7,false)
(6,7,false)
(8,7,false)
(10,7,false)
(11,7,false)
(12,7,false)
(16,7,false)
(17,7,false)
(22,7,false)
(23,7,false)
(25,7,false)
(27,7,false)
(30,7,false)
(31,7,false)
(32,7,false)
(36,7,false)
(38,7,false)
(41,7,false)
(43,7,false)
(44,7,false)
(46,7,true)
(47,7,false)
(49,7,false)
(55,7,false)
(56,7,false)
(60,7,false)
(61,7,false)
(62,7,false)
(67,7,false)
(68,7,false)
(69,7,false)
(70,7,false)
(72,7,false)
(73,7,false)
(75,7,false)
(77,7,false)
(79,7,false)
(80,7,false)
(82,7,false)
(84,7,false)
(86,7,false)
(87,7,false)
(89,7,false)
(90,7,false)
(91,7,false)
(97,7,false)
(99,7,false)
(102,7,false)
(103,7,false)
(107,7,false)
(108,7,false)
(109,7,false)
(110,7,false)
(111,7,false)
(114,7,false)
(116,7,false)
(117,7,false)
(118,7,false)
(119,7,false)
(120,7,false)
(122,7,false)
(126,7,true)
(129,7,false)
(136,7,true)
(138,7,false)
(139,7,false)
(143,7,false)
(145,7,false)
(147,7,false)
(148,7,false)
(150,7,false)
(151,7,false)
(156,7,false)
(157,7,false)
(160,7,false)
(161,7,false)
(168,7,false)
(169,7,false)
(170,7,false)
(171,7,true)
(173,7,false)
(174,7,false)
(176,7,false)
(177,7,false)
(178,7,false)
(181,7,true)
(187,7,true)
(189,7,true)
(190,7,true)
(192,7,true)
(194,7,true)
(195,7,true)
(196,7,true)
(197,7,true)
(198,7,true)
(201,7,true)
(203,7,true)
(204,7,true)
(206,7,true)
(210,7,true)
(214,7,true)
(220,7,true)
(224,7,true)
(225,7,false)
(229,7,true)
(231,7,true)
(234,7,true)
(237,7,true)
(238,7,true)
(239,7,true)
(241,7,true)
(246,7,true)
(251,7,true)
(252,7,true)
(254,7,true)
(255,7,true)
(259,7,true)
(263,7,true)
(265,7,true)
(266,7,true)
(268,7,true)
(271,7,true)
(272,7,true)
(277,7,true)
(278,7,true)
(279,7,true)
(284,7,true)
(285,7,true)
(288,7,true)
(291,7,true)
(292,7,true)
(293,7,false)
(294,7,true)
(296,7,true)
(297,7,true)
(298,7,true)
(4,8,false)
(9,8,false)
(20,8,false)
(21,8,false)
(22,8,false)
(23,8,false)
(24,8,false)
(26,8,false)
(30,8,false)
(31,8,false)
(34,8,false)
(35,8,false)
(36,8,false)
(38,8,false)
(43,8,true)
(44,8,false)
(48,8,false)
(49,8,false)
(54,8,false)
(55,8,false)
(56,8,true)
(57,8,false)
(58,8,false)
(60,8,false)
(61,8,false)
(62,8,false)
(66,8,false)
(67,8,false)
(68,8,false)
(69,8,false)
(74,8,true)
(79,8,false)
(81,8,false)
(84,8,false)
(85,8,false)
(87,8,false)
(88,8,false)
(92,8,false)
(94,8,false)
(96,8,false)
(99,8,true)
(100,8,false)
(102,8,false)
(104,8,false)
(108,8,false)
(109,8,false)
(110,8,false)
(111,8,false)
(113,8,false)
(114,8,false)
(115,8,false)
(121,8,false)
(125,8,false)
(130,8,false)
(131,8,false)
(132,8,false)
(134,8,false)
(135,8,false)
(137,8,false)
(139,8,false)
(141,8,false)
(142,8,false)
(144,8,false)
(145,8,false)
(146,8,false)
(148,8,false)
(151,8,false)
(154,8,false)
(164,8,false)
(165,8,false)
(166,8,false)
(170,8,true)
(171,8,false)
(172,8,false)
(174,8,false)
(182,8,true)
(183,8,true)
(184,8,true)
(186,8,true)
(189,8,true)
(190,8,true)
(195,8,true)
(199,8,true)
(200,8,false)
(201,8,true)
(206,8,true)
(208,8,false)
(215,8,true)
(219,8,false)
(220,8,true)
(221,8,true)
(222,8,true)
(224,8,true)
(227,8,true)
(228,8,true)
(232,8,true)
(233,8,true)
(238,8,true)
(239,8,true)
(240,8,true)
(241,8,true)
(245,8,true)
(254,8,true)
(256,8,true)
(257,8,true)
(259,8,true)
(266,8,true)
(267,8,true)
(268,8,true)
(269,8,true)
(270,8,true)
(272,8,true)
(274,8,true)
(278,8,true)
(284,8,true)
(287,8,true)
(289,8,true)
(292,8,false)
(295,8,true)
(296,8,true)
(297,8,true)
(299,8,true)
(2,9,false)
(4,9,false)
(7,9,false)
(9,9,false)
(15,9,false)
(23,9,false)
(24,9,false)
(25,9,false)
(29,9,false)
(32,9,false)
(33,9,false)
(34,9,false)
(35,9,false)
(39,9,false)
(40,9,false)
(41,9,false)
(42,9,false)
(45,9,false)
(46,9,false)
(48,9,false)
(51,9,false)
(52,9,false)
(55,9,false)
(58,9,false)
(59,9,false)
(60,9,false)
(68,9,false)
(69,9,false)
(72,9,false)
(74,9,false)
(76,9,false)
(79,9,false)
(81,9,false)
(82,9,false)
(83,9,true)
(84,9,false)
(85,9,false)
(87,9,false)
(93,9,false)
(95,9,false)
(96,9,false)
(97,9,false)
(99,9,false)
(100,9,false)
(102,9,false)
(107,9,false)
(111,9,true)
(116,9,false)
(117,9,false)
(119,9,false)
(123,9,true)
(125,9,false)
(126,9,false)
(127,9,false)
(128,9,false)
(129,9,false)
(132,9,false)
(134,9,false)
(135,9,false)
(136,9,false)
(141,9,false)
(143,9,false)
(144,9,false)
(146,9,false)
(149,9,false)
(150,9,false)
(152,9,false)
(153,9,false)
(156,9,false)
(158,9,false)
(160,9,false)
(164,9,false)
(165,9,false)
(169,9,false)
(170,9,true)
(171,9,false)
(172,9,false)
(173,9,false)
(175,9,false)
(177,9,false)
(178,9,false)
(181,9,true)
(182,9,true)
(183,9,true)
(185,9,true)
(186,9,true)
(187,9,true)
(191,9,true)
(192,9,true)
(195,9,true)
(196,9,false)
(199,9,true)
(203,9,true)
(205,9,true)
(207,9,true)
(208,9,true)
(209,9,true)
(210,9,true)
(212,9,true)
(217,9,true)
(221,9,true)
(224,9,true)
(227,9,true)
(228,9,true)
(229,9,true)
(232,9,true)
(233,9,true)
(236,9,true)
(238,9,true)
(240,9,true)
(243,9,true)
(245,9,true)
(247,9,true)
(249,9,true)
(251,9,true)
(252,9,true)
(253,9,true)
(259,9,true)
(261,9,true)
(262,9,true)
(263,9,true)
(265,9,true)
(266,9,true)
(267,9,true)
(268,9,true)
(272,9,true)
(281,9,true)
(283,9,true)
(286,9,true)
(293,9,true)
(1,10,false)
(4,10,false)
(5,10,false)
(7,10,false)
(8,10,false)
(12,10,false)
(13,10,false)
(15,10,true)
(17,10,false)
(18,10,false)
(20,10,false)
(24,10,false)
(25,10,false)
(26,10,false)
(28,10,false)
(29,10,false)
(30,10,false)
(31,10,false)
(32,10,false)
(33,10,false)
(39,10,false)
(41,10,false)
(42,10,false)
(46,10,false)
(48,10,false)
(51,10,false)
(56,10,false)
(57,10,false)
(58,10,false)
(60,10,false)
(74,10,false)
(77,10,false)
(78,10,false)
(81,10,false)
(83,10,false)
(85,10,false)
(86,10,false)
(89,10,false)
(90,10,false)
(93,10,false)
(94,10,false)
(101,10,false)
(102,10,false)
(108,10,false)
(109,10,false)
(111,10,false)
(120,10,false)
(123,10,false)
(127,10,false)
(133,10,false)
(136,10,false)
(137,10,false)
(138,10,false)
(139,10,true)
(140,10,false)
(142,10,false)
(143,10,false)
(147,10,false)
(149,10,true)
(150,10,false)
(154,10,false)
(155,10,false)
(159,10,false)
(166,10,false)
(168,10,false)
(171,10,false)
(175,10,true)
(177,10,false)
(179,10,false)
(180,10,true)
(181,10,true)
(186,10,true)
(187,10,true)
(191,10,true)
(193,10,true)
(198,10,true)
(199,10,true)
(204,10,true)
(206,10,false)
(207,10,true)
(208,10,true)
(211,10,true)
(212,10,true)
(219,10,true)
(223,10,true)
(227,10,false)
(229,10,true)
(230,10,true)
(239,10,true)
(243,10,true)
(252,10,true)
(254,10,true)
(255,10,true)
(260,10,true)
(261,10,false)
(263,10,true)
(266,10,true)
(267,10,true)
(271,10,true)
(275,10,true)
(276,10,true)
(279,10,true)
(280,10,true)
(281,10,true)
(284,10,true)
(294,10,true)
(295,10,true)
(296,10,false)
(1,11,false)
(3,11,false)
(8,11,false)
(12,11,false)
(16,11,false)
(19,11,false)
(21,11,false)
(22,11,false)
(24,11,false)
(27,11,false)
(28,11,false)
(33,11,false)
(34,11,false)
(37,11,false)
(38,11,false)
(40,11,false)
(43,11,false)
(47,11,false)
(52,11,false)
(54,11,false)
(59,11,false)
(61,11,false)
(63,11,false)
(64,11,false)
(66,11,false)
(67,11,false)
(69,11,false)
(72,11,false)
(73,11,false)
(78,11,false)
(81,11,false)
(90,11,false)
(94,11,false)
(96,11,false)
(97,11,false)
(99,11,false)
(100,11,false)
(102,11,false)
(103,11,false)
(105,11,false)
(111,11,false)
(112,11,false)
(115,11,false)
(116,11,false)
(119,11,false)
(122,11,false)
(124,11,false)
(126,11,false)
(129,11,false)
(131,11,false)
(133,11,false)
(135,11,false)
(138,11,false)
(139,11,false)
(140,11,false)
(142,11,false)
(147,11,false)
(152,11,false)
(153,11,false)
(157,11,true)
(164,11,false)
(165,11,false)
(168,11,false)
(169,11,false)
(170,11,false)
(176,11,false)
(187,11,true)
(189,11,true)
(190,11,true)
(195,11,true)
(196,11,true)
(199,11,true)
(200,11,true)
(206,11,true)
(210,11,true)
(213,11,true)
(218,11,true)
(221,11,true)
(227,11,true)
(232,11,true)
(234,11,true)
(235,11,false)
(237,11,true)
(241,11,true)
(243,11,true)
(245,11,true)
(246,11,true)
(247,11,true)
(249,11,true)
(252,11,true)
(254,11,true)
(255,11,true)
(257,11,true)
(258,11,true)
(259,11,true)
(264,11,true)
(265,11,true)
(266,11,true)
(267,11,true)
(269,11,true)
(270,11,true)
(271,11,true)
(276,11,true)
(277,11,true)
(280,11,true)
(281,11,true)
(282,11,true)
(283,11,true)
(284,11,true)
(291,11,true)
(292,11,true)
(295,11,true)
(1,12,true)
(4,12,false)
(8,12,true)
(17,12,false)
(20,12,false)
(24,12,false)
(29,12,false)
(31,12,false)
(33,12,false)
(41,12,false)
(44,12,false)
(51,12,true)
(52,12,false)
(53,12,false)
(54,12,false)
(57,12,false)
(58,12,false)
(62,12,false)
(68,12,false)
(80,12,false)
(82,12,false)
(83,12,false)
(87,12,true)
(89,12,false)
(98,12,false)
(100,12,true)
(101,12,false)
(103,12,false)
(104,12,false)
(107,12,false)
(109,12,false)
(110,12,false)
(114,12,false)
(119,12,false)
(125,12,false)
(126,12,false)
(129,12,false)
(131,12,false)
(134,12,false)
(138,12,false)
(144,12,false)
(145,12,false)
(152,12,false)
(153,12,false)
(155,12,false)
(164,12,false)
(170,12,false)
(171,12,false)
(177,12,false)
(178,12,false)
(179,12,false)
(180,12,true)
(184,12,true)
(187,12,true)
(190,12,true)
(200,12,true)
(201,12,false)
(208,12,false)
(214,12,true)
(215,12,true)
(217,12,true)
(219,12,true)
(221,12,true)
(222,12,true)
(224,12,true)
(226,12,true)
(227,12,true)
(229,12,false)
(231,12,false)
(232,12,true)
(238,12,true)
(239,12,true)
(241,12,true)
(243,12,true)
(244,12,true)
(246,12,true)
(253,12,true)
(254,12,true)
(257,12,true)
(259,12,true)
(261,12,true)
(262,12,true)
(263,12,true)
(267,12,true)
(268,12,true)
(270,12,true)
(271,12,true)
(272,12,true)
(277,12,true)
(283,12,true)
(289,12,true)
(292,12,true)
(294,12,false)
(6,13,false)
(7,13,false)
(9,13,false)
(10,13,false)
(12,13,false)
(14,13,false)
(20,13,false)
(22,13,false)
(24,13,false)
(25,13,true)
(27,13,false)
(29,13,false)
(35,13,false)
(36,13,false)
(37,13,true)
(38,13,false)
(44,13,false)
(46,13,false)
(48,13,false)
(51,13,false)
(60,13,false)
(61,13,false)
(68,13,false)
(73,13,false)
(77,13,false)
(83,13,false)
(85,13,false)
(87,13,false)
(92,13,false)
(95,13,false)
(100,13,false)
(102,13,false)
(103,13,false)
(105,13,false)
(106,13,false)
(111,13,false)
(113,13,true)
(115,13,false)
(117,13,false)
(119,13,false)
(121,13,false)
(126,13,false)
(127,13,false)
(130,13,false)
(135,13,false)
(138,13,false)
(140,13,false)
(143,13,false)
(144,13,false)
(147,13,false)
(148,13,false)
(150,13,false)
(152,13,false)
(155,13,false)
(159,13,false)
(160,13,false)
(163,13,false)
(164,13,false)
(167,13,false)
(168,13,false)
(171,13,false)
(174,13,false)
(176,13,false)
(179,13,false)
(183,13,true)
(185,13,true)
(187,13,true)
(191,13,true)
(201,13,true)
(203,13,false)
(206,13,true)
(208,13,true)
(209,13,true)
(211,13,false)
(215,13,true)
(220,13,true)
(221,13,true)
(222,13,true)
(223,13,true)
(224,13,true)
(225,13,true)
(228,13,true)
(229,13,true)
(230,13,true)
(231,13,true)
(233,13,true)
(236,13,true)
(240,13,true)
(243,13,true)
(246,13,true)
(252,13,true)
(253,13,true)
(254,13,false)
(257,13,true)
(260,13,true)
(263,13,true)
(273,13,true)
(275,13,true)
(278,13,true)
(282,13,true)
(284,13,true)
(285,13,true)
(286,13,true)
(287,13,true)
(288,13,true)
(290,13,true)
(292,13,true)
(293,13,true)
(295,13,true)
(3,14,false)
(5,14,false)
(6,14,false)
(7,14,false)
(10,14,false)
(12,14,false)
(15,14,false)
(18,14,true)
(23,14,false)
(24,14,false)
(26,14,false)
(27,14,false)
(28,14,false)
(29,14,false)
(34,14,false)
(35,14,false)
(37,14,false)
(41,14,false)
(43,14,false)
(44,14,false)
(46,14,false)
(49,14,false)
(51,14,false)
(52,14,false)
(53,14,true)
(59,14,false)
(60,14,false)
(65,14,false)
(67,14,false)
(75,14,false)
(78,14,false)
(81,14,false)
(84,14,false)
(91,14,false)
(96,14,false)
(103,14,false)
(110,14,false)
(111,14,false)
(114,14,false)
(118,14,false)
(122,14,false)
(132,14,false)
(134,14,false)
(135,14,false)
(146,14,false)
(147,14,false)
(150,14,false)
(151,14,false)
(152,14,false)
(153,14,false)
(158,14,false)
(160,14,false)
(161,14,false)
(165,14,true)
(170,14,false)
(173,14,false)
(176,14,false)
(181,14,true)
(183,14,true)
(188,14,true)
(194,14,true)
(197,14,true)
(198,14,true)
(203,14,true)
(205,14,true)
(206,14,true)
(207,14,true)
(211,14,true)
(213,14,true)
(218,14,true)
(221,14,true)
(222,14,true)
(224,14,true)
(230,14,true)
(232,14,true)
(234,14,true)
(235,14,true)
(242,14,false)
(243,14,true)
(245,14,true)
(247,14,true)
(248,14,true)
(251,14,true)
(253,14,true)
(257,14,true)
(260,14,true)
(261,14,false)
(264,14,true)
(268,14,false)
(271,14,true)
(272,14,true)
(277,14,true)
(279,14,true)
(284,14,true)
(289,14,true)
(290,14,true)
(291,14,true)
(292,14,true)
(295,14,true)
(297,14,true)
(298,14,true)
(0,15,false)
(2,15,false)
(6,15,false)
(7,15,false)
(9,15,false)
(12,15,false)
(17,15,false)
(21,15,false)
(25,15,false)
(26,15,false)
(28,15,false)
(32,15,false)
(33,15,false)
(34,15,false)
(38,15,false)
(39,15,false)
(40,15,false)
(42,15,false)
(43,15,false)
(46,15,false)
(48,15,false)
(57,15,true)
(59,15,false)
(65,15,false)
(66,15,false)
(68,15,false)
(74,15,false)
(75,15,false)
(77,15,false)
(83,15,false)
(85,15,false)
(95,15,false)
(96,15,false)
(106,15,false)
(108,15,false)
(112,15,false)
(117,15,false)
(119,15,false)
(122,15,false)
(124,15,false)
(127,15,false)
(136,15,false)
(137,15,false)
(139,15,false)
(142,15,false)
(143,15,false)
(145,15,false)
(146,15,false)
(150,15,false)
(152,15,false)
(155,15,false)
(156,15,false)
(157,15,false)
(163,15,false)
(164,15,false)
(165,15,false)
(166,15,false)
(167,15,false)
(172,15,false)
(173,15,false)
(176,15,false)
(190,15,true)
(191,15,true)
(194,15,true)
(198,15,true)
(202,15,true)
(205,15,true)
(206,15,true)
(207,15,true)
(209,15,true)
(214,15,true)
(217,15,true)
(219,15,true)
(222,15,true)
(224,15,true)
(226,15,true)
(227,15,true)
(229,15,true)
(233,15,true)
(238,15,true)
(240,15,true)
(243,15,true)
(244,15,true)
(255,15,true)
(256,15,true)
(258,15,true)
(259,15,true)
(268,15,true)
(275,15,true)
(284,15,true)
(285,15,true)
(286,15,true)
(288,15,true)
(289,15,true)
(291,15,true)
(292,15,true)
(0,16,false)
(3,16,false)
(5,16,false)
(8,16,false)
(11,16,false)
(13,16,false)
(14,16,false)
(16,16,false)
(21,16,false)
(25,16,false)
(35,16,false)
(36,16,false)
(37,16,false)
(39,16,false)
(40,16,false)
(42,16,false)
(44,16,false)
(53,16,false)
(58,16,false)
(62,16,false)
(63,16,false)
(72,16,false)
(79,16,false)
(80,16,false)
(81,16,false)
(82,16,true)
(101,16,false)
(106,16,false)
(107,16,false)
(109,16,false)
(110,16,false)
(115,16,false)
(120,16,false)
(124,16,false)
(128,16,false)
(130,16,false)
(136,16,false)
(141,16,false)
(145,16,false)
(150,16,false)
(151,16,false)
(155,16,false)
(157,16,false)
(166,16,false)
(168,16,false)
(169,16,false)
(172,16,false)
(173,16,false)
(174,16,false)
(175,16,false)
(179,16,false)
(184,16,true)
(185,16,true)
(186,16,true)
(187,16,true)
(189,16,true)
(193,16,true)
(197,16,true)
(205,16,true)
(206,16,true)
(213,16,true)
(222,16,true)
(227,16,false)
(229,16,true)
(234,16,true)
(239,16,true)
(240,16,true)
(243,16,true)
(246,16,true)
(251,16,true)
(253,16,true)
(255,16,true)
(257,16,true)
(259,16,true)
(264,16,true)
(265,16,false)
(269,16,true)
(272,16,true)
(275,16,true)
(277,16,true)
(278,16,true)
(281,16,true)
(282,16,true)
(289,16,true)
(291,16,true)
(298,16,true)
(0,17,false)
(1,17,true)
(2,17,false)
(10,17,false)
(11,17,false)
(21,17,false)
(27,17,false)
(30,17,false)
(34,17,false)
(42,17,false)
(47,17,false)
(49,17,false)
(51,17,false)
(53,17,true)
(59,17,false)
(63,17,false)
(64,17,false)
(66,17,false)
(71,17,false)
(75,17,false)
(81,17,false)
(82,17,false)
(85,17,false)
(86,17,false)
(88,17,false)
(106,17,false)
(107,17,false)
(110,17,false)
(113,17,false)
(116,17,false)
(121,17,false)
(122,17,true)
(126,17,false)
(127,17,false)
(129,17,false)
(130,17,true)
(134,17,false)
(136,17,false)
(137,17,false)
(146,17,false)
(148,17,false)
(150,17,false)
(154,17,false)
(155,17,false)
(157,17,false)
(163,17,false)
(166,17,false)
(171,17,false)
(172,17,false)
(173,17,false)
(176,17,false)
(177,17,false)
(179,17,false)
(180,17,true)
(182,17,true)
(184,17,true)
(186,17,true)
(187,17,true)
(189,17,true)
(190,17,true)
(191,17,true)
(194,17,true)
(200,17,true)
(202,17,true)
(203,17,true)
(210,17,true)
(213,17,true)
(214,17,true)
(217,17,true)
(219,17,true)
(221,17,true)
(223,17,true)
(226,17,true)
(228,17,true)
(232,17,true)
(238,17,true)
(241,17,true)
(242,17,true)
(243,17,true)
(244,17,true)
(246,17,true)
(249,17,true)
(251,17,true)
(253,17,true)
(254,17,true)
(260,17,true)
(262,17,true)
(271,17,true)
(272,17,true)
(274,17,true)
(275,17,true)
(276,17,true)
(278,17,false)
(285,17,true)
(291,17,true)
(293,17,true)
(295,17,true)
(296,17,true)
(0,18,false)
(4,18,false)
(5,18,false)
(9,18,false)
(11,18,false)
(13,18,false)
(18,18,false)
(21,18,false)
(26,18,false)
(27,18,false)
(31,18,false)
(32,18,false)
(40,18,false)
(46,18,false)
(49,18,false)
(50,18,false)
(51,18,false)
(52,18,false)
(53,18,false)
(58,18,false)
(62,18,false)
(64,18,false)
(67,18,false)
(68,18,false)
(70,18,false)
(72,18,false)
(73,18,false)
(74,18,false)
(79,18,false)
(86,18,false)
(91,18,false)
(92,18,false)
(93,18,true)
(97,18,false)
(103,18,false)
(104,18,false)
(106,18,false)
(107,18,false)
(118,18,false)
(123,18,false)
(126,18,false)
(133,18,false)
(134,18,false)
(136,18,false)
(140,18,false)
(142,18,false)
(146,18,false)
(147,18,false)
(150,18,false)
(159,18,false)
(163,18,false)
(166,18,false)
(169,18,false)
(170,18,false)
(177,18,false)
(179,18,false)
(181,18,true)
(186,18,true)
(188,18,true)
(189,18,true)
(204,18,true)
(205,18,true)
(206,18,false)
(208,18,true)
(214,18,true)
(224,18,true)
(226,18,true)
(233,18,true)
(234,18,true)
(239,18,true)
(244,18,true)
(245,18,true)
(247,18,true)
(248,18,true)
(249,18,true)
(250,18,true)
(251,18,true)
(252,18,true)
(253,18,true)
(256,18,true)
(257,18,true)
(259,18,true)
(260,18,true)
(262,18,true)
(263,18,true)
(268,18,true)
(273,18,true)
(274,18,true)
(275,18,true)
(276,18,true)
(277,18,true)
(279,18,true)
(284,18,true)
(285,18,true)
(290,18,true)
(291,18,true)
(293,18,true)
(296,18,true)
(297,18,true)
(299,18,true)
(0,19,false)
(3,19,false)
(5,19,false)
(6,19,false)
(9,19,false)
(12,19,false)
(15,19,false)
(20,19,false)
(21,19,false)
(22,19,false)
(23,19,false)
(24,19,false)
(31,19,false)
(32,19,false)
(34,19,false)
(36,19,false)
(38,19,false)
(41,19,false)
(43,19,false)
(50,19,false)
(55,19,false)
(58,19,false)
(61,19,false)
(62,19,false)
(70,19,false)
(74,19,false)
(75,19,false)
(79,19,false)
(80,19,false)
(88,19,false)
(95,19,false)
(96,19,false)
(103,19,false)
(106,19,false)
(107,19,false)
(112,19,true)
(113,19,false)
(114,19,false)
(126,19,false)
(127,19,false)
(130,19,false)
(131,19,false)
(132,19,false)
(140,19,true)
(145,19,false)
(147,19,false)
(152,19,false)
(155,19,false)
(156,19,false)
(158,19,false)
(159,19,false)
(162,19,false)
(163,19,false)
(172,19,false)
(176,19,false)
(187,19,true)
(200,19,true)
(202,19,false)
(207,19,true)
(221,19,true)
(226,19,true)
(230,19,true)
(233,19,true)
(234,19,true)
(244,19,true)
(245,19,false)
(253,19,true)
(254,19,true)
(256,19,true)
(261,19,true)
(266,19,true)
(276,19,true)
(286,19,true)
(290,19,true)
(291,19,true)
(295,19,true)
(298,19,true)
(1,20,false)
(11,20,false)
(12,20,false)
(16,20,false)
(17,20,false)
(19,20,false)
(20,20,false)
(21,20,false)
(22,20,false)
(27,20,false)
(41,20,false)
(46,20,false)
(47,20,false)
(49,20,false)
(51,20,false)
(52,20,false)
(55,20,false)
(58,20,false)
(60,20,false)
(65,20,false)
(69,20,false)
(70,20,false)
(71,20,false)
(78,20,false)
(80,20,false)
(82,20,false)
(85,20,false)
(86,20,false)
(88,20,false)
(89,20,false)
(90,20,true)
(91,20,false)
(94,20,false)
(100,20,false)
(104,20,false)
(106,20,false)
(117,20,false)
(118,20,false)
(119,20,false)
(127,20,false)
(128,20,false)
(132,20,false)
(134,20,false)
(139,20,false)
(150,20,false)
(151,20,false)
(160,20,false)
(169,20,false)
(177,20,false)
(191,20,true)
(193,20,true)
(201,20,true)
(209,20,true)
(213,20,true)
(214,20,true)
(215,20,true)
(220,20,true)
(221,20,true)
(225,20,true)
(228,20,false)
(229,20,true)
(236,20,true)
(243,20,true)
(244,20,true)
(247,20,true)
(255,20,true)
(261,20,true)
(268,20,true)
(272,20,true)
(277,20,true)
(278,20,true)
(279,20,true)
(280,20,true)
(293,20,true)
(296,20,true)
(1,21,false)
(2,21,false)
(17,21,false)
(18,21,false)
(19,21,false)
(22,21,false)
(25,21,false)
(27,21,false)
(30,21,false)
(34,21,false)
(38,21,false)
(41,21,false)
(45,21,false)
(48,21,false)
(50,21,false)
(51,21,false)
(54,21,false)
(56,21,false)
(58,21,false)
(59,21,false)
(60,21,false)
(62,21,false)
(63,21,false)
(66,21,false)
(67,21,false)
(71,21,false)
(75,21,true)
(78,21,false)
(81,21,false)
(84,21,false)
(85,21,true)
(86,21,false)
(88,21,false)
(90,21,false)
(92,21,false)
(94,21,false)
(95,21,false)
(99,21,false)
(100,21,false)
(105,21,false)
(109,21,false)
(113,21,false)
(127,21,false)
(129,21,false)
(130,21,false)
(132,21,false)
(137,21,false)
(138,21,false)
(140,21,false)
(143,21,true)
(147,21,false)
(150,21,false)
(159,21,true)
(170,21,false)
(171,21,false)
(175,21,false)
(178,21,false)
(179,21,false)
(180,21,true)
(187,21,true)
(193,21,true)
(196,21,true)
(198,21,true)
(199,21,true)
(200,21,true)
(208,21,true)
(209,21,true)
(212,21,true)
(213,21,true)
(217,21,true)
(218,21,true)
(227,21,true)
(229,21,true)
(237,21,true)
(242,21,true)
(249,21,true)
(254,21,true)
(257,21,true)
(258,21,true)
(264,21,true)
(266,21,true)
(273,21,true)
(278,21,true)
(279,21,true)
(281,21,true)
(288,21,true)
(290,21,true)
(292,21,true)
(293,21,true)
(295,21,true)
(298,21,false)
(2,22,false)
(4,22,false)
(6,22,false)
(12,22,false)
(19,22,false)
(20,22,false)
(23,22,false)
(24,22,false)
(27,22,false)
(28,22,false)
(30,22,false)
(32,22,false)
(33,22,false)
(37,22,false)
(40,22,false)
(42,22,false)
(46,22,false)
(49,22,false)
(51,22,false)
(56,22,false)
(57,22,false)
(62,22,false)
(69,22,false)
(70,22,false)
(73,22,false)
(75,22,false)
(79,22,false)
(86,22,false)
(90,22,false)
(92,22,false)
(94,22,false)
(100,22,false)
(101,22,false)
(102,22,false)
(105,22,false)
(119,22,false)
(121,22,false)
(122,22,true)
(126,22,false)
(129,22,false)
(130,22,false)
(133,22,false)
(140,22,false)
(144,22,false)
(147,22,false)
(150,22,false)
(152,22,false)
(155,22,false)
(156,22,false)
(165,22,false)
(172,22,false)
(174,22,false)
(175,22,false)
(176,22,false)
(178,22,false)
(183,22,true)
(185,22,true)
(189,22,true)
(191,22,true)
(192,22,true)
(197,22,true)
(198,22,true)
(199,22,true)
(200,22,false)
(204,22,true)
(207,22,true)
(211,22,true)
(214,22,true)
(216,22,true)
(225,22,true)
(240,22,true)
(243,22,true)
(247,22,true)
(254,22,true)
(259,22,true)
(260,22,true)
(279,22,true)
(281,22,true)
(291,22,true)
(296,22,true)
(298,22,true)
(5,23,false)
(7,23,false)
(12,23,true)
(14,23,false)
(17,23,false)
(20,23,false)
(21,23,false)
(22,23,true)
(23,23,false)
(27,23,false)
(28,23,true)
(30,23,false)
(31,23,false)
(32,23,false)
(35,23,false)
(41,23,false)
(42,23,false)
(43,23,false)
(44,23,false)
(50,23,true)
(61,23,false)
(65,23,false)
(72,23,false)
(74,23,false)
(80,23,false)
(81,23,false)
(87,23,false)
(91,23,false)
(94,23,false)
(96,23,false)
(103,23,false)
(105,23,false)
(109,23,false)
(111,23,false)
(116,23,false)
(117,23,false)
(119,23,false)
(128,23,true)
(130,23,false)
(131,23,false)
(137,23,false)
(141,23,false)
(142,23,false)
(143,23,false)
(144,23,false)
(145,23,false)
(152,23,false)
(155,23,false)
(156,23,false)
(157,23,false)
(165,23,false)
(167,23,false)
(168,23,false)
(169,23,false)
(181,23,true)
(183,23,true)
(185,23,true)
(190,23,true)
(191,23,true)
(192,23,true)
(195,23,true)
(196,23,true)
(199,23,true)
(201,23,true)
(205,23,true)
(206,23,true)
(214,23,true)
(215,23,false)
(216,23,true)
(223,23,true)
(224,23,true)
(228,23,true)
(231,23,true)
(232,23,true)
(236,23,true)
(237,23,true)
(240,23,true)
(246,23,true)
(250,23,true)
(258,23,true)
(260,23,true)
(263,23,true)
(264,23,true)
(266,23,true)
(267,23,true)
(273,23,true)
(275,23,true)
(281,23,true)
(282,23,true)
(289,23,true)
(292,23,true)
(7,24,false)
(10,24,false)
(12,24,false)
(15,24,false)
(18,24,true)
(19,24,false)
(23,24,false)
(24,24,false)
(30,24,false)
(32,24,false)
(33,24,false)
(36,24,false)
(40,24,false)
(44,24,false)
(47,24,false)
(57,24,false)
(58,24,false)
(62,24,false)
(66,24,false)
(67,24,false)
(71,24,false)
(72,24,false)
(74,24,false)
(75,24,false)
(83,24,false)
(85,24,false)
(86,24,false)
(89,24,false)
(94,24,false)
(95,24,false)
(98,24,false)
(99,24,false)
(104,24,false)
(107,24,false)
(112,24,false)
(113,24,false)
(116,24,false)
(128,24,false)
(129,24,false)
(133,24,false)
(135,24,false)
(137,24,false)
(149,24,false)
(153,24,false)
(155,24,false)
(162,24,false)
(165,24,false)
(171,24,false)
(172,24,false)
(175,24,false)
(178,24,false)
(181,24,true)
(186,24,true)
(194,24,true)
(201,24,true)
(202,24,true)
(203,24,true)
(217,24,true)
(221,24,true)
(223,24,true)
(224,24,true)
(231,24,true)
(240,24,false)
(248,24,true)
(252,24,true)
(258,24,true)
(261,24,true)
(263,24,true)
(265,24,true)
(268,24,true)
(269,24,true)
(273,24,true)
(274,24,true)
(275,24,true)
(278,24,true)
(286,24,true)
(287,24,true)
(290,24,false)
(292,24,true)
(295,24,true)
(296,24,true)
(297,24,true)
(299,24,true)
(1,25,false)
(2,25,false)
(5,25,false)
(7,25,false)
(9,25,false)
(12,25,true)
(18,25,false)
(19,25,false)
(24,25,false)
(25,25,false)
(28,25,false)
(32,25,false)
(34,25,false)
(38,25,false)
(39,25,false)
(40,25,false)
(41,25,false)
(44,25,false)
(45,25,false)
(47,25,false)
(49,25,false)
(55,25,false)
(60,25,false)
(65,25,false)
(73,25,false)
(74,25,false)
(80,25,false)
(90,25,false)
(100,25,false)
(101,25,false)
(116,25,false)
(122,25,false)
(129,25,false)
(133,25,false)
(135,25,false)
(136,25,false)
(139,25,false)
(141,25,false)
(143,25,false)
(147,25,false)
(149,25,false)
(155,25,false)
(166,25,false)
(169,25,false)
(172,25,false)
(179,25,false)
(180,25,true)
(181,25,true)
(183,25,true)
(188,25,true)
(191,25,true)
(193,25,true)
(194,25,true)
(197,25,true)
(198,25,true)
(200,25,true)
(209,25,true)
(212,25,true)
(214,25,true)
(223,25,true)
(231,25,true)
(232,25,true)
(234,25,true)
(236,25,true)
(238,25,true)
(241,25,true)
(243,25,true)
(244,25,true)
(247,25,true)
(254,25,true)
(258,25,true)
(265,25,true)
(270,25,true)
(276,25,true)
(278,25,true)
(281,25,true)
(282,25,true)
(285,25,true)
(288,25,true)
(292,25,true)
(294,25,true)
(297,25,true)
(299,25,true)
(3,26,false)
(16,26,false)
(19,26,false)
(20,26,false)
(26,26,false)
(31,26,false)
(33,26,false)
(42,26,false)
(47,26,false)
(49,26,false)
(54,26,false)
(56,26,false)
(57,26,false)
(75,26,false)
(77,26,false)
(81,26,false)
(98,26,false)
(99,26,false)
(105,26,false)
(108,26,false)
(118,26,false)
(121,26,false)
(125,26,false)
(126,26,false)
(128,26,false)
(129,26,true)
(131,26,false)
(140,26,false)
(142,26,false)
(148,26,false)
(149,26,false)
(150,26,false)
(159,26,false)
(160,26,false)
(166,26,false)
(167,26,false)
(169,26,false)
(171,26,false)
(172,26,false)
(174,26,false)
(177,26,false)
(178,26,false)
(179,26,false)
(181,26,true)
(185,26,true)
(186,26,true)
(192,26,true)
(194,26,true)
(195,26,true)
(205,26,true)
(207,26,true)
(209,26,true)
(216,26,true)
(218,26,true)
(222,26,true)
(226,26,true)
(227,26,true)
(229,26,true)
(237,26,true)
(244,26,true)
(245,26,true)
(247,26,true)
(249,26,true)
(254,26,true)
(262,26,true)
(265,26,true)
(266,26,true)
(284,26,true)
(288,26,true)
(294,26,true)
(295,26,true)
(299,26,true)
(0,27,false)
(1,27,true)
(3,27,false)
(13,27,false)
(15,27,false)
(16,27,false)
(24,27,false)
(28,27,false)
(29,27,false)
(33,27,false)
(38,27,false)
(42,27,false)
(52,27,false)
(53,27,false)
(63,27,false)
(65,27,true)
(66,27,false)
(68,27,false)
(69,27,false)
(70,27,false)
(71,27,false)
(74,27,false)
(80,27,false)
(84,27,false)
(88,27,false)
(89,27,false)
(91,27,false)
(96,27,false)
(97,27,false)
(101,27,false)
(113,27,false)
(114,27,false)
(116,27,false)
(122,27,false)
(123,27,false)
(127,27,false)
(130,27,false)
(131,27,false)
(132,27,false)
(133,27,false)
(146,27,false)
(147,27,true)
(149,27,false)
(151,27,false)
(157,27,false)
(158,27,false)
(166,27,false)
(171,27,false)
(178,27,false)
(179,27,false)
(181,27,true)
(182,27,true)
(184,27,true)
(185,27,true)
(186,27,true)
(190,27,true)
(194,27,true)
(195,27,true)
(196,27,true)
(200,27,true)
(202,27,true)
(203,27,true)
(212,27,true)
(213,27,true)
(214,27,true)
(217,27,true)
(219,27,false)
(227,27,true)
(228,27,true)
(229,27,true)
(230,27,true)
(231,27,true)
(232,27,true)
(243,27,true)
(245,27,true)
(254,27,true)
(260,27,true)
(261,27,true)
(269,27,true)
(271,27,true)
(283,27,false)
(285,27,true)
(288,27,true)
(291,27,true)
(296,27,true)
(4,28,false)
(6,28,false)
(10,28,false)
(13,28,false)
(17,28,false)
(19,28,false)
(22,28,false)
(30,28,false)
(35,28,false)
(36,28,false)
(41,28,false)
(46,28,false)
(47,28,false)
(48,28,false)
(51,28,false)
(54,28,false)
(56,28,false)
(62,28,false)
(76,28,false)
(77,28,false)
(85,28,false)
(90,28,false)
(93,28,false)
(95,28,false)
(97,28,false)
(99,28,false)
(102,28,false)
(103,28,true)
(104,28,false)
(115,28,false)
(117,28,false)
(118,28,false)
(124,28,false)
(128,28,false)
(132,28,false)
(138,28,false)
(142,28,false)
(143,28,false)
(150,28,false)
(164,28,false)
(167,28,false)
(168,28,false)
(169,28,false)
(171,28,false)
(172,28,false)
(177,28,false)
(182,28,true)
(183,28,true)
(186,28,true)
(187,28,false)
(193,28,true)
(194,28,true)
(196,28,true)
(202,28,true)
(208,28,true)
(209,28,true)
(210,28,true)
(211,28,true)
(215,28,true)
(218,28,true)
(220,28,true)
(222,28,true)
(234,28,true)
(236,28,true)
(237,28,true)
(252,28,true)
(259,28,true)
(261,28,true)
(265,28,true)
(269,28,true)
(271,28,false)
(274,28,true)
(281,28,true)
(285,28,true)
(286,28,true)
(294,28,true)
(5,29,false)
(7,29,false)
(9,29,false)
(20,29,false)
(30,29,false)
(34,29,false)
(39,29,false)
(40,29,false)
(42,29,false)
(46,29,false)
(51,29,false)
(54,29,false)
(55,29,false)
(64,29,false)
(66,29,false)
(72,29,false)
(77,29,false)
(78,29,false)
(81,29,false)
(83,29,false)
(84,29,false)
(87,29,false)
(88,29,false)
(89,29,false)
(93,29,false)
(96,29,false)
(98,29,false)
(108,29,false)
(109,29,false)
(113,29,false)
(117,29,false)
(123,29,false)
(130,29,false)
(131,29,false)
(138,29,false)
(143,29,false)
(147,29,false)
(151,29,false)
(152,29,false)
(156,29,false)
(160,29,false)
(161,29,false)
(166,29,false)
(173,29,false)
(180,29,true)
(181,29,true)
(183,29,true)
(184,29,true)
(185,29,true)
(195,29,true)
(197,29,true)
(202,29,true)
(205,29,true)
(207,29,true)
(213,29,false)
(214,29,true)
(216,29,true)
(230,29,true)
(232,29,true)
(236,29,true)
(243,29,true)
(244,29,true)
(249,29,true)
(250,29,true)
(254,29,true)
(256,29,true)
(257,29,true)
(259,29,true)
(262,29,true)
(263,29,true)
(266,29,true)
(274,29,true)
(280,29,true)
(283,29,true)
(286,29,true)
(288,29,true)
(299,29,true)
(0,30,false)
(6,30,false)
(12,30,false)
(14,30,false)
(17,30,false)
(21,30,false)
(22,30,false)
(25,30,false)
(31,30,false)
(40,30,false)
(57,30,false)
(58,30,false)
(65,30,false)
(70,30,false)
(71,30,false)
(72,30,false)
(73,30,false)
(78,30,false)
(84,30,false)
(89,30,false)
(91,30,false)
(93,30,false)
(95,30,false)
(106,30,false)
(107,30,false)
(109,30,false)
(118,30,false)
(122,30,true)
(123,30,false)
(124,30,false)
(125,30,false)
(126,30,false)
(128,30,true)
(132,30,false)
(133,30,false)
(135,30,false)
(136,30,false)
(141,30,false)
(158,30,false)
(161,30,false)
(162,30,false)
(165,30,false)
(167,30,false)
(169,30,false)
(171,30,true)
(175,30,false)
(178,30,false)
(180,30,true)
(182,30,true)
(184,30,true)
(185,30,true)
(187,30,true)
(190,30,true)
(192,30,true)
(195,30,true)
(204,30,true)
(212,30,true)
(215,30,true)
(219,30,true)
(223,30,true)
(224,30,true)
(232,30,true)
(234,30,true)
(242,30,true)
(244,30,true)
(251,30,true)
(252,30,true)
(253,30,true)
(255,30,false)
(257,30,false)
(262,30,true)
(266,30,true)
(267,30,true)
(272,30,true)
(273,30,true)
(275,30,true)
(276,30,false)
(277,30,true)
(288,30,true)
(289,30,true)
(292,30,true)
(293,30,true)
(1,31,false)
(2,31,false)
(3,31,false)
(10,31,false)
(11,31,false)
(15,31,false)
(21,31,false)
(22,31,false)
(28,31,false)
(29,31,false)
(30,31,false)
(32,31,false)
(33,31,false)
(36,31,false)
(37,31,false)
(39,31,false)
(40,31,false)
(48,31,false)
(50,31,true)
(52,31,false)
(54,31,false)
(55,31,false)
(57,31,false)
(59,31,false)
(62,31,false)
(64,31,false)
(69,31,false)
(71,31,false)
(76,31,false)
(77,31,false)
(80,31,true)
(83,31,false)
(86,31,false)
(89,31,false)
(90,31,false)
(94,31,false)
(98,31,false)
(103,31,true)
(113,31,false)
(114,31,false)
(117,31,false)
(121,31,false)
(124,31,false)
(126,31,false)
(127,31,false)
(128,31,false)
(131,31,false)
(135,31,false)
(150,31,false)
(152,31,false)
(156,31,false)
(161,31,false)
(166,31,false)
(174,31,false)
(176,31,false)
(184,31,true)
(187,31,true)
(188,31,true)
(190,31,true)
(195,31,true)
(197,31,true)
(206,31,true)
(213,31,true)
(222,31,true)
(233,31,true)
(234,31,true)
(238,31,true)
(239,31,true)
(247,31,true)
(251,31,true)
(253,31,true)
(259,31,true)
(261,31,true)
(270,31,true)
(271,31,true)
(273,31,true)
(283,31,true)
(291,31,true)
(296,31,true)
(297,31,true)
(1,32,false)
(4,32,false)
(6,32,false)
(7,32,false)
(10,32,false)
(12,32,false)
(17,32,false)
(23,32,false)
(25,32,false)
(35,32,false)
(45,32,false)
(50,32,false)
(58,32,false)
(72,32,false)
(81,32,false)
(82,32,false)
(84,32,false)
(88,32,false)
(92,32,false)
(98,32,false)
(101,32,false)
(111,32,false)
(112,32,false)
(113,32,true)
(114,32,false)
(121,32,false)
(124,32,false)
(127,32,false)
(128,32,false)
(137,32,false)
(139,32,false)
(143,32,false)
(146,32,false)
(147,32,false)
(151,32,false)
(158,32,false)
(163,32,false)
(166,32,false)
(169,32,false)
(174,32,false)
(178,32,false)
(181,32,true)
(185,32,true)
(186,32,true)
(189,32,true)
(192,32,true)
(193,32,true)
(196,32,true)
(197,32,true)
(198,32,false)
(200,32,true)
(203,32,true)
(207,32,true)
(213,32,true)
(214,32,true)
(216,32,true)
(220,32,true)
(222,32,true)
(223,32,true)
(228,32,true)
(230,32,false)
(237,32,true)
(240,32,true)
(245,32,false)
(258,32,true)
(260,32,true)
(261,32,true)
(267,32,true)
(268,32,true)
(269,32,true)
(270,32,true)
(272,32,true)
(274,32,true)
(275,32,true)
(276,32,true)
(278,32,true)
(284,32,true)
(296,32,true)
(297,32,true)
(0,33,false)
(1,33,false)
(18,33,false)
(24,33,false)
(31,33,false)
(34,33,false)
(35,33,false)
(36,33,false)
(41,33,false)
(54,33,false)
(66,33,false)
(69,33,false)
(74,33,false)
(79,33,false)
(95,33,false)
(104,33,false)
(110,33,false)
(111,33,false)
(114,33,false)
(115,33,false)
(117,33,false)
(123,33,false)
(125,33,false)
(126,33,false)
(133,33,false)
(137,33,false)
(140,33,false)
(149,33,false)
(150,33,false)
(151,33,false)
(155,33,false)
(160,33,false)
(164,33,false)
(168,33,false)
(171,33,false)
(172,33,false)
(181,33,true)
(184,33,true)
(186,33,true)
(192,33,true)
(197,33,true)
(203,33,true)
(205,33,true)
(206,33,true)
(207,33,true)
(211,33,true)
(212,33,true)
(219,33,true)
(223,33,true)
(226,33,true)
(228,33,true)
(229,33,true)
(230,33,true)
(233,33,true)
(235,33,true)
(242,33,true)
(253,33,true)
(257,33,true)
(263,33,true)
(264,33,true)
(269,33,true)
(272,33,true)
(279,33,false)
(282,33,true)
(289,33,false)
(291,33,true)
(292,33,true)
(295,33,false)
(9,34,false)
(13,34,false)
(14,34,false)
(17,34,false)
(19,34,false)
(22,34,false)
(29,34,false)
(30,34,false)
(33,34,false)
(35,34,false)
(39,34,false)
(43,34,false)
(46,34,false)
(61,34,false)
(65,34,false)
(70,34,false)
(72,34,false)
(76,34,false)
(77,34,false)
(78,34,false)
(85,34,false)
(86,34,false)
(90,34,false)
(93,34,false)
(100,34,false)
(104,34,false)
(108,34,false)
(109,34,true)
(111,34,false)
(113,34,false)
(116,34,false)
(126,34,false)
(145,34,false)
(160,34,false)
(163,34,true)
(165,34,false)
(171,34,false)
(172,34,false)
(182,34,true)
(190,34,true)
(192,34,true)
(197,34,true)
(214,34,true)
(218,34,true)
(230,34,true)
(231,34,true)
(233,34,true)
(236,34,true)
(252,34,true)
(255,34,true)
(257,34,true)
(259,34,true)
(262,34,true)
(263,34,true)
(268,34,true)
(269,34,true)
(270,34,true)
(278,34,true)
(281,34,true)
(285,34,true)
(286,34,true)
(295,34,true)
(297,34,true)
(298,34,true)
(14,35,false)
(18,35,true)
(24,35,false)
(25,35,false)
(28,35,false)
(30,35,false)
(33,35,false)
(35,35,false)
(43,35,false)
(47,35,false)
(48,35,false)
(51,35,false)
(62,35,false)
(65,35,false)
(74,35,false)
(75,35,false)
(80,35,false)
(82,35,false)
(86,35,false)
(100,35,false)
(103,35,false)
(109,35,false)
(110,35,false)
(119,35,false)
(120,35,false)
(121,35,false)
(123,35,false)
(127,35,false)
(128,35,false)
(129,35,true)
(131,35,false)
(139,35,false)
(144,35,false)
(150,35,false)
(151,35,false)
(154,35,false)
(155,35,false)
(158,35,false)
(159,35,false)
(160,35,false)
(164,35,false)
(167,35,false)
(168,35,false)
(169,35,false)
(172,35,false)
(176,35,false)
(178,35,false)
(179,35,false)
(182,35,true)
(186,35,true)
(190,35,true)
(191,35,true)
(194,35,true)
(196,35,true)
(202,35,true)
(208,35,true)
(209,35,true)
(214,35,true)
(218,35,true)
(220,35,true)
(227,35,true)
(229,35,true)
(232,35,true)
(233,35,true)
(238,35,true)
(248,35,false)
(253,35,true)
(255,35,true)
(258,35,true)
(266,35,true)
(268,35,true)
(270,35,true)
(281,35,true)
(291,35,true)
(294,35,true)
(298,35,true)
(2,36,false)
(4,36,false)
(11,36,false)
(12,36,false)
(18,36,true)
(19,36,false)
(22,36,false)
(25,36,false)
(27,36,false)
(36,36,false)
(43,36,false)
(49,36,false)
(50,36,false)
(58,36,false)
(59,36,false)
(64,36,false)
(66,36,false)
(79,36,false)
(80,36,false)
(83,36,false)
(95,36,false)
(99,36,false)
(100,36,false)
(105,36,false)
(106,36,false)
(108,36,false)
(109,36,true)
(111,36,false)
(118,36,false)
(120,36,false)
(128,36,false)
(143,36,false)
(145,36,false)
(149,36,false)
(152,36,false)
(153,36,false)
(159,36,false)
(164,36,false)
(169,36,false)
(172,36,false)
(181,36,true)
(184,36,true)
(190,36,true)
(194,36,true)
(200,36,true)
(203,36,true)
(216,36,true)
(220,36,true)
(222,36,true)
(230,36,true)
(235,36,true)
(246,36,true)
(247,36,true)
(254,36,true)
(257,36,true)
(266,36,true)
(272,36,true)
(285,36,true)
(3,37,false)
(5,37,false)
(7,37,false)
(12,37,false)
(15,37,false)
(25,37,false)
(30,37,false)
(37,37,false)
(38,37,false)
(47,37,false)
(53,37,false)
(67,37,false)
(68,37,false)
(70,37,false)
(71,37,false)
(75,37,false)
(78,37,false)
(86,37,false)
(101,37,false)
(111,37,false)
(121,37,false)
(124,37,false)
(127,37,false)
(130,37,false)
(141,37,false)
(143,37,false)
(144,37,false)
(145,37,false)
(146,37,false)
(150,37,false)
(151,37,false)
(153,37,false)
(159,37,false)
(164,37,false)
(166,37,false)
(167,37,false)
(169,37,false)
(172,37,false)
(187,37,true)
(194,37,true)
(197,37,true)
(206,37,true)
(216,37,true)
(218,37,true)
(219,37,true)
(220,37,true)
(223,37,true)
(227,37,true)
(231,37,true)
(234,37,true)
(238,37,true)
(239,37,true)
(243,37,true)
(248,37,true)
(250,37,true)
(267,37,true)
(269,37,true)
(272,37,true)
(275,37,true)
(283,37,true)
(284,37,true)
(287,37,true)
(288,37,true)
(291,37,true)
(293,37,true)
(295,37,true)
(296,37,true)
(299,37,true)
(3,38,false)
(4,38,false)
(6,38,false)
(8,38,false)
(10,38,false)
(14,38,false)
(23,38,false)
(27,38,false)
(35,38,false)
(36,38,false)
(38,38,false)
(44,38,false)
(46,38,false)
(50,38,false)
(54,38,false)
(67,38,false)
(69,38,false)
(76,38,false)
(77,38,false)
(78,38,false)
(86,38,false)
(89,38,false)
(92,38,false)
(96,38,false)
(104,38,false)
(107,38,false)
(112,38,false)
(113,38,false)
(114,38,false)
(117,38,false)
(125,38,false)
(127,38,false)
(129,38,false)
(143,38,false)
(149,38,false)
(155,38,false)
(157,38,false)
(160,38,true)
(164,38,false)
(176,38,false)
(179,38,true)
(188,38,true)
(190,38,true)
(192,38,true)
(203,38,true)
(208,38,true)
(211,38,true)
(216,38,true)
(224,38,true)
(227,38,true)
(228,38,true)
(233,38,true)
(234,38,true)
(241,38,true)
(243,38,true)
(247,38,true)
(253,38,true)
(259,38,true)
(260,38,true)
(262,38,true)
(263,38,false)
(268,38,true)
(270,38,false)
(274,38,true)
(278,38,true)
(281,38,true)
(293,38,true)
(3,39,false)
(7,39,false)
(9,39,false)
(11,39,false)
(15,39,false)
(17,39,false)
(19,39,false)
(23,39,false)
(35,39,false)
(46,39,false)
(52,39,false)
(56,39,false)
(62,39,false)
(65,39,true)
(71,39,false)
(78,39,false)
(81,39,false)
(89,39,false)
(91,39,false)
(94,39,false)
(97,39,false)
(98,39,false)
(104,39,false)
(116,39,false)
(120,39,false)
(122,39,false)
(129,39,false)
(130,39,false)
(153,39,false)
(156,39,true)
(157,39,false)
(159,39,false)
(161,39,false)
(163,39,false)
(165,39,false)
(167,39,false)
(172,39,false)
(174,39,false)
(179,39,false)
(180,39,true)
(183,39,true)
(187,39,true)
(194,39,true)
(196,39,true)
(202,39,true)
(206,39,true)
(212,39,true)
(214,39,true)
(215,39,true)
(218,39,true)
(220,39,true)
(222,39,true)
(234,39,true)
(240,39,true)
(255,39,true)
(257,39,true)
(258,39,true)
(260,39,true)
(263,39,true)
(268,39,true)
(270,39,true)
(271,39,true)
(272,39,false)
(274,39,true)
(277,39,true)
(291,39,true)
(297,39,true)
(3,40,false)
(4,40,false)
(12,40,false)
(42,40,false)
(43,40,false)
(45,40,false)
(47,40,false)
(50,40,true)
(58,40,false)
(60,40,false)
(76,40,false)
(80,40,false)
(86,40,false)
(88,40,false)
(97,40,false)
(104,40,false)
(125,40,false)
(129,40,false)
(155,40,false)
(161,40,false)
(163,40,false)
(165,40,true)
(171,40,false)
(175,40,false)
(179,40,false)
(180,40,true)
(182,40,true)
(183,40,true)
(188,40,true)
(192,40,true)
(194,40,true)
(205,40,true)
(209,40,true)
(213,40,true)
(220,40,true)
(225,40,false)
(230,40,true)
(231,40,true)
(237,40,true)
(239,40,true)
(241,40,true)
(242,40,true)
(245,40,false)
(255,40,true)
(256,40,true)
(258,40,true)
(262,40,true)
(263,40,true)
(269,40,true)
(274,40,true)
(279,40,true)
(285,40,true)
(288,40,true)
(295,40,true)
(7,41,false)
(14,41,false)
(19,41,false)
(22,41,false)
(28,41,false)
(30,41,false)
(35,41,false)
(42,41,false)
(48,41,false)
(51,41,false)
(52,41,false)
(56,41,false)
(66,41,false)
(80,41,false)
(86,41,false)
(93,41,false)
(113,41,false)
(125,41,false)
(130,41,false)
(134,41,false)
(136,41,false)
(138,41,false)
(142,41,false)
(144,41,false)
(148,41,false)
(151,41,false)
(157,41,false)
(168,41,false)
(171,41,false)
(174,41,false)
(176,41,false)
(179,41,false)
(189,41,true)
(190,41,true)
(195,41,true)
(196,41,true)
(202,41,true)
(203,41,true)
(221,41,true)
(228,41,false)
(233,41,true)
(234,41,true)
(237,41,true)
(239,41,true)
(240,41,true)
(247,41,true)
(251,41,true)
(252,41,false)
(253,41,true)
(254,41,true)
(257,41,true)
(258,41,true)
(259,41,true)
(281,41,true)
(286,41,true)
(287,41,true)
(289,41,true)
(10,42,false)
(14,42,false)
(15,42,false)
(25,42,false)
(26,42,false)
(34,42,false)
(36,42,false)
(39,42,false)
(40,42,false)
(41,42,false)
(44,42,false)
(48,42,false)
(51,42,true)
(54,42,false)
(56,42,false)
(59,42,false)
(60,42,false)
(62,42,false)
(68,42,false)
(69,42,false)
(71,42,false)
(77,42,false)
(81,42,false)
(85,42,false)
(92,42,false)
(94,42,true)
(97,42,false)
(100,42,false)
(108,42,false)
(110,42,false)
(113,42,false)
(117,42,false)
(126,42,false)
(127,42,false)
(131,42,false)
(133,42,false)
(136,42,false)
(142,42,false)
(143,42,false)
(146,42,false)
(148,42,false)
(153,42,false)
(158,42,false)
(168,42,false)
(174,42,false)
(185,42,true)
(188,42,true)
(189,42,false)
(191,42,true)
(194,42,true)
(198,42,true)
(200,42,true)
(206,42,true)
(207,42,true)
(218,42,true)
(221,42,true)
(225,42,true)
(226,42,true)
(236,42,true)
(247,42,true)
(248,42,true)
(251,42,true)
(257,42,true)
(267,42,true)
(270,42,true)
(272,42,false)
(278,42,true)
(280,42,true)
(282,42,true)
(284,42,true)
(287,42,true)
(290,42,true)
(291,42,false)
(299,42,true)
(8,43,false)
(22,43,false)
(25,43,false)
(28,43,false)
(31,43,false)
(51,43,false)
(52,43,false)
(54,43,false)
(63,43,false)
(66,43,false)
(70,43,false)
(71,43,false)
(72,43,false)
(75,43,false)
(83,43,false)
(84,43,false)
(85,43,false)
(90,43,false)
(91,43,false)
(95,43,false)
(98,43,false)
(103,43,true)
(113,43,false)
(114,43,false)
(120,43,false)
(121,43,false)
(122,43,false)
(125,43,false)
(136,43,false)
(138,43,false)
(141,43,false)
(142,43,false)
(144,43,false)
(147,43,false)
(151,43,false)
(159,43,false)
(162,43,false)
(164,43,false)
(166,43,false)
(167,43,false)
(169,43,false)
(177,43,false)
(197,43,true)
(211,43,true)
(213,43,true)
(214,43,true)
(216,43,true)
(221,43,true)
(239,43,true)
(243,43,true)
(247,43,true)
(250,43,true)
(255,43,true)
(263,43,true)
(265,43,true)
(267,43,true)
(271,43,true)
(274,43,true)
(294,43,true)
(295,43,true)
(296,43,true)
(2,44,false)
(5,44,false)
(12,44,false)
(15,44,false)
(19,44,false)
(20,44,false)
(27,44,false)
(42,44,false)
(47,44,false)
(49,44,false)
(59,44,false)
(61,44,true)
(68,44,false)
(71,44,false)
(74,44,false)
(77,44,false)
(80,44,false)
(83,44,false)
(90,44,false)
(91,44,false)
(96,44,false)
(97,44,false)
(102,44,false)
(103,44,false)
(104,44,false)
(111,44,false)
(114,44,false)
(119,44,false)
(122,44,false)
(127,44,false)
(132,44,false)
(138,44,false)
(144,44,false)
(149,44,false)
(152,44,false)
(161,44,false)
(162,44,false)
(166,44,false)
(168,44,false)
(171,44,false)
(173,44,false)
(176,44,false)
(177,44,false)
(186,44,true)
(192,44,true)
(194,44,true)
(202,44,true)
(204,44,true)
(218,44,false)
(226,44,true)
(236,44,true)
(237,44,false)
(238,44,true)
(243,44,true)
(258,44,true)
(263,44,true)
(270,44,true)
(274,44,true)
(277,44,true)
(278,44,true)
(279,44,true)
(283,44,true)
(285,44,true)
(296,44,true)
(1,45,false)
(3,45,false)
(8,45,false)
(10,45,false)
(12,45,false)
(17,45,false)
(20,45,false)
(29,45,false)
(31,45,false)
(43,45,false)
(45,45,false)
(47,45,false)
(49,45,false)
(56,45,false)
(59,45,false)
(60,45,false)
(63,45,false)
(66,45,false)
(76,45,false)
(86,45,false)
(88,45,false)
(89,45,false)
(98,45,false)
(99,45,true)
(103,45,false)
(107,45,false)
(112,45,false)
(123,45,false)
(139,45,false)
(146,45,false)
(147,45,false)
(150,45,false)
(157,45,false)
(161,45,false)
(163,45,false)
(168,45,false)
(175,45,false)
(178,45,false)
(180,45,true)
(190,45,true)
(196,45,true)
(202,45,true)
(225,45,true)
(227,45,false)
(230,45,true)
(242,45,true)
(243,45,true)
(244,45,true)
(250,45,true)
(251,45,true)
(255,45,true)
(256,45,true)
(257,45,true)
(258,45,true)
(261,45,true)
(266,45,true)
(274,45,false)
(277,45,true)
(278,45,true)
(280,45,true)
(285,45,true)
(286,45,true)
(290,45,false)
(292,45,true)
(294,45,true)
(295,45,true)
(299,45,true)
(3,46,false)
(7,46,false)
(8,46,false)
(13,46,true)
(15,46,false)
(16,46,false)
(30,46,false)
(32,46,false)
(36,46,false)
(65,46,false)
(69,46,false)
(70,46,false)
(71,46,false)
(77,46,false)
(83,46,false)
(87,46,false)
(95,46,false)
(97,46,false)
(107,46,false)
(113,46,false)
(125,46,false)
(126,46,false)
(137,46,false)
(138,46,false)
(147,46,false)
(156,46,false)
(166,46,false)
(168,46,false)
(171,46,false)
(176,46,false)
(177,46,false)
(178,46,false)
(179,46,false)
(180,46,true)
(182,46,true)
(185,46,true)
(196,46,true)
(197,46,true)
(199,46,true)
(200,46,true)
(206,46,true)
(209,46,false)
(213,46,true)
(216,46,true)
(217,46,true)
(220,46,true)
(222,46,true)
(230,46,true)
(240,46,true)
(245,46,true)
(269,46,true)
(280,46,true)
(284,46,true)
(286,46,true)
(289,46,true)
(290,46,true)
(297,46,true)
(13,47,false)
(14,47,false)
(17,47,false)
(26,47,false)
(28,47,false)
(30,47,false)
(33,47,false)
(37,47,false)
(38,47,false)
(39,47,false)
(42,47,false)
(45,47,false)
(50,47,false)
(54,47,false)
(57,47,false)
(66,47,false)
(69,47,false)
(76,47,false)
(79,47,false)
(82,47,false)
(83,47,false)
(84,47,false)
(94,47,false)
(96,47,false)
(99,47,false)
(113,47,true)
(115,47,true)
(117,47,false)
(119,47,false)
(120,47,false)
(125,47,false)
(129,47,false)
(131,47,false)
(133,47,false)
(135,47,false)
(137,47,true)
(143,47,false)
(145,47,true)
(150,47,false)
(153,47,false)
(157,47,false)
(160,47,false)
(161,47,false)
(168,47,false)
(170,47,true)
(172,47,false)
(173,47,false)
(181,47,true)
(190,47,true)
(196,47,true)
(200,47,true)
(213,47,true)
(216,47,true)
(218,47,true)
(224,47,true)
(227,47,true)
(231,47,true)
(235,47,true)
(252,47,true)
(256,47,true)
(269,47,true)
(274,47,true)
(278,47,true)
(279,47,true)
(283,47,true)

(91,29)
(159,23)
(238,10)
(235,9)
(297,40)
(180,26)
(218,22)
(99,20)
(284,21)
(227,32)
(91,10)
(251,33)
(76,42)
(119,46)
(293,34)
(261,16)
(118,44)
(192,28)
(286,43)
(169,47)
(200,20)
(96,13)
(229,25)
(140,4)
(64,12)
(38,10)
(201,21)
(28,44)
(145,21)
(91,17)
(130,46)
(176,39)
(97,2)
(84,37)
(61,42)
(58,44)
(49,41)
(194,13)
(115,3)
(55,40)
(267,21)
(206,41)
(18,30)
(26,3)
(80,37)
(218,0)
(30,44)
(222,17)
(151,12)
(104,26)
(237,38)
(121,36)
(195,46)
(101,20)
(92,14)
(46,6)
(107,44)
(85,5)
(183,11)
(16,10)
(285,11)
(199,20)
(96,39)
(133,19)
(273,42)
(5,36)
(42,7)
(220,43)
(257,15)
(116,16)
(136,2)
(74,34)
(173,21)
(29,15)
(158,8)
(234,22)
(272,44)
(285,2)
(2,13)
(293,4)
(96,17)
(93,7)
(230,16)
(93,26)
(246,2)
(191,36)
(173,46)
(252,46)
(274,12)
(125,18)
(177,6)
(129,43)
(75,41)
(285,26)
(79,38)
(291,23)
(268,29)
(255,33)
(129,20)
(210,27)
(253,27)
(100,45)
(241,30)
(175,12)
(79,13)
(110,2)
(68,19)
(242,39)
(234,3)
(33,19)
(63,35)
(114,4)
(257,19)
(119,40)
(245,31)
(48,4)
(10,37)
(94,13)
(111,15)
(275,12)
(76,35)
(228,6)
(169,44)
(52,0)
(235,35)
(105,46)
(262,36)
(109,9)
(85,2)
(166,28)
(146,10)
(142,27)
(281,30)
(17,44)
(84,17)
(71,29)
(81,2)
(64,28)
(103,39)
(4,41)
(132,41)
(96,28)
(158,26)
(160,25)
(176,32)
(91,40)
(142,12)
(125,29)
(40,13)
(89,40)
(56,35)
(53,22)
(264,32)
(184,6)
(37,29)
(190,13)
(265,19)
(273,26)
(282,6)
(184,24)
(257,7)
(267,19)
(179,7)
(169,10)
(86,13)
(91,41)
(12,43)
(155,39)
(262,6)
(129,23)
(270,43)
(23,20)
(59,35)
(24,41)
(106,3)
(126,10)
(44,5)
(66,28)
(69,2)
(236,0)
(25,17)
(249,37)
(188,22)
(116,20)
(164,2)
(260,29)
(91,31)
(103,5)
(13,32)
(141,21)
(197,13)
(277,9)
(173,1)
(161,36)
(73,43)
(92,10)
(153,45)
(298,10)
(99,37)
(288,22)
(193,43)
(154,9)
(281,6)
(237,45)
(217,20)
(226,32)
(234,33)
(85,26)
(189,0)
(294,8)
(274,9)
(196,30)
(291,4)
(117,24)
(62,2)
(50,26)
(100,10)
(45,7)
(131,2)
(194,10)
(265,23)
(272,46)
(123,25)
(99,3)
(243,24)
(56,24)
(223,46)
(69,43)
(63,40)
(121,7)
(99,12)
(17,1)
(282,36)
(78,23)
(188,46)
(186,11)
(195,5)
(82,31)
(116,37)
(151,6)
(163,22)
(270,41)
(194,29)
(43,20)
(45,39)
(124,29)
(253,36)
(146,41)
(232,5)
(167,32)
(222,20)
(76,17)
(256,10)
(176,21)
(75,44)
(137,7)
(175,33)
(98,21)
(94,46)
(291,26)
(37,4)
(172,38)
(94,9)
(171,5)
(276,44)
(108,13)
(158,13)
(57,4)
(213,38)
(148,4)
(19,10)
(152,45)
(99,29)
(127,1)
(193,30)
(243,40)
(289,10)
(251,12)
(146,46)
(4,45)
(148,38)
(136,47)
(287,39)
(162,41)
(39,1)
(122,23)
(19,27)
(172,27)
(230,39)
(187,33)
(184,14)
(114,11)
(80,0)
(73,46)
(236,45)
(90,15)
(77,24)
(225,38)
(169,17)
(238,28)
(29,17)
(106,23)
(216,24)
(254,30)
(95,44)
(83,21)
(2,12)
(64,24)
(10,25)
(285,38)
(216,27)
(267,38)
(158,24)
(44,37)
(84,36)
(165,10)
(111,35)
(278,37)
(57,28)
(99,2)
(19,16)
(105,17)
(290,43)
(93,3)
(169,21)
(144,45)
(99,30)
(278,19)
(71,26)
(72,14)
(298,33)
(57,19)
(10,26)
(220,1)
(185,1)
(56,16)
(26,32)
(292,39)
(297,3)
(103,21)
(283,6)
(69,3)
(135,21)
(232,13)
(220,6)
(153,19)
(214,8)
(252,38)
(195,32)
(270,27)
(20,7)
(262,44)
(154,7)
(96,20)
(188,16)
(34,41)
(210,47)
(220,9)
(182,41)
(116,15)
(69,34)
(214,33)
(238,5)
(62,15)
(86,4)
(197,1)
(193,11)
(209,6)
(155,26)
(31,3)
(192,18)
(196,26)
(9,1)
(214,4)
(228,4)
(134,35)
(260,30)
(58,45)
(259,46)
(71,2)
(242,32)
(288,47)
(233,44)
(205,8)
(244,1)
(250,28)
(228,43)
(20,46)
(78,6)
(1,13)
(4,19)
(41,15)
(234,26)
(32,33)
(289,34)
(13,45)
(51,16)
(199,7)
(221,28)
(176,27)
(31,32)
(31,6)
(257,9)
(164,19)
(152,30)
(170,22)
(199,3)
(230,28)
(197,21)
(110,47)
(258,7)
(257,46)
(272,25)
(50,35)
(155,8)
(262,8)
(273,12)
(283,42)
(131,34)
(62,29)
(132,31)
(118,2)
(95,12)
(4,17)
(158,12)
(95,2)
(64,7)
(188,37)
(158,4)
(268,47)
(298,32)
(285,5)
(135,42)
(159,9)
(193,13)
(86,15)
(246,33)
(129,44)
(270,6)
(228,40)
(96,46)
(219,24)
(73,3)
(87,32)
(59,28)
(32,36)
(89,6)
(173,23)
(80,2)
(63,3)
(139,41)
(163,26)
(297,5)
(15,20)
(237,10)
(66,2)
(127,28)
(223,22)
(245,7)
(95,8)
(248,47)
(6,2)
(115,7)
(11,32)
(125,15)
(252,40)
(209,8)
(149,12)
(257,31)
(3,20)
(30,36)
(5,27)
(266,31)
(115,46)
(116,33)
(151,23)
(50,10)
(284,35)
(56,43)
(274,20)
(69,18)
(221,46)
(33,41)
(8,9)
(41,36)
(298,17)
(85,38)
(120,8)
(233,0)
(263,32)
(283,1)
(139,30)
(25,19)
(141,7)
(266,6)
(59,19)
(39,46)
(75,34)
(276,15)
(144,39)
(94,1)
(192,41)
(250,31)
(255,21)
(135,1)
(68,36)
(221,5)
(164,17)
(268,19)
(205,2)
(125,17)
(132,16)
(14,25)
(125,2)
(50,24)
(77,36)
(23,10)
(242,15)
(295,15)
(154,19)
(210,38)
(172,6)
(60,26)
(206,34)
(45,12)
(293,35)
(108,24)
(232,21)
(144,14)
(202,2)
(267,47)
(19,17)
(95,25)
(223,44)
(215,7)
(272,11)
(161,27)
(182,4)
(95,32)
(67,2)
(240,28)
(28,19)
(80,14)
(130,2)
(259,39)
(96,40)
(180,33)
(240,3)
(262,22)
(242,19)
(262,47)
(60,27)
(84,20)
(166,11)
(131,22)
(198,18)
(110,13)
(34,28)
(117,21)
(112,36)
(239,11)
(247,7)
(109,14)
(278,26)
(133,4)
(65,21)
(86,36)
(39,21)
(238,38)
(27,6)
(82,11)
(284,20)
(265,3)
(146,11)
(64,6)
(128,14)
(66,16)
(154,36)
(233,21)
(273,28)
(91,24)
(42,8)
(163,42)
(228,46)
(90,41)
(260,4)
(107,21)
(282,17)
(29,30)
(270,40)
(174,10)
(150,34)
(6,45)
(194,33)
(279,46)
(210,46)
(182,16)
(270,47)
(11,26)
(76,1)
(190,19)
(231,43)
(84,23)
(225,5)
(299,5)
(77,14)
(291,10)
(160,31)
(92,11)
(197,4)
(177,32)
(151,46)
(101,35)
(23,37)
(112,23)
(116,13)
(137,39)
(293,12)
(256,41)
(197,3)
(198,31)
(18,4)
(281,20)
(29,47)
(63,36)
(286,12)
(127,29)
(174,38)
(172,13)
(144,6)
(142,13)
(203,19)
(237,1)
(56,34)
(103,15)
(104,47)
(46,2)
(104,16)
(101,33)
(215,44)
(83,17)
(153,30)
(258,14)
(295,3)
(15,11)
(256,6)
(106,10)
(107,33)
(21,40)
(6,41)
(118,42)
(40,3)
(125,35)
(234,32)
(158,6)
(227,30)
(31,21)
(87,27)
(265,46)
(118,6)
(168,26)
(76,6)
(7,1)
(17,26)
(40,6)
(157,20)
(299,13)
(96,26)
(53,20)
(268,22)
(256,34)
(284,28)
(182,14)
(25,22)
(69,26)
(46,46)
(28,42)
(15,12)
(248,36)
(0,3)
(144,10)
(166,20)
(170,39)
(84,35)
(0,8)
(45,31)
(69,35)
(251,15)
(213,42)
(273,40)
(92,45)
(162,28)
(160,5)
(90,27)
(99,18)
(210,4)
(78,12)
(164,1)
(124,34)
(142,25)
(145,11)
(143,11)
(159,2)
(40,10)
(125,28)
(25,46)
(270,29)
(79,20)
(132,2)
(171,29)
(194,21)
(241,43)
(113,2)
(251,21)
(36,21)
(49,29)
(224,32)
(211,0)
(79,12)
(231,17)
(234,12)
(226,35)
(155,14)
(247,29)
(135,4)
(212,29)
(41,13)
(48,30)
(19,43)
(257,40)
(159,46)
(3,29)
(270,20)
(240,7)
(207,11)
(10,41)
(187,18)
(73,10)
(214,9)
(257,24)
(222,19)
(164,27)
(66,32)
(90,39)
(80,4)
(199,35)
(251,0)
(139,23)
(30,14)
(264,8)
(296,16)
(152,4)
(237,39)
(175,43)
(217,22)
(239,5)
(253,46)
(108,20)
(54,5)
(109,44)
(59,7)
(58,7)
(226,40)
(82,15)
(246,30)
(116,26)
(40,21)
(268,26)
(269,25)
(147,24)
(200,18)
(197,8)
(287,6)
(16,6)
(157,5)
(188,41)
(213,37)
(101,19)
(6,24)
(29,36)
(299,17)
(23,36)
(178,31)
(86,27)
(267,28)
(174,6)
(151,15)
(183,19)
(289,28)
(147,5)
(286,7)
(293,6)
(98,7)
(59,20)
(170,45)
(101,2)
(13,25)
(153,20)
(161,17)
(42,18)
(284,12)
(171,25)
(177,24)
(17,46)
(93,11)
(157,28)
(130,33)
(123,5)
(206,22)
(35,19)
(297,0)
(219,2)
(175,36)
(84,41)
(265,37)
(40,45)
(200,24)
(234,36)
(298,45)
(169,19)
(200,9)
(264,40)
(133,6)
(94,16)
(294,46)
(285,10)
(125,20)
(130,1)
(100,1)
(295,18)
(246,38)
(233,26)
(237,27)
(69,21)
(38,24)
(116,21)
(62,41)
(115,17)
(251,28)
(263,15)
(261,3)
(2,28)
(43,12)
(295,12)
(253,23)
(269,4)
(60,5)
(262,19)
(210,36)
(20,3)
(62,20)
(227,3)
(2,34)
(269,3)
(236,38)
(265,21)
(203,43)
(23,5)
(172,43)
(258,2)
(81,27)
(189,34)
(110,22)
(63,19)
(74,47)
(21,5)
(136,19)
(285,35)
(236,30)
(184,37)
(90,29)
(65,18)
(150,4)
(257,10)
(205,7)
(135,3)
(95,34)
(15,17)
(226,0)
(180,16)
(234,47)
(289,39)
(101,6)
(99,43)
(165,18)
(206,44)
(153,31)
(87,11)
(198,12)
(247,34)
(169,8)
(288,12)
(261,33)
(192,10)
(152,42)
(286,38)
(55,11)
(267,34)
(269,23)
(237,19)
(7,18)
(37,43)
(213,41)
(10,23)
(174,1)
(19,19)
(44,22)
(151,40)
(117,18)
(244,33)
(115,25)
(282,21)
(107,4)
(121,2)
(1,39)
(265,35)
(21,14)
(92,9)
(251,47)
(177,0)
(167,46)
(256,1)
(185,44)
(157,24)
(8,19)
(171,23)
(155,11)
(280,8)
(8,25)
(3,0)
(71,7)
(159,22)
(26,16)
(115,26)
(54,32)
(154,32)
(7,8)
(285,37)
(281,24)
(204,11)
(215,26)
(285,23)
(138,6)
(220,41)
(84,44)
(34,10)
(116,6)
(149,15)
(177,42)
(109,2)
(297,37)
(114,45)
(161,24)
(22,18)
(159,31)
(89,37)
(269,22)
(19,13)
(4,33)
(291,9)
(210,29)
(253,24)
(289,24)
(186,21)
(185,38)
(166,40)
(160,24)
(273,22)
(98,19)
(57,38)
(279,16)
(236,7)
(237,34)
(120,23)
(70,3)
(55,44)
(71,41)
(164,21)
(31,38)
(199,42)
(109,40)
(39,41)
(250,6)
(88,14)
(215,33)
(277,21)
(147,28)
(232,45)
(141,20)
(179,34)
(273,9)
(125,37)
(109,11)
(5,34)
(91,2)
(50,11)
(154,26)
(207,1)
(10,35)
(189,3)
(41,4)
(105,37)
(145,46)
(197,11)
(282,7)
(84,22)
(16,8)
(109,27)
(145,6)
(279,29)
(39,45)
(44,9)
(249,12)
(95,27)
(215,42)
(202,8)
(11,33)
(242,10)
(218,31)
(104,41)
(59,27)
(260,31)
(169,41)
(26,19)
(152,20)
(93,12)
(85,41)
(263,8)
(20,32)
(207,4)
(9,20)
(297,33)
(21,41)
(0,7)
(227,31)
(198,9)
(131,4)
(221,26)
(106,32)
(142,7)
(185,40)
(170,20)
(37,34)
(125,39)
(296,36)
(189,36)
(36,35)
(82,8)
(238,33)
(237,24)
(97,31)
(251,34)
(157,29)
(41,34)
(36,12)
(258,20)
(253,15)
(215,43)
(170,24)
(157,13)
(237,16)
(129,46)
(271,41)
(209,42)
(146,6)
(154,40)
(155,9)
(127,12)
(276,35)
(127,6)
(298,9)
(87,41)
(260,43)
(276,1)
(260,33)
(118,9)
(66,4)
(0,14)
(234,15)
(187,47)
(185,5)
(135,17)
(280,27)
(170,10)
(288,31)
(82,37)
(262,20)
(261,21)
(130,9)
(199,37)
(223,29)
(273,7)
(145,29)
(129,5)
(49,24)
(197,44)
(33,6)
(216,18)
(90,47)
(175,20)
(163,12)
(241,3)
(230,44)
(286,36)
(220,12)
(24,16)
(38,41)
(210,30)
(7,16)
(242,4)
(249,2)
(95,38)
(19,42)
(252,25)
(263,31)
(127,30)
(179,24)
(233,23)
(121,28)
(9,43)
(66,18)
(171,39)
(274,35)
(231,26)
(290,20)
(24,31)
(220,18)
(179,19)
(80,32)
(236,10)
(103,40)
(277,4)
(86,8)
(17,38)
(47,12)
(49,10)
(16,39)
(33,45)
(6,10)
(267,20)
(270,18)
(201,43)
(245,16)
(208,41)
(115,23)
(230,8)
(167,22)
(128,10)
(50,12)
(67,29)
(174,47)
(257,5)
(44,21)
(81,43)
(225,39)
(12,6)
(55,17)
(188,10)
(248,8)
(149,4)
(75,16)
(124,13)
(152,7)
(117,16)
(113,30)
(35,4)
(174,45)
(28,12)
(155,46)
(86,16)
(47,6)
(70,8)
(20,35)
(50,37)
(40,7)
(282,10)
(272,5)
(258,28)
(268,44)
(158,0)
(149,21)
(71,16)
(33,42)
(100,14)
(27,24)
(228,14)
(218,3)
(32,12)
(6,23)
(129,36)
(277,8)
(289,31)
(38,17)
(236,18)
(210,13)
(150,8)
(252,45)
(27,12)
(273,41)
(246,29)
(229,34)
(41,3)
(90,1)
(240,17)
(257,25)
(13,24)
(241,31)
(83,7)
(91,25)
(140,6)
(210,14)
(140,36)
(284,25)
(86,9)
(290,16)
(206,25)
(99,40)
(1,15)
(184,7)
(250,30)
(201,1)
(0,6)
(0,43)
(248,46)
(75,39)
(138,38)
(10,33)
(219,7)
(176,33)
(11,15)
(163,7)
(281,7)
(55,33)
(20,42)
(198,33)
(29,2)
(67,19)
(100,23)
(22,27)
(39,33)
(119,14)
(218,43)
(128,13)
(25,20)
(239,24)
(181,35)
(296,42)
(153,1)
(138,8)
(240,18)
(44,2)
(164,45)
(266,33)
(204,45)
(297,36)
(257,32)
(52,23)
(75,8)
(121,41)
(172,18)
(70,21)
(9,31)
(67,32)
(4,30)
(290,34)
(279,6)
(188,39)
(285,19)
(168,6)
(141,26)
(218,23)
(48,27)
(38,31)
(60,19)
(185,12)
(166,3)
(194,9)
(268,41)
(4,11)
(245,36)
(167,3)
(39,30)
(292,42)
(9,22)
(147,36)
(68,46)
(208,7)
(253,32)
(231,2)
(23,4)
(203,26)
(261,13)
(78,43)
(224,10)
(63,15)
(140,35)
(193,34)
(189,2)
(292,28)
(298,6)
(75,25)
(9,35)
(292,35)
(208,19)
(32,20)
(3,3)
(224,43)
(142,2)
(209,45)
(66,10)
(255,2)
(0,2)
(71,6)
(276,8)
(12,38)
(116,35)
(59,25)
(71,19)
(43,33)
(1,23)
(176,28)
(228,7)
(297,38)
(243,26)
(274,36)
(175,31)
(70,11)
(62,37)
(14,14)
(39,23)
(0,20)
(31,14)
(238,11)
(53,39)
(219,39)
(290,7)
(29,20)
(163,36)
(144,32)
(180,42)
(298,11)
(299,7)
(140,12)
(250,38)
(116,1)
(15,36)
(14,20)
(105,41)
(138,18)
(7,17)
(262,24)
(285,14)
(29,18)
(73,23)
(137,11)
(238,40)
(136,27)
(51,11)
(79,44)
(292,10)
(232,26)
(50,33)
(202,46)
(5,21)
(200,13)
(206,9)
(234,23)
(214,13)
(268,28)
(234,40)
(219,43)
(98,23)
(119,30)
(100,7)
(82,44)
(100,40)
(154,4)
(266,43)
(128,3)
(196,16)
(229,6)
(77,8)
(81,15)
(74,21)
(135,15)
(66,13)
(106,8)
(163,46)
(8,4)
(183,12)
(31,11)
(52,24)
(7,7)
(291,36)
(106,12)
(262,11)
(281,18)
(255,19)
(109,41)
(74,26)
(236,22)
(26,44)
(84,18)
(228,36)
(267,22)
(230,21)
(14,9)
(96,10)
(116,45)
(223,35)
(14,28)
(154,1)
(163,4)
(36,47)
(67,22)
(147,15)
(158,47)
(82,2)
(58,23)
(211,21)
(198,3)
(284,27)
(45,19)
(176,6)
(34,45)
(0,21)
(21,4)
(189,31)
(277,26)
(64,43)
(239,6)
(239,35)
(1,6)
(184,10)
(230,18)
(189,33)
(113,5)
(105,15)
(62,4)
(195,28)
(260,16)
(10,27)
(14,7)
(93,17)
(173,37)
(221,2)
(103,20)
(100,30)
(224,42)
(0,26)
(73,9)
(231,42)
(65,36)
(39,20)
(158,1)
(236,35)
(222,7)
(140,15)
(77,4)
(240,12)
(44,35)
(5,1)
(160,16)
(241,9)
(25,3)
(238,36)
(73,34)
(102,14)
(168,30)
(269,29)
(85,22)
(182,26)
(23,27)
(4,26)
(192,31)
(181,31)
(202,33)
(18,38)
(17,18)
(198,13)
(293,29)
(293,15)
(202,10)
(185,36)
(296,12)
(122,16)
(21,28)
(250,33)
(175,37)
(32,8)
(68,24)
(237,30)
(136,36)
(8,8)
(163,24)
(163,16)
(279,15)
(224,29)
(25,12)
(66,37)
(46,40)
(257,27)
(185,35)
(127,46)
(24,15)
(153,28)
(53,15)
(108,1)
(113,25)
(229,22)
(37,7)
(47,32)
(33,43)
(180,3)
(214,14)
(67,4)
(39,32)
(4,46)
(198,41)
(185,11)
(241,47)
(202,20)
(90,32)
(141,35)
(57,14)
(38,32)
(228,39)
(275,46)
(13,44)
(144,24)
(217,14)
(156,4)
(77,33)
(58,25)
(33,2)
(20,37)
(114,1)
(94,44)
(233,42)
(3,10)
(183,44)
(192,13)
(203,31)
(114,13)
(151,10)
(128,18)
(180,9)
(21,2)
(13,29)
(288,39)
(234,20)
(159,38)
(28,1)
(29,7)
(243,7)
(114,15)
(268,31)
(28,7)
(172,14)
(177,47)
(15,40)
(116,30)
(14,1)
(21,7)
(175,47)
(294,17)
(109,32)
(24,20)
(3,12)
(62,43)
(60,36)
(167,38)
(93,43)
(210,18)
(72,37)
(245,6)
(141,36)
(29,19)
(188,11)
(183,4)
(18,1)
(9,26)
(75,27)
(233,10)
(108,9)
(15,7)
(152,25)
(39,39)
(256,5)
(104,19)
(218,33)
(284,31)
(263,27)
(18,12)
(1,3)
(222,45)
(208,20)
(192,19)
(113,12)
(261,7)
(77,5)
(184,26)
(273,29)
(166,2)
(207,43)
(198,47)
(120,21)
(178,15)
(47,10)
(95,37)
(84,40)
(22,35)
(38,26)
(168,21)
(91,15)
(285,33)
(101,31)
(283,3)
(239,21)
(242,44)
(54,2)
(261,34)
(21,10)
(208,11)
(257,28)
(49,3)
(272,26)
(62,46)
(215,16)
(179,30)
(37,19)
(82,33)
(56,13)
(241,16)
(266,18)
(36,37)
(292,20)
(295,31)
(179,1)
(51,34)
(123,47)
(15,16)
(49,39)
(123,43)
(271,46)
(198,34)
(129,14)
(243,3)
(102,32)
(95,40)
(104,43)
(127,45)
(200,10)
(182,13)
(22,15)
(240,0)
(226,45)
(143,26)
(51,33)
(87,30)
(262,13)
(250,24)
(118,17)
(137,28)
(298,13)
(158,22)
(299,35)
(185,8)
(245,44)
(56,20)
(240,37)
(173,11)
(73,2)
(224,41)
(130,32)
(185,45)
(34,32)
(86,12)
(195,19)
(36,27)
(21,27)
(216,0)
(269,36)
(212,0)
(157,12)
(110,10)
(81,46)
(33,13)
(43,4)
(215,45)
(189,43)
(8,35)
(254,20)
(13,26)
(226,5)
(172,12)
(101,18)
(292,22)
(169,27)
(32,17)
(139,13)
(190,3)
(225,26)
(154,34)
(23,26)
(258,4)
(279,23)
(112,30)
(71,47)
(33,20)
(140,47)
(215,46)
(47,27)
(37,39)
(237,8)
(55,13)
(189,25)
(293,22)
(209,32)
(237,6)
(102,30)
(177,13)
(29,8)
(186,12)
(68,32)
(61,2)
(112,31)
(296,29)
(25,27)
(215,1)
(136,38)
(56,38)
(74,16)
(190,10)
(190,25)
(248,16)
(201,10)
(137,42)
(95,18)
(111,21)
(93,8)
(191,16)
(13,7)
(243,18)
(19,6)
(196,14)
(8,14)
(237,17)
(51,26)
(47,8)
(183,31)
(63,41)
(288,14)
(282,5)
(286,21)
(298,46)
(124,20)
(143,19)
(153,15)
(275,44)
(145,27)
(167,5)
(228,15)
(217,13)
(164,16)
(153,38)
(99,23)
(177,16)
(142,14)
(181,42)
(271,25)
(264,19)
(292,3)
(216,9)
(200,33)
(22,37)
(283,38)
(134,27)
(193,33)
(297,16)
(215,17)
(66,31)
(119,17)
(35,26)
(193,9)
(230,26)
(213,19)
(272,1)
(67,47)
(267,14)
(288,8)
(34,20)
(149,5)
(70,16)
(159,8)
(128,46)
(0,35)
(163,35)
(296,14)
(192,36)
(39,28)
(137,30)
(282,19)
(148,19)
(280,7)
(9,42)
(39,18)
(127,16)
(101,8)
(75,5)
(108,12)
(263,36)
(276,38)
(248,11)
(168,32)
(115,29)
(234,10)
(189,47)
(272,10)
(149,45)
(230,7)
(253,10)
(201,41)
(250,9)
(161,22)
(197,15)
(137,25)
(85,4)
(271,45)
(136,29)
(84,12)
(259,45)
(296,28)
(117,37)
(104,22)
(116,0)
(180,38)
(167,14)
(151,30)
(258,1)
(80,5)
(163,6)
(198,39)
(109,39)
(28,32)
(105,35)
(127,24)
(87,17)
(222,3)
(19,30)
(168,5)
(281,39)
(296,34)
(111,29)
(160,43)
(28,45)
(195,34)
(75,1)
(44,18)
(17,35)
(163,9)
(158,3)
(92,44)
(296,25)
(31,9)
(7,2)
(189,19)
(40,26)
(216,5)
(112,22)
(151,47)
(171,32)
(269,14)
(101,30)
(277,22)
(104,11)
(71,10)
(185,7)
(275,41)
(62,6)
(126,24)
(280,44)
(37,44)
(173,34)
(199,5)
(234,45)
(85,3)
(272,6)
(270,26)
(198,23)
(43,30)
(66,9)
(104,29)
(130,12)
(188,5)
(190,14)
(183,10)
(115,1)
(215,40)
(97,20)
(181,46)
(10,6)
(174,15)
(299,12)
(219,42)
(216,11)
(161,19)
(62,13)
(2,6)
(95,31)
(136,13)
(141,2)
(177,19)
(193,37)
(246,34)
(42,6)
(224,31)
(55,14)
(186,5)
(77,19)
(79,42)
(281,19)
(197,35)
(207,21)
(60,6)
(32,41)
(28,9)
(256,14)
(294,13)
(266,12)
(72,8)
(206,40)
(35,1)
(89,18)
(273,46)
(122,21)
(123,8)
(287,29)
(99,4)
(26,40)
(86,32)
(129,27)
(2,7)
(124,6)
(151,19)
(166,30)
(282,20)
(161,0)
(114,40)
(242,37)
(153,25)
(220,17)
(290,31)
(194,8)
(135,23)
(251,10)
(126,5)
(27,47)
(86,14)
(223,16)
(179,44)
(137,34)
(103,37)
(182,23)
(188,6)
(134,10)
(198,30)
(41,38)
(185,3)
(256,25)
(23,40)
(156,5)
(196,31)
(256,9)
(214,26)
(68,30)
(87,25)
(254,9)
(201,18)
(24,34)
(254,47)
(138,23)
(38,30)
(7,31)
(198,6)
(180,41)
(73,26)
(261,41)
(98,41)
(139,17)
(258,27)
(229,29)
(290,27)
(296,3)
(206,2)
(227,22)
(254,32)
(237,15)
(279,45)
(102,19)
(15,3)
(138,17)
(136,23)
(71,14)
(126,38)
(130,38)
(255,47)
(95,7)
(92,16)
(66,7)
(274,15)
(272,29)
(77,16)
(137,35)
(177,14)
(55,32)
(13,36)
(225,8)
(34,18)
(106,9)
(157,26)
(76,22)
(106,40)
(270,23)
(149,28)
(238,21)
(216,10)
(51,3)
(130,35)
(75,3)
(157,6)
(159,7)
(7,33)
(142,19)
(168,12)
(252,15)
(74,42)
(225,37)
(75,28)
(208,36)
(283,23)
(215,5)
(219,5)
(270,30)
(182,5)
(23,46)
(127,22)
(174,3)
(282,26)
(40,32)
(281,26)
(266,32)
(242,38)
(171,37)
(22,42)
(45,38)
(153,35)
(0,13)
(13,41)
(175,42)
(33,8)
(208,44)
(272,34)
(35,10)
(132,29)
(248,1)
(219,28)
(295,23)
(266,1)
(229,8)
(41,26)
(164,30)
(2,24)
(290,41)
(164,10)
(248,3)
(157,8)
(288,20)
(105,14)
(100,18)
(99,17)
(102,23)
(104,32)
(220,2)
(220,22)
(296,38)
(77,32)
(33,23)
(18,15)
(103,10)
(158,11)
(286,37)
(109,31)
(1,26)
(187,0)
(298,40)
(243,31)
(275,28)
(217,10)
(53,28)
(196,15)
(150,27)
(223,45)
(182,47)
(41,41)
(68,29)
(179,22)
(17,29)
(137,29)
(62,10)
(274,34)
(296,33)
(99,35)
(145,39)
(157,19)
(187,15)
(231,18)
(140,30)
(198,37)
(265,15)
(178,33)
(210,31)
(178,13)
(150,32)
(31,28)
(206,4)
(113,18)
(246,10)
(291,41)
(206,38)
(99,27)
(173,25)
(265,18)
(290,37)
(258,29)
(245,10)
(220,14)
(0,29)
(190,9)
(58,4)
(77,0)
(92,41)
(178,8)
(93,23)
(162,45)
(143,14)
(42,39)
(285,24)
(208,31)
(155,4)
(43,13)
(21,45)
(12,0)
(191,4)
(219,25)
(288,9)
(23,42)
(269,12)
(283,19)
(77,11)
(56,27)
(91,5)
(163,3)
(214,38)
(265,34)
(36,40)
(50,13)
(182,10)
(56,29)
(155,3)
(149,13)
(74,40)
(265,6)
(162,22)
(52,7)
(29,4)
(149,3)
(292,36)
(92,4)
(222,27)
(149,19)
(227,13)
(152,34)
(122,26)
(86,46)
(169,5)
(267,41)
(137,4)
(180,47)
(159,25)
(267,25)
(171,19)
(205,13)
(221,23)
(156,14)
(233,3)
(22,10)
(19,35)
(291,21)
(93,33)
(162,31)
(297,35)
(62,9)
(28,26)
(196,13)
(269,20)
(13,39)
(129,16)
(115,44)
(6,8)
(295,25)
(286,20)
(4,43)
(60,30)
(180,15)
(179,15)
(181,37)
(42,34)
(220,24)
(71,5)
(222,9)
(164,4)
(52,35)
(191,11)
(230,6)
(77,27)
(44,26)
(76,8)
(256,2)
(294,31)
(54,1)
(38,28)
(114,30)
(149,7)
(155,30)
(272,15)
(293,44)
(217,41)
(260,26)
(260,19)
(3,1)
(108,27)
(0,1)
(62,40)
(54,46)
(79,15)
(189,6)
(189,4)
(163,2)
(210,22)
(222,23)
(146,1)
(245,38)
(199,40)
(30,33)
(247,39)
(262,43)
(247,8)
(26,39)
(191,2)
(253,34)
(208,39)
(138,31)
(77,21)
(6,5)
(266,22)
(171,42)
(167,8)
(236,12)
(260,2)
(209,17)
(245,20)
(298,42)
(22,9)
(78,26)
(186,30)
(189,15)
(92,37)
(290,4)
(42,19)
(254,14)
(256,11)
(224,39)
(45,13)
(40,28)
(282,45)
(255,46)
(6,4)
(284,38)
(19,29)
(88,15)
(269,15)
(182,37)
(13,31)
(294,27)
(102,24)
(228,3)
(93,44)
(94,4)
(35,20)
(225,11)
(148,23)
(71,9)
(291,8)
(21,22)
(40,27)
(266,44)
(179,6)
(295,5)
(263,16)
(185,2)
(143,30)
(294,2)
(237,9)
(32,38)
(295,38)
(220,27)
(156,0)
(16,13)
(61,38)
(127,5)
(98,28)
(188,7)
(264,28)
(53,13)
(16,14)
(285,32)
(48,3)
(32,42)
(115,19)
(77,23)
(172,30)
(29,35)
(82,42)
(208,37)
(56,44)
(29,3)
(188,35)
(194,41)
(201,22)
(237,42)
(75,40)
(291,30)
(192,21)
(0,22)
(25,8)
(277,35)
(206,12)
(38,2)
(190,33)
(143,6)
(207,44)
(115,27)
(233,45)
(239,36)
(62,25)
(88,10)
(147,33)
(215,37)
(46,25)
(232,40)
(60,39)
(79,14)
(123,0)
(69,23)
(240,10)
(38,45)
(237,18)
(180,18)
(107,25)
(56,37)
(149,37)
(274,3)
(59,18)
(28,38)
(245,28)
(32,0)
(139,28)
(281,15)
(275,22)
(196,42)
(280,17)
(7,27)
(248,23)
(133,2)
(194,22)
(193,5)
(163,11)
(191,33)
(79,10)
(43,31)
(189,1)
(152,16)
(110,37)
(180,27)
(3,41)
(197,9)
(234,34)
(91,21)
(82,22)
(254,15)
(10,29)
(179,32)
(239,20)
(296,9)
(266,0)
(2,29)
(119,19)
(31,37)
(83,25)
(290,8)
(203,46)
(273,4)
(219,41)
(257,22)
(106,46)
(128,40)
(224,11)
(129,13)
(130,26)
(257,23)
(0,46)
(179,45)
(257,26)
(57,21)
(213,39)
(163,14)
(19,12)
(130,7)
(208,22)
(254,37)
(153,17)
(163,37)
(280,19)
(279,19)
(21,47)
(90,23)
(280,9)
(31,27)
(92,28)
(5,45)
(124,10)
(220,10)
(35,3)
(148,36)
(207,20)
(183,16)
(178,16)
(231,9)
(264,5)
(91,46)
(213,7)
(197,17)
(79,11)
(177,29)
(12,28)
(204,27)
(271,38)
(7,0)
(1,19)
(31,24)
(79,23)
(52,21)
(51,40)
(114,10)
(211,39)
(233,22)
(174,5)
(183,45)
(269,10)
(29,26)
(237,33)
(211,12)
(147,1)
(65,43)
(212,8)
(170,36)
(159,45)
(215,4)
(78,18)
(204,20)
(221,15)
(106,22)
(202,9)
(57,41)
(13,15)
(161,34)
(244,5)
(192,27)
(205,1)
(173,42)
(59,1)
(109,5)
(88,24)
(93,21)
(2,5)
(83,32)
(159,41)
(61,3)
(2,19)
(123,15)
(40,39)
(119,21)
(184,32)
(248,25)
(67,41)
(207,2)
(131,36)
(294,21)
(137,19)
(237,14)
(173,4)
(245,25)
(270,37)
(254,1)
(70,45)
(274,6)
(263,4)
(182,19)
(33,3)
(11,28)
(111,47)
(207,37)
(34,44)
(23,21)
(140,24)
(252,2)
(187,23)
(143,41)
(256,16)
(293,32)
(208,14)
(20,14)
(65,22)
(29,43)
(178,17)
(73,5)
(100,24)
(143,22)
(213,15)
(143,5)
(40,35)
(59,23)
(95,41)
(295,44)
(5,28)
(11,44)
(185,34)
(78,7)
(162,47)
(183,38)
(92,29)
(71,11)
(81,37)
(83,40)
(114,35)
(250,39)
(102,20)
(121,33)
(225,19)
(20,36)
(83,42)
(134,28)
(187,41)
(262,46)
(208,47)
(279,9)
(158,31)
(218,15)
(76,41)
(160,23)
(27,29)
(19,38)
(47,39)
(45,23)
(202,42)
(57,6)
(204,39)
(99,34)
(205,32)
(57,7)
(285,16)
(100,31)
(24,28)
(43,37)
(160,30)
(205,19)
(6,18)
(147,42)
(166,45)
(90,19)
(254,31)
(179,47)
(138,36)
(7,26)
(288,1)
(113,14)
(24,2)
(163,38)
(129,18)
(244,14)
(7,21)
(197,28)
(29,38)
(175,7)
(44,30)
(216,42)
(6,33)
(218,17)
(124,17)
(219,22)
(234,35)
(136,21)
(298,28)
(110,18)
(288,17)
(112,12)
(157,30)
(165,43)
(204,25)
(245,47)
(174,9)
(264,6)
(254,39)
(177,23)
(57,32)
(147,37)
(269,39)
(124,40)
(38,22)
(173,10)
(141,39)
(41,27)
(182,7)
(212,22)
(272,21)
(3,6)
(267,15)
(103,29)
(166,41)
(30,18)
(231,19)
(119,45)
(65,3)
(276,45)
(299,47)
(230,42)
(223,8)
(96,21)
(201,14)
(228,34)
(138,26)
(85,37)
(228,18)
(102,46)
(61,17)
(188,23)
(124,36)
(193,6)
(294,34)
(266,3)
(95,26)
(283,34)
(15,45)
(38,35)
(284,6)
(267,16)
(179,14)
(61,16)
(110,20)
(198,36)
(130,15)
(10,18)
(216,15)
(143,33)
(296,30)
(108,22)
(237,12)
(272,13)
(128,43)
(83,6)
(275,40)
(164,18)
(185,25)
(281,45)
(295,6)
(94,12)
(144,42)
(157,35)
(199,27)
(7,45)
(132,35)
(201,44)
(66,19)
(75,18)
(164,25)
(177,5)
(211,29)
(128,15)
(270,10)
(214,24)
(119,2)
(187,20)
(5,4)
(266,4)
(148,34)
(213,33)
(291,43)
(162,7)
(63,34)
(174,29)
(110,11)
(219,26)
(119,18)
(97,34)
(261,40)
(173,45)
(113,39)
(251,8)
(7,30)
(161,21)
(30,19)
(21,29)
(13,9)
(42,12)
(219,36)
(11,41)
(168,2)
(82,28)
(95,17)
(270,19)
(292,5)
(279,26)
(121,12)
(4,24)
(97,4)
(230,25)
(267,36)
(199,12)
(202,36)
(100,2)
(215,41)
(266,28)
(168,8)
(232,0)
(260,11)
(80,29)
(176,3)
(212,24)
(259,21)
(183,20)
(168,19)
(273,37)
(41,8)
(239,25)
(192,1)
(29,39)
(202,40)
(299,1)
(240,14)
(152,26)
(59,46)
(10,43)
(29,16)
(211,47)
(150,36)
(108,16)
(294,6)
(58,17)
(227,14)
(118,34)
(280,26)
(224,26)
(59,26)
(60,17)
(50,3)
(85,35)
(239,27)
(124,39)
(170,46)
(287,5)
(8,36)
(66,14)
(128,39)
(23,12)
(9,32)
(102,6)
(174,30)
(293,27)
(16,34)
(167,34)
(219,3)
(265,17)
(118,40)
(247,28)
(236,14)
(246,37)
(212,4)
(160,8)
(77,45)
(118,1)
(231,11)
(67,17)
(297,11)
(212,36)
(85,7)
(144,7)
(10,15)
(120,22)
(30,15)
(284,33)
(231,15)
(23,17)
(231,36)
(271,35)
(109,25)
(224,36)
(240,30)
(18,13)
(258,47)
(261,43)
(23,11)
(159,24)
(169,46)
(253,11)
(50,1)
(282,39)
(153,23)
(159,4)
(55,27)
(282,41)
(227,19)
(287,47)
(222,37)
(121,40)
(100,27)
(116,47)
(32,27)
(271,2)
(277,47)
(180,35)
(214,28)
(244,40)
(263,26)
(85,32)
(256,12)
(226,14)
(26,36)
(250,7)
(235,16)
(50,28)
(43,26)
(137,22)
(221,30)
(112,26)
(163,44)
(38,9)
(149,40)
(3,21)
(183,46)
(149,14)
(94,25)
(212,31)
(299,4)
(119,5)
(168,4)
(82,18)
(249,40)
(240,34)
(76,30)
(154,24)
(134,34)
(163,20)
(210,41)
(193,7)
(224,35)
(236,6)
(47,29)
(275,36)
(198,17)
(173,43)
(90,6)
(283,20)
(274,42)
(205,24)
(14,32)
(88,47)
(101,38)
(212,23)
(191,12)
(120,5)
(96,33)
(242,16)
(183,18)
(98,6)
(54,0)
(194,4)
(280,23)
(150,19)
(184,25)
(89,8)
(257,44)
(78,9)
(66,34)
(103,26)
(218,27)
(158,37)
(242,35)
(272,31)
(293,45)
(75,9)
(107,10)
(174,17)
(175,38)
(196,10)
(40,8)
(221,10)
(25,14)
(36,44)
(203,30)
(205,30)
(269,17)
(295,20)
(185,33)
(33,16)
(5,39)
(85,47)
(14,12)
(34,39)
(110,40)
(209,7)
(172,46)
(294,22)
(86,33)
(0,11)
(1,34)
(4,21)
(168,27)
(195,40)
(1,41)
(192,14)
(298,39)
(262,27)
(187,4)
(297,13)
(251,39)
(264,26)
(82,30)
(256,33)
(178,6)
(105,19)
(68,4)
(144,31)
(87,24)
(295,1)
(114,17)
(149,32)
(41,30)
(161,8)
(175,13)
(109,28)
(228,31)
(257,20)
(261,11)
(26,35)
(76,29)
(206,21)
(202,47)
(20,5)
(201,35)
(262,14)
(53,41)
(63,4)
(299,19)
(169,1)
(217,42)
(86,19)
(249,4)
(161,32)
(162,3)
(9,24)
(185,41)
(127,36)
(27,25)
(142,46)
(120,33)
(65,13)
(153,43)
(171,38)
(253,25)
(49,23)
(1,9)
(30,39)
(187,6)
(159,11)
(298,8)
(288,3)
(231,31)
(46,21)
(68,26)
(209,41)
(180,32)
(236,27)
(192,11)
(267,46)
(156,38)
(279,17)
(54,7)
(171,3)
(16,2)
(15,34)
(182,36)
(153,41)
(33,38)
(273,8)
(124,25)
(118,41)
(208,34)
(271,6)
(216,40)
(63,47)
(65,28)
(128,8)
(53,10)
(187,45)
(287,34)
(114,16)
(135,43)
(226,8)
(22,12)
(55,6)
(206,29)
(157,18)
(76,43)
(292,34)
(270,9)
(110,15)
(109,43)
(187,38)
(88,4)
(120,25)
(285,29)
(157,44)
(76,4)
(169,42)
(123,46)
(141,27)
(105,12)
(149,47)
(27,35)
(190,39)
(11,11)
(297,26)
(269,35)
(212,2)
(171,43)
(193,22)
(253,21)
(114,29)
(46,32)
(270,16)
(200,7)
(125,44)
(156,11)
(35,7)
(176,2)
(255,6)
(16,41)
(196,25)
(163,31)
(158,28)
(157,42)
(277,1)
(293,46)
(118,27)
(49,38)
(3,28)
(135,44)
(153,2)
(160,12)
(52,5)
(171,18)
(20,18)
(36,10)
(20,30)
(198,19)
(240,27)
(60,29)
(235,1)
(221,31)
(39,12)
(258,8)
(59,16)
(236,39)
(289,9)
(150,5)
(44,17)
(239,30)
(127,43)
(273,17)
(93,27)
(137,37)
(250,21)
(16,23)
(104,13)
(23,25)
(208,26)
(175,8)
(54,3)
(72,15)
(264,31)
(110,31)
(207,6)
(94,28)
(144,11)
(129,3)
(267,39)
(46,8)
(38,23)
(136,32)
(196,34)
(184,45)
(218,29)
(176,30)
(181,22)
(201,9)
(87,18)
(114,34)
(154,41)
(31,46)
(8,22)
(227,44)
(99,46)
(136,14)
(84,16)
(156,33)
(155,45)
(152,32)
(261,4)
(13,35)
(185,17)
(61,5)
(14,11)
(263,11)
(181,40)
(70,6)
(27,42)
(192,15)
(239,19)
(174,23)
(121,23)
(294,36)
(267,24)
(206,27)
(20,15)
(76,10)
(282,9)
(130,42)
(285,30)
(201,3)
(64,45)
(165,29)
(110,21)
(267,31)
(135,2)
(136,11)
(2,20)
(57,37)
(241,0)
(222,24)
(188,28)
(117,43)
(193,24)
(261,23)
(91,22)
(81,47)
(110,24)
(175,17)
(19,45)
(89,26)
(14,29)
(72,42)
(100,37)
(78,32)
(297,28)
(199,18)
(175,23)
(120,18)
(49,12)
(254,5)
(157,10)
(201,27)
(118,39)
(135,7)
(65,37)
(6,25)
(141,10)
(292,27)
(170,3)
(225,18)
(233,24)
(263,3)
(53,34)
(71,12)
(29,25)
(84,13)
(223,11)
(12,21)
(128,44)
(23,31)
(78,44)
(106,25)
(205,38)
(26,29)
(175,44)
(248,2)
(70,32)
(281,29)
(123,22)
(155,1)
(14,24)
(124,47)
(144,40)
(156,40)
(52,10)
(262,23)
(244,16)
(116,44)
(165,12)
(23,28)
(54,17)
(19,15)
(55,24)
(133,21)
(116,29)
(34,26)
(204,24)
(183,41)
(58,6)
(182,25)
(123,7)
(57,20)
(128,27)
(173,28)
(26,7)
(85,12)
(128,21)
(228,5)
(204,12)
(276,13)
(24,3)
(236,8)
(299,14)
(245,12)
(195,17)
(20,33)
(231,29)
(76,7)
(148,20)
(117,35)
(53,2)
(184,22)
(257,38)
(280,13)
(12,1)
(155,5)
(150,24)
(207,8)
(183,5)
(47,23)
(125,14)
(194,11)
(86,11)
(59,41)
(180,36)
(25,33)
(242,20)
(189,28)
(225,32)
(155,32)
(211,11)
(231,10)
(159,27)
(189,35)
(294,5)
(22,39)
(153,27)
(193,4)
(232,15)
(247,2)
(63,10)
(164,39)
(31,25)
(178,42)
(11,19)
(219,16)
(252,21)
(148,21)
(58,46)
(14,39)
(200,37)
(114,5)
(195,12)
(59,4)
(35,40)
(260,41)
(65,9)
(189,9)
(246,8)
(182,38)
(266,40)
(215,22)
(182,0)
(27,16)
(192,17)
(24,37)
(80,30)
(55,10)
(190,24)
(185,10)
(82,43)
(86,44)
(101,5)
(265,20)
(117,26)
(288,45)
(87,26)
(199,33)
(244,38)
(21,43)
(178,43)
(35,18)
(206,47)
(245,2)
(290,40)
(234,29)
(18,22)
(153,22)
(94,40)
(191,18)
(176,45)
(88,13)
(203,0)
(281,12)
(144,21)
(102,25)
(232,16)
(78,17)
(64,46)
(150,46)
(236,15)
(224,44)
(287,17)
(43,32)
(48,32)
(41,31)
(102,17)
(105,7)
(47,42)
(93,24)
(161,11)
(276,34)
(182,18)
(100,44)
(206,30)
(162,15)
(69,16)
(274,10)
(126,16)
(207,28)
(221,1)
(72,25)
(212,3)
(164,29)
(292,31)
(109,15)
(237,46)
(52,40)
(211,2)
(259,6)
(69,40)
(61,1)
(72,13)
(22,40)
(103,25)
(131,18)
(169,14)
(61,35)
(47,19)
(265,14)
(143,24)
(48,46)
(139,38)
(63,38)
(11,12)
(255,17)
(146,13)
(68,28)
(3,7)
(21,21)
(252,44)
(175,39)
(206,45)
(222,11)
(85,40)
(143,40)
(106,39)
(47,43)
(179,42)
(14,45)
(287,2)
(157,25)
(189,26)
(71,4)
(248,10)
(137,6)
(272,23)
(134,38)
(295,9)
(102,36)
(264,39)
(53,25)
(86,30)
(272,38)
(194,45)
(129,32)
(268,13)
(190,22)
(135,19)
(269,45)
(22,24)
(102,45)
(77,25)
(39,13)
(222,30)
(147,23)
(289,13)
(127,23)
(56,5)
(213,1)
(113,37)
(47,41)
(138,16)
(180,13)
(213,9)
(149,23)
(96,25)
(21,36)
(61,9)
(155,21)
(267,17)
(239,45)
(259,14)
(97,41)
(243,34)
(183,32)
(197,27)
(33,17)
(133,14)
(68,22)
(39,7)
(140,23)
(187,35)
(273,25)
(32,5)
(230,9)
(233,32)
(295,47)
(261,26)
(284,43)
(27,31)
(145,2)
(244,43)
(109,33)
(203,5)
(47,3)
(16,17)
(283,10)
(141,46)
(90,30)
(154,46)
(3,23)
(92,15)
(258,19)
(215,9)
(27,45)
(93,32)
(169,38)
(44,40)
(273,20)
(48,33)
(30,30)
(244,8)
(66,26)
(217,0)
(53,24)
(259,27)
(9,30)
(39,24)
(256,35)
(108,18)
(198,26)
(215,29)
(36,29)
(55,45)
(94,43)
(271,26)
(79,28)
(290,12)
(55,5)
(48,18)
(113,28)
(123,11)
(92,17)
(82,34)
(273,32)
(121,24)
(182,12)
(73,28)
(238,41)
(74,20)
(33,25)
(146,31)
(164,26)
(294,42)
(204,26)
(244,6)
(171,31)
(77,2)
(286,40)
(213,30)
(234,42)
(270,7)
(28,3)
(199,28)
(251,24)
(278,41)
(72,45)
(202,5)
(66,22)
(129,42)
(180,22)
(188,24)
(99,16)
(52,25)
(17,41)
(7,22)
(164,14)
(140,31)
(33,40)
(63,33)
(107,40)
(3,9)
(116,10)
(129,34)
(135,34)
(60,4)
(107,8)
(72,2)
(184,9)
(52,2)
(100,5)
(85,36)
(70,33)
(245,33)
(140,7)
(98,15)
(268,25)
(175,3)
(292,2)
(213,44)
(106,31)
(119,32)
(183,47)
(17,9)
(246,28)
(195,22)
(71,32)
(101,9)
(38,43)
(206,28)
(241,15)
(162,5)
(207,7)
(150,40)
(94,19)
(54,4)
(267,29)
(114,25)
(1,37)
(16,9)
(201,5)
(157,34)
(264,13)
(267,13)
(167,12)
(190,2)
(150,30)
(292,38)
(241,37)
(46,44)
(80,18)
(60,18)
(172,20)
(69,36)
(42,46)
(161,13)
(207,34)
(248,44)
(8,23)
(234,6)
(245,39)
(38,34)
(242,18)
(60,28)
(161,41)
(157,14)
(25,18)
(96,22)
(38,14)
(281,37)
(36,43)
(4,29)
(191,30)
(153,10)
(111,6)
(281,43)
(144,30)
(99,10)
(241,35)
(105,10)
(137,9)
(25,6)
(239,38)
(109,17)
(34,47)
(64,10)
(131,38)
(235,8)
(22,47)
(164,41)
(188,32)
(125,22)
(114,28)
(9,7)
(150,12)
(200,28)
(163,30)
(291,28)
(246,24)
(187,24)
(17,4)
(22,17)
(241,33)
(264,47)
(98,8)
(142,0)
(81,45)
(81,31)
(78,40)
(4,14)
(78,46)
(212,11)
(233,16)
(252,37)
(160,32)
(98,11)
(87,1)
(243,30)
(46,3)
(205,37)
(174,37)
(150,42)
(20,38)
(97,45)
(186,47)
(125,11)
(184,3)
(281,44)
(204,19)
(121,29)
(20,21)
(116,18)
(254,6)
(96,4)
(228,42)
(186,40)
(135,38)
(215,15)
(131,33)
(211,20)
(69,13)
(146,12)
(279,43)
(195,44)
(69,1)
(194,47)
(114,36)
(278,31)
(248,28)
(273,5)
(46,4)
(283,36)
(102,18)
(285,22)
(153,8)
(250,27)
(222,18)
(32,32)
(252,27)
(81,33)
(265,32)
(76,26)
(297,10)
(173,18)
(117,22)
(299,9)
(62,33)
(58,15)
(254,38)
(118,32)
(23,43)
(199,17)
(37,28)
(89,46)
(148,10)
(194,20)
(258,18)
(220,30)
(175,4)
(55,26)
(59,34)
(91,4)
(115,30)
(249,13)
(66,5)
(175,41)
(232,37)
(261,8)
(266,17)
(218,2)
(124,23)
(108,41)
(157,37)
(68,2)
(135,28)
(268,11)
(116,12)
(233,12)
(255,29)
(196,38)
(165,27)
(247,15)
(189,46)
(111,16)
(93,1)
(248,17)
(17,16)
(225,21)
(53,5)
(296,19)
(159,42)
(157,31)
(276,27)
(68,21)
(5,17)
(233,46)
(241,23)
(239,29)
(272,47)
(178,19)
(177,22)
(93,31)
(136,22)
(192,16)
(158,33)
(268,27)
(162,25)
(285,20)
(126,15)
(238,18)
(181,43)
(223,12)
(252,26)
(202,30)
(9,21)
(119,28)
(193,18)
(166,7)
(76,16)
(115,24)
(288,16)
(213,24)
(57,40)
(95,23)
(11,27)
(239,9)
(99,42)
(164,23)
(258,26)
(55,43)
(50,14)
(61,22)
(86,43)
(213,3)
(234,8)
(64,38)
(4,16)
(269,2)
(268,45)
(232,31)
(34,12)
(119,43)
(128,11)
(15,2)
(285,42)
(122,24)
(261,38)
(214,40)
(166,13)
(297,22)
(61,15)
(197,41)
(94,29)
(290,35)
(100,19)
(58,11)
(25,2)
(21,24)
(66,44)
(262,15)
(141,18)
(126,8)
(196,44)
(60,43)
(242,41)
(244,24)
(207,38)
(228,29)
(279,39)
(39,6)
(106,27)
(262,25)
(70,10)
(152,28)
(10,11)
(199,39)
(131,46)
(229,17)
(280,6)
(220,26)
(109,4)
(270,4)
(272,41)
(171,15)
(116,22)
(37,24)
(261,22)
(167,9)
(49,19)
(170,41)
(286,39)
(16,28)
(18,32)
(231,28)
(225,10)
(70,12)
(84,10)
(263,30)
(253,47)
(163,8)
(44,44)
(100,32)
(123,16)
(178,44)
(217,8)
(13,17)
(232,39)
(18,40)
(175,11)
(64,14)
(276,47)
(92,7)
(267,44)
(56,4)
(109,45)
(88,2)
(114,22)
(10,36)
(186,4)
(270,24)
(74,28)
(13,11)
(253,40)
(20,16)
(277,10)
(107,36)
(25,34)
(67,10)
(153,16)
(124,46)
(96,41)
(237,25)
(108,14)
(48,20)
(59,13)
(53,19)
(155,27)
(66,40)
(0,23)
(7,12)
(282,0)
(37,26)
(84,39)
(119,16)
(269,31)
(208,42)
(236,26)
(111,24)
(98,0)
(225,24)
(97,43)
(37,21)
(174,46)
(118,0)
(274,4)
(66,12)
(142,36)
(268,33)
(52,28)
(117,19)
(96,3)
(112,7)
(79,30)
(187,27)
(61,21)
(118,38)
(103,42)
(95,20)
(49,33)
(238,19)
(118,23)
(21,33)
(285,1)
(289,45)
(145,24)
(33,29)
(109,18)
(206,24)
(62,32)
(145,26)
(268,16)
(137,40)
(163,28)
(291,46)
(56,31)
(271,15)
(272,19)
(99,25)
(290,33)
(70,28)
(173,32)
(216,13)
(110,34)
(176,25)
(106,34)
(206,19)
(31,15)
(273,10)
(270,15)
(32,34)
(32,37)
(8,5)
(299,20)
(133,13)
(25,45)
(87,39)
(81,34)
(154,5)
(245,43)
(47,21)
(144,27)
(17,17)
(36,11)
(67,16)
(146,38)
(55,35)
(299,28)
(113,44)
(138,25)
(142,34)
(224,16)
(231,8)
(256,7)
(68,25)
(176,29)
(70,31)
(27,10)
(267,33)
(106,0)
