300 Users
48 Files
4000 Transactions
2 Maximum Connections
1 Cycle Length per Upload-Download
0 Warm-up Transactions
0.400000 Zipf constant
5 Pre-Trusted Users
180 Well-Behaved (Good) Users
120 Purely Malicious Users
0 Feedback Skewing Users
0 Malignant Providing Users
0 Disguised Malicous Users
0 Sybil Attack Users
true Intelligent Trans. Generation
1561015057231 Trace Generation Seed

(0.040960,0.000000,1,false)
(0.074639,0.000000,1,false)
(0.021762,0.000000,1,false)
(0.066263,0.000000,1,false)
(0.007514,0.000000,1,false)
(0.075529,0.000000,1,false)
(0.077848,0.000000,1,false)
(0.001299,0.000000,1,false)
(0.039108,0.000000,1,false)
(0.047014,0.000000,1,false)
(0.045722,0.000000,1,false)
(0.019449,0.000000,1,false)
(0.045846,0.000000,1,false)
(0.040850,0.000000,1,false)
(0.013375,0.000000,1,false)
(0.033044,0.000000,1,false)
(0.048141,0.000000,1,false)
(0.075938,0.000000,1,false)
(0.060818,0.000000,1,false)
(0.086863,0.000000,1,false)
(0.065429,0.000000,1,false)
(0.018910,0.000000,1,false)
(0.020025,0.000000,1,false)
(0.038666,0.000000,1,false)
(0.032393,0.000000,1,false)
(0.039663,0.000000,1,false)
(0.062714,0.000000,1,false)
(0.045897,0.000000,1,false)
(0.046999,0.000000,1,false)
(0.098737,0.000000,1,false)
(0.054540,0.000000,1,false)
(0.034441,0.000000,1,false)
(0.008334,0.000000,1,false)
(0.002832,0.000000,1,false)
(0.000690,0.000000,1,false)
(0.050045,0.000000,1,false)
(0.046396,0.000000,1,false)
(0.059773,0.000000,1,false)
(0.034917,0.000000,1,false)
(0.083332,0.000000,1,false)
(0.080915,0.000000,1,false)
(0.074899,0.000000,1,false)
(0.071739,0.000000,1,false)
(0.015303,0.000000,1,false)
(0.071738,0.000000,1,false)
(0.057084,0.000000,1,false)
(0.049811,0.000000,1,false)
(0.051794,0.000000,1,false)
(0.039413,0.000000,1,false)
(0.044515,0.000000,1,false)
(0.043419,0.000000,1,false)
(0.002564,0.000000,1,false)
(0.041398,0.000000,1,false)
(0.017894,0.000000,1,false)
(0.008596,0.000000,1,false)
(0.013542,0.000000,1,false)
(0.086611,0.000000,1,false)
(0.041812,0.000000,1,false)
(0.060516,0.000000,1,false)
(0.079178,0.000000,1,false)
(0.059096,0.000000,1,false)
(0.063879,0.000000,1,false)
(0.049654,0.000000,1,false)
(0.045968,0.000000,1,false)
(0.000137,0.000000,1,false)
(0.005561,0.000000,1,false)
(0.015601,0.000000,1,false)
(0.067904,0.000000,1,false)
(0.067437,0.000000,1,false)
(0.098669,0.000000,1,false)
(0.049477,0.000000,1,false)
(0.089926,0.000000,1,false)
(0.049792,0.000000,1,false)
(0.057150,0.000000,1,false)
(0.088576,0.000000,1,false)
(0.016449,0.000000,1,false)
(0.066234,0.000000,1,false)
(0.025031,0.000000,1,false)
(0.000162,0.000000,1,false)
(0.068571,0.000000,1,false)
(0.019686,0.000000,1,false)
(0.008323,0.000000,1,false)
(0.085262,0.000000,1,false)
(0.045798,0.000000,1,false)
(0.006927,0.000000,1,false)
(0.081164,0.000000,1,false)
(0.047871,0.000000,1,false)
(0.085978,0.000000,1,false)
(0.009032,0.000000,1,false)
(0.054651,0.000000,1,false)
(0.030125,0.000000,1,false)
(0.060531,0.000000,1,false)
(0.099438,0.000000,1,false)
(0.010577,0.000000,1,false)
(0.009840,0.000000,1,false)
(0.051219,0.000000,1,false)
(0.010394,0.000000,1,false)
(0.031675,0.000000,1,false)
(0.093207,0.000000,1,false)
(0.029343,0.000000,1,false)
(0.092792,0.000000,1,false)
(0.004993,0.000000,1,false)
(0.012506,0.000000,1,false)
(0.098621,0.000000,1,false)
(0.089253,0.000000,1,false)
(0.035684,0.000000,1,false)
(0.056355,0.000000,1,false)
(0.068962,0.000000,1,false)
(0.015816,0.000000,1,false)
(0.084733,0.000000,1,false)
(0.018347,0.000000,1,false)
(0.099896,0.000000,1,false)
(0.013687,0.000000,1,false)
(0.036073,0.000000,1,false)
(0.048805,0.000000,1,false)
(0.089672,0.000000,1,false)
(0.089268,0.000000,1,false)
(0.006034,0.000000,1,false)
(0.033990,0.000000,1,false)
(0.088848,0.000000,1,false)
(0.991984,1.000000,0,true)
(0.968766,1.000000,0,true)
(0.992783,1.000000,0,true)
(0.914366,1.000000,0,true)
(0.954299,1.000000,0,true)
(0.990237,1.000000,0,false)
(0.982811,1.000000,0,false)
(0.955625,1.000000,0,false)
(0.970775,1.000000,0,false)
(0.975052,1.000000,0,false)
(0.959765,1.000000,0,false)
(0.921774,1.000000,0,false)
(0.981593,1.000000,0,false)
(0.949040,1.000000,0,false)
(0.974768,1.000000,0,false)
(0.997563,1.000000,0,false)
(0.909990,1.000000,0,false)
(0.974796,1.000000,0,false)
(0.997362,1.000000,0,false)
(0.954412,1.000000,0,false)
(0.914240,1.000000,0,false)
(0.926317,1.000000,0,false)
(0.927633,1.000000,0,false)
(0.907268,1.000000,0,false)
(0.922753,1.000000,0,false)
(0.907573,1.000000,0,false)
(0.990816,1.000000,0,false)
(0.903414,1.000000,0,false)
(0.917712,1.000000,0,false)
(0.979398,1.000000,0,false)
(0.911181,1.000000,0,false)
(0.979250,1.000000,0,false)
(0.960248,1.000000,0,false)
(0.910950,1.000000,0,false)
(0.956802,1.000000,0,false)
(0.927606,1.000000,0,false)
(0.987198,1.000000,0,false)
(0.908213,1.000000,0,false)
(0.901022,1.000000,0,false)
(0.959071,1.000000,0,false)
(0.955883,1.000000,0,false)
(0.992618,1.000000,0,false)
(0.959998,1.000000,0,false)
(0.916106,1.000000,0,false)
(0.969080,1.000000,0,false)
(0.907849,1.000000,0,false)
(0.938661,1.000000,0,false)
(0.908393,1.000000,0,false)
(0.977515,1.000000,0,false)
(0.922255,1.000000,0,false)
(0.949743,1.000000,0,false)
(0.981892,1.000000,0,false)
(0.931711,1.000000,0,false)
(0.967995,1.000000,0,false)
(0.962234,1.000000,0,false)
(0.912524,1.000000,0,false)
(0.938926,1.000000,0,false)
(0.916196,1.000000,0,false)
(0.986701,1.000000,0,false)
(0.928153,1.000000,0,false)
(0.974136,1.000000,0,false)
(0.929832,1.000000,0,false)
(0.915337,1.000000,0,false)
(0.909761,1.000000,0,false)
(0.996721,1.000000,0,false)
(0.962930,1.000000,0,false)
(0.904464,1.000000,0,false)
(0.904194,1.000000,0,false)
(0.936449,1.000000,0,false)
(0.985910,1.000000,0,false)
(0.916371,1.000000,0,false)
(0.996824,1.000000,0,false)
(0.933810,1.000000,0,false)
(0.912490,1.000000,0,false)
(0.925993,1.000000,0,false)
(0.942726,1.000000,0,false)
(0.950454,1.000000,0,false)
(0.983558,1.000000,0,false)
(0.945825,1.000000,0,false)
(0.939681,1.000000,0,false)
(0.905662,1.000000,0,false)
(0.927771,1.000000,0,false)
(0.929850,1.000000,0,false)
(0.945301,1.000000,0,false)
(0.944292,1.000000,0,false)
(0.967373,1.000000,0,false)
(0.983920,1.000000,0,false)
(0.994057,1.000000,0,false)
(0.900480,1.000000,0,false)
(0.970827,1.000000,0,false)
(0.936111,1.000000,0,false)
(0.957718,1.000000,0,false)
(0.989721,1.000000,0,false)
(0.971338,1.000000,0,false)
(0.906036,1.000000,0,false)
(0.914930,1.000000,0,false)
(0.939496,1.000000,0,false)
(0.972199,1.000000,0,false)
(0.956905,1.000000,0,false)
(0.952179,1.000000,0,false)
(0.955710,1.000000,0,false)
(0.946119,1.000000,0,false)
(0.918339,1.000000,0,false)
(0.909300,1.000000,0,false)
(0.918532,1.000000,0,false)
(0.906311,1.000000,0,false)
(0.931495,1.000000,0,false)
(0.908005,1.000000,0,false)
(0.907017,1.000000,0,false)
(0.982074,1.000000,0,false)
(0.991041,1.000000,0,false)
(0.961546,1.000000,0,false)
(0.967023,1.000000,0,false)
(0.970988,1.000000,0,false)
(0.940812,1.000000,0,false)
(0.957698,1.000000,0,false)
(0.961440,1.000000,0,false)
(0.963541,1.000000,0,false)
(0.921697,1.000000,0,false)
(0.935645,1.000000,0,false)
(0.975651,1.000000,0,false)
(0.944141,1.000000,0,false)
(0.971378,1.000000,0,false)
(0.940149,1.000000,0,false)
(0.994386,1.000000,0,false)
(0.964929,1.000000,0,false)
(0.935981,1.000000,0,false)
(0.933567,1.000000,0,false)
(0.918779,1.000000,0,false)
(0.965663,1.000000,0,false)
(0.973537,1.000000,0,false)
(0.977791,1.000000,0,false)
(0.954457,1.000000,0,false)
(0.974185,1.000000,0,false)
(0.908348,1.000000,0,false)
(0.964141,1.000000,0,false)
(0.972848,1.000000,0,false)
(0.967589,1.000000,0,false)
(0.933908,1.000000,0,false)
(0.969500,1.000000,0,false)
(0.928705,1.000000,0,false)
(0.904160,1.000000,0,false)
(0.960013,1.000000,0,false)
(0.951679,1.000000,0,false)
(0.906914,1.000000,0,false)
(0.950564,1.000000,0,false)
(0.956988,1.000000,0,false)
(0.966021,1.000000,0,false)
(0.971240,1.000000,0,false)
(0.927432,1.000000,0,false)
(0.966663,1.000000,0,false)
(0.988667,1.000000,0,false)
(0.996489,1.000000,0,false)
(0.979657,1.000000,0,false)
(0.925830,1.000000,0,false)
(0.969740,1.000000,0,false)
(0.983855,1.000000,0,false)
(0.945135,1.000000,0,false)
(0.983322,1.000000,0,false)
(0.911806,1.000000,0,false)
(0.986870,1.000000,0,false)
(0.947591,1.000000,0,false)
(0.986710,1.000000,0,false)
(0.975581,1.000000,0,false)
(0.912344,1.000000,0,false)
(0.975336,1.000000,0,false)
(0.968804,1.000000,0,false)
(0.955719,1.000000,0,false)
(0.907118,1.000000,0,false)
(0.928404,1.000000,0,false)
(0.977710,1.000000,0,false)
(0.944837,1.000000,0,false)
(0.997184,1.000000,0,false)
(0.921509,1.000000,0,false)
(0.967160,1.000000,0,false)
(0.913600,1.000000,0,false)
(0.910860,1.000000,0,false)
(0.919617,1.000000,0,false)
(0.996138,1.000000,0,false)
(0.978716,1.000000,0,false)

(0,0,false)
(1,0,true)
(4,0,false)
(5,0,false)
(6,0,false)
(7,0,false)
(9,0,false)
(11,0,false)
(12,0,false)
(14,0,false)
(16,0,false)
(18,0,true)
(19,0,true)
(20,0,false)
(21,0,false)
(22,0,false)
(23,0,false)
(24,0,false)
(25,0,false)
(26,0,false)
(27,0,false)
(29,0,false)
(30,0,false)
(32,0,false)
(33,0,false)
(34,0,false)
(35,0,false)
(37,0,false)
(38,0,false)
(40,0,false)
(41,0,false)
(42,0,false)
(44,0,false)
(45,0,false)
(48,0,false)
(49,0,false)
(50,0,false)
(51,0,false)
(52,0,false)
(54,0,false)
(56,0,false)
(57,0,false)
(58,0,false)
(60,0,false)
(61,0,false)
(62,0,false)
(63,0,false)
(65,0,false)
(66,0,false)
(67,0,false)
(68,0,false)
(70,0,false)
(72,0,false)
(73,0,false)
(74,0,false)
(76,0,false)
(78,0,false)
(79,0,false)
(81,0,false)
(82,0,false)
(83,0,false)
(84,0,false)
(85,0,false)
(86,0,false)
(87,0,false)
(88,0,false)
(89,0,false)
(90,0,false)
(91,0,false)
(93,0,false)
(94,0,false)
(95,0,false)
(96,0,false)
(98,0,false)
(100,0,false)
(101,0,false)
(102,0,false)
(103,0,false)
(105,0,false)
(106,0,false)
(107,0,false)
(109,0,false)
(111,0,false)
(113,0,false)
(114,0,false)
(116,0,false)
(117,0,false)
(119,0,false)
(120,0,true)
(121,0,true)
(122,0,true)
(123,0,true)
(126,0,true)
(129,0,true)
(131,0,true)
(132,0,true)
(134,0,true)
(135,0,true)
(136,0,true)
(137,0,true)
(138,0,true)
(139,0,true)
(140,0,false)
(142,0,true)
(143,0,true)
(144,0,true)
(146,0,true)
(148,0,true)
(149,0,true)
(150,0,true)
(151,0,true)
(152,0,true)
(154,0,true)
(155,0,true)
(156,0,true)
(157,0,true)
(158,0,true)
(159,0,true)
(160,0,true)
(162,0,true)
(164,0,true)
(165,0,true)
(166,0,false)
(168,0,true)
(169,0,true)
(171,0,true)
(173,0,true)
(175,0,true)
(176,0,true)
(177,0,true)
(178,0,true)
(179,0,true)
(180,0,true)
(181,0,true)
(182,0,true)
(183,0,true)
(184,0,true)
(185,0,true)
(186,0,true)
(187,0,true)
(188,0,true)
(189,0,false)
(190,0,true)
(191,0,true)
(192,0,true)
(193,0,true)
(194,0,true)
(195,0,true)
(196,0,true)
(197,0,true)
(198,0,true)
(199,0,true)
(200,0,true)
(202,0,true)
(203,0,true)
(204,0,true)
(206,0,true)
(208,0,true)
(209,0,true)
(210,0,true)
(211,0,true)
(212,0,true)
(213,0,true)
(214,0,true)
(215,0,true)
(216,0,true)
(217,0,true)
(218,0,false)
(221,0,true)
(223,0,true)
(228,0,true)
(229,0,true)
(230,0,true)
(231,0,true)
(232,0,true)
(233,0,true)
(234,0,true)
(236,0,true)
(237,0,true)
(238,0,true)
(239,0,true)
(240,0,true)
(241,0,true)
(242,0,true)
(243,0,true)
(244,0,true)
(246,0,true)
(247,0,true)
(248,0,true)
(250,0,true)
(252,0,true)
(254,0,true)
(255,0,true)
(256,0,true)
(257,0,true)
(258,0,true)
(259,0,true)
(261,0,true)
(262,0,true)
(263,0,true)
(265,0,true)
(266,0,true)
(267,0,true)
(268,0,true)
(269,0,true)
(271,0,true)
(272,0,false)
(273,0,true)
(274,0,false)
(275,0,true)
(277,0,true)
(278,0,true)
(279,0,true)
(280,0,true)
(281,0,false)
(282,0,true)
(283,0,true)
(286,0,true)
(287,0,true)
(289,0,true)
(290,0,true)
(292,0,true)
(295,0,true)
(296,0,true)
(297,0,true)
(298,0,true)
(299,0,true)
(0,1,false)
(2,1,false)
(4,1,false)
(5,1,false)
(6,1,false)
(7,1,false)
(8,1,false)
(9,1,false)
(10,1,false)
(11,1,false)
(12,1,false)
(13,1,false)
(15,1,false)
(16,1,false)
(18,1,false)
(19,1,false)
(20,1,false)
(27,1,false)
(28,1,false)
(29,1,false)
(31,1,false)
(32,1,false)
(33,1,false)
(34,1,false)
(36,1,false)
(37,1,true)
(40,1,false)
(41,1,false)
(42,1,false)
(43,1,false)
(44,1,false)
(45,1,false)
(46,1,false)
(47,1,false)
(49,1,false)
(50,1,false)
(52,1,false)
(53,1,false)
(54,1,false)
(55,1,false)
(56,1,false)
(57,1,false)
(58,1,false)
(59,1,false)
(61,1,false)
(64,1,false)
(65,1,false)
(66,1,false)
(71,1,false)
(72,1,false)
(73,1,false)
(75,1,false)
(76,1,false)
(77,1,false)
(79,1,false)
(80,1,false)
(81,1,false)
(82,1,false)
(83,1,false)
(84,1,true)
(85,1,false)
(87,1,false)
(91,1,false)
(93,1,false)
(94,1,false)
(95,1,false)
(96,1,false)
(99,1,false)
(100,1,false)
(102,1,false)
(103,1,true)
(105,1,false)
(108,1,false)
(109,1,false)
(110,1,false)
(114,1,false)
(115,1,false)
(116,1,false)
(117,1,false)
(118,1,false)
(119,1,false)
(124,1,true)
(127,1,true)
(128,1,true)
(131,1,true)
(132,1,true)
(134,1,true)
(135,1,true)
(136,1,true)
(138,1,true)
(139,1,true)
(140,1,true)
(141,1,true)
(143,1,true)
(144,1,true)
(146,1,true)
(147,1,true)
(148,1,true)
(149,1,true)
(150,1,true)
(151,1,true)
(152,1,true)
(153,1,true)
(154,1,true)
(156,1,true)
(157,1,true)
(159,1,true)
(160,1,true)
(161,1,true)
(162,1,true)
(163,1,true)
(165,1,true)
(169,1,true)
(170,1,true)
(171,1,true)
(173,1,true)
(175,1,true)
(177,1,true)
(178,1,true)
(179,1,true)
(180,1,true)
(182,1,true)
(184,1,true)
(185,1,true)
(187,1,true)
(188,1,true)
(193,1,false)
(194,1,true)
(195,1,false)
(196,1,true)
(197,1,true)
(199,1,true)
(200,1,true)
(205,1,true)
(206,1,true)
(207,1,true)
(210,1,true)
(213,1,true)
(214,1,true)
(218,1,true)
(219,1,true)
(220,1,true)
(221,1,true)
(223,1,true)
(226,1,true)
(227,1,false)
(229,1,true)
(230,1,true)
(234,1,true)
(236,1,false)
(237,1,true)
(239,1,true)
(242,1,true)
(243,1,true)
(244,1,true)
(246,1,true)
(249,1,true)
(250,1,true)
(251,1,true)
(252,1,true)
(254,1,true)
(256,1,true)
(257,1,true)
(258,1,true)
(259,1,true)
(260,1,true)
(262,1,true)
(265,1,true)
(266,1,true)
(267,1,true)
(268,1,true)
(269,1,false)
(273,1,true)
(274,1,true)
(275,1,true)
(277,1,true)
(278,1,true)
(280,1,true)
(283,1,true)
(284,1,true)
(286,1,true)
(289,1,true)
(290,1,true)
(293,1,true)
(296,1,true)
(297,1,true)
(298,1,true)
(299,1,true)
(0,2,false)
(2,2,false)
(3,2,false)
(4,2,false)
(5,2,false)
(6,2,false)
(7,2,false)
(9,2,false)
(10,2,false)
(11,2,false)
(12,2,false)
(13,2,false)
(14,2,false)
(15,2,false)
(16,2,false)
(18,2,false)
(19,2,false)
(20,2,false)
(21,2,false)
(22,2,false)
(23,2,false)
(24,2,false)
(28,2,false)
(30,2,false)
(31,2,false)
(32,2,false)
(33,2,false)
(36,2,false)
(39,2,false)
(40,2,false)
(42,2,false)
(43,2,false)
(44,2,false)
(45,2,false)
(48,2,false)
(50,2,false)
(51,2,false)
(54,2,false)
(56,2,false)
(58,2,false)
(59,2,false)
(61,2,false)
(62,2,false)
(63,2,false)
(64,2,false)
(65,2,false)
(66,2,false)
(68,2,false)
(69,2,false)
(70,2,false)
(71,2,false)
(75,2,false)
(76,2,false)
(79,2,false)
(80,2,false)
(81,2,false)
(82,2,false)
(83,2,false)
(84,2,false)
(86,2,false)
(89,2,false)
(91,2,false)
(96,2,false)
(98,2,false)
(99,2,false)
(100,2,false)
(101,2,false)
(102,2,false)
(103,2,false)
(106,2,false)
(107,2,false)
(108,2,false)
(110,2,true)
(112,2,false)
(114,2,false)
(115,2,false)
(116,2,false)
(119,2,true)
(121,2,true)
(122,2,true)
(123,2,false)
(125,2,true)
(126,2,true)
(128,2,true)
(129,2,true)
(132,2,true)
(133,2,true)
(134,2,true)
(135,2,true)
(136,2,false)
(137,2,true)
(138,2,true)
(140,2,true)
(146,2,true)
(147,2,true)
(148,2,true)
(150,2,true)
(151,2,true)
(153,2,true)
(154,2,true)
(156,2,true)
(160,2,true)
(161,2,true)
(162,2,true)
(163,2,true)
(164,2,true)
(169,2,true)
(170,2,true)
(178,2,true)
(179,2,true)
(183,2,true)
(184,2,true)
(186,2,true)
(189,2,true)
(191,2,true)
(192,2,true)
(193,2,true)
(194,2,true)
(195,2,true)
(196,2,true)
(199,2,true)
(200,2,false)
(203,2,true)
(204,2,true)
(205,2,true)
(207,2,true)
(209,2,true)
(210,2,true)
(212,2,true)
(213,2,true)
(215,2,true)
(217,2,true)
(218,2,true)
(219,2,true)
(223,2,true)
(224,2,false)
(225,2,true)
(226,2,false)
(227,2,true)
(228,2,true)
(229,2,true)
(230,2,true)
(232,2,true)
(233,2,true)
(234,2,true)
(236,2,true)
(237,2,true)
(238,2,false)
(239,2,true)
(240,2,true)
(241,2,true)
(242,2,true)
(244,2,true)
(245,2,true)
(247,2,true)
(248,2,true)
(249,2,true)
(250,2,true)
(251,2,true)
(253,2,true)
(255,2,true)
(257,2,true)
(258,2,false)
(259,2,true)
(260,2,true)
(264,2,false)
(266,2,true)
(267,2,true)
(270,2,true)
(271,2,true)
(272,2,true)
(273,2,true)
(274,2,true)
(277,2,true)
(278,2,true)
(280,2,true)
(283,2,true)
(285,2,true)
(286,2,true)
(287,2,true)
(288,2,true)
(289,2,true)
(290,2,true)
(291,2,true)
(297,2,true)
(299,2,true)
(0,3,false)
(1,3,false)
(2,3,false)
(3,3,false)
(5,3,false)
(6,3,false)
(7,3,false)
(8,3,false)
(9,3,false)
(11,3,false)
(13,3,false)
(14,3,false)
(15,3,true)
(19,3,false)
(21,3,false)
(22,3,false)
(23,3,false)
(27,3,false)
(28,3,false)
(29,3,false)
(30,3,false)
(31,3,false)
(32,3,false)
(33,3,false)
(34,3,false)
(35,3,false)
(38,3,true)
(39,3,true)
(41,3,false)
(43,3,false)
(50,3,false)
(51,3,false)
(52,3,true)
(55,3,false)
(56,3,false)
(58,3,false)
(60,3,false)
(61,3,false)
(62,3,false)
(63,3,false)
(68,3,false)
(69,3,false)
(70,3,false)
(73,3,false)
(74,3,true)
(75,3,false)
(76,3,false)
(77,3,false)
(79,3,false)
(80,3,false)
(83,3,true)
(85,3,false)
(86,3,false)
(87,3,true)
(88,3,false)
(90,3,false)
(91,3,true)
(92,3,false)
(93,3,true)
(94,3,false)
(95,3,false)
(97,3,false)
(98,3,false)
(100,3,false)
(101,3,false)
(104,3,false)
(108,3,false)
(111,3,false)
(114,3,false)
(117,3,false)
(119,3,false)
(121,3,true)
(122,3,true)
(124,3,true)
(126,3,true)
(129,3,true)
(130,3,true)
(131,3,true)
(136,3,false)
(141,3,true)
(145,3,true)
(146,3,true)
(152,3,true)
(154,3,true)
(158,3,false)
(161,3,true)
(162,3,false)
(165,3,true)
(166,3,true)
(167,3,true)
(168,3,true)
(171,3,true)
(172,3,true)
(173,3,true)
(177,3,true)
(180,3,true)
(181,3,false)
(187,3,true)
(189,3,true)
(190,3,true)
(192,3,true)
(194,3,false)
(196,3,true)
(198,3,true)
(200,3,true)
(201,3,true)
(204,3,true)
(205,3,true)
(207,3,true)
(208,3,true)
(209,3,true)
(212,3,true)
(218,3,true)
(220,3,true)
(226,3,true)
(229,3,true)
(231,3,true)
(233,3,true)
(235,3,true)
(237,3,true)
(240,3,true)
(242,3,true)
(243,3,true)
(245,3,true)
(246,3,true)
(253,3,false)
(255,3,true)
(256,3,true)
(257,3,true)
(258,3,true)
(259,3,true)
(261,3,true)
(262,3,true)
(264,3,true)
(265,3,true)
(270,3,true)
(271,3,true)
(275,3,true)
(276,3,true)
(277,3,false)
(278,3,true)
(281,3,true)
(282,3,true)
(283,3,true)
(285,3,true)
(286,3,true)
(287,3,true)
(290,3,true)
(293,3,true)
(298,3,true)
(299,3,true)
(1,4,true)
(2,4,false)
(3,4,false)
(4,4,false)
(10,4,false)
(11,4,false)
(13,4,false)
(14,4,false)
(16,4,false)
(20,4,false)
(21,4,false)
(22,4,false)
(24,4,false)
(27,4,false)
(29,4,false)
(31,4,false)
(32,4,false)
(39,4,false)
(41,4,false)
(42,4,false)
(43,4,false)
(46,4,false)
(48,4,false)
(51,4,false)
(54,4,false)
(55,4,false)
(60,4,false)
(61,4,false)
(64,4,false)
(65,4,false)
(66,4,false)
(68,4,false)
(71,4,false)
(74,4,true)
(75,4,false)
(77,4,false)
(79,4,false)
(82,4,false)
(83,4,false)
(84,4,false)
(86,4,false)
(88,4,false)
(90,4,false)
(91,4,false)
(94,4,false)
(98,4,false)
(99,4,false)
(101,4,false)
(102,4,false)
(110,4,false)
(112,4,false)
(115,4,false)
(118,4,false)
(120,4,true)
(122,4,true)
(123,4,true)
(124,4,true)
(125,4,true)
(129,4,true)
(136,4,false)
(140,4,false)
(141,4,true)
(143,4,true)
(144,4,true)
(145,4,false)
(147,4,true)
(148,4,true)
(150,4,true)
(151,4,true)
(153,4,true)
(154,4,true)
(156,4,true)
(160,4,true)
(162,4,true)
(165,4,true)
(166,4,false)
(168,4,true)
(169,4,true)
(174,4,true)
(176,4,true)
(177,4,true)
(178,4,true)
(179,4,false)
(180,4,true)
(181,4,false)
(182,4,true)
(183,4,true)
(185,4,true)
(187,4,true)
(189,4,true)
(193,4,true)
(194,4,true)
(196,4,true)
(197,4,true)
(198,4,true)
(199,4,true)
(201,4,true)
(205,4,true)
(207,4,true)
(208,4,true)
(210,4,true)
(213,4,true)
(215,4,false)
(219,4,true)
(222,4,true)
(226,4,true)
(232,4,true)
(233,4,true)
(234,4,true)
(236,4,true)
(237,4,true)
(238,4,true)
(239,4,true)
(242,4,true)
(246,4,true)
(247,4,false)
(253,4,true)
(255,4,true)
(256,4,true)
(257,4,true)
(260,4,true)
(261,4,true)
(262,4,true)
(267,4,true)
(269,4,true)
(271,4,true)
(278,4,true)
(279,4,true)
(281,4,false)
(282,4,true)
(284,4,true)
(285,4,true)
(286,4,true)
(287,4,true)
(289,4,true)
(291,4,true)
(294,4,true)
(295,4,true)
(298,4,true)
(1,5,false)
(2,5,false)
(4,5,false)
(5,5,false)
(7,5,false)
(8,5,false)
(9,5,false)
(10,5,false)
(12,5,false)
(13,5,false)
(14,5,false)
(16,5,false)
(18,5,false)
(20,5,false)
(27,5,false)
(30,5,false)
(31,5,false)
(33,5,false)
(35,5,false)
(36,5,false)
(38,5,false)
(39,5,false)
(40,5,false)
(44,5,false)
(46,5,false)
(49,5,false)
(51,5,false)
(52,5,false)
(55,5,false)
(57,5,false)
(58,5,false)
(63,5,false)
(65,5,false)
(67,5,false)
(69,5,true)
(70,5,false)
(71,5,true)
(72,5,false)
(80,5,false)
(81,5,true)
(82,5,false)
(85,5,false)
(86,5,false)
(88,5,false)
(89,5,false)
(90,5,false)
(92,5,false)
(93,5,false)
(95,5,false)
(97,5,false)
(101,5,false)
(102,5,false)
(103,5,false)
(104,5,false)
(105,5,false)
(106,5,false)
(107,5,false)
(110,5,false)
(111,5,false)
(112,5,false)
(113,5,false)
(114,5,false)
(117,5,false)
(118,5,false)
(120,5,true)
(121,5,true)
(126,5,true)
(131,5,true)
(132,5,true)
(138,5,true)
(139,5,true)
(141,5,true)
(142,5,true)
(143,5,true)
(144,5,true)
(145,5,true)
(146,5,true)
(148,5,true)
(149,5,true)
(152,5,true)
(154,5,true)
(155,5,true)
(156,5,true)
(157,5,true)
(158,5,true)
(159,5,false)
(162,5,true)
(163,5,true)
(168,5,true)
(170,5,true)
(171,5,true)
(173,5,true)
(174,5,true)
(176,5,true)
(177,5,true)
(178,5,true)
(180,5,true)
(183,5,true)
(184,5,true)
(185,5,true)
(187,5,true)
(188,5,true)
(191,5,true)
(192,5,true)
(193,5,true)
(194,5,true)
(196,5,true)
(198,5,false)
(199,5,true)
(203,5,true)
(205,5,true)
(208,5,true)
(210,5,true)
(211,5,true)
(212,5,true)
(214,5,true)
(215,5,true)
(216,5,true)
(219,5,true)
(221,5,false)
(223,5,true)
(234,5,true)
(236,5,true)
(240,5,true)
(242,5,true)
(243,5,true)
(245,5,true)
(247,5,true)
(248,5,true)
(252,5,true)
(256,5,true)
(259,5,true)
(260,5,true)
(263,5,true)
(267,5,true)
(273,5,true)
(274,5,true)
(275,5,true)
(286,5,true)
(288,5,true)
(291,5,true)
(293,5,true)
(295,5,true)
(296,5,true)
(1,6,false)
(7,6,false)
(8,6,false)
(10,6,false)
(11,6,false)
(16,6,false)
(22,6,false)
(26,6,false)
(29,6,false)
(33,6,false)
(34,6,false)
(37,6,false)
(38,6,false)
(39,6,false)
(40,6,false)
(43,6,false)
(48,6,false)
(49,6,false)
(50,6,false)
(52,6,false)
(54,6,false)
(56,6,false)
(59,6,true)
(60,6,false)
(64,6,false)
(65,6,false)
(68,6,false)
(69,6,false)
(70,6,false)
(73,6,false)
(75,6,false)
(77,6,false)
(78,6,false)
(79,6,false)
(80,6,false)
(82,6,false)
(84,6,false)
(86,6,false)
(91,6,true)
(93,6,false)
(94,6,false)
(96,6,false)
(97,6,false)
(98,6,false)
(107,6,false)
(109,6,false)
(110,6,false)
(114,6,false)
(118,6,false)
(119,6,false)
(121,6,true)
(122,6,true)
(124,6,true)
(127,6,true)
(128,6,false)
(132,6,true)
(136,6,true)
(137,6,true)
(139,6,true)
(142,6,true)
(145,6,true)
(146,6,true)
(147,6,true)
(148,6,true)
(149,6,true)
(150,6,true)
(152,6,true)
(153,6,true)
(154,6,true)
(163,6,true)
(164,6,true)
(168,6,true)
(169,6,true)
(173,6,true)
(176,6,true)
(177,6,true)
(181,6,true)
(184,6,true)
(186,6,true)
(188,6,true)
(191,6,true)
(192,6,true)
(193,6,true)
(194,6,true)
(195,6,true)
(196,6,true)
(200,6,true)
(201,6,true)
(205,6,true)
(207,6,true)
(209,6,true)
(213,6,true)
(217,6,true)
(220,6,true)
(223,6,false)
(229,6,true)
(234,6,false)
(240,6,true)
(241,6,true)
(242,6,true)
(244,6,true)
(249,6,true)
(250,6,true)
(258,6,true)
(259,6,true)
(260,6,true)
(261,6,false)
(263,6,true)
(265,6,true)
(267,6,true)
(268,6,true)
(270,6,true)
(274,6,true)
(277,6,true)
(279,6,true)
(287,6,true)
(291,6,true)
(293,6,true)
(299,6,true)
(0,7,false)
(1,7,false)
(5,7,false)
(8,7,false)
(13,7,false)
(19,7,false)
(20,7,false)
(22,7,false)
(26,7,false)
(28,7,false)
(29,7,false)
(33,7,false)
(37,7,false)
(41,7,false)
(44,7,false)
(45,7,false)
(46,7,false)
(47,7,false)
(49,7,false)
(50,7,false)
(55,7,false)
(57,7,false)
(60,7,false)
(62,7,false)
(68,7,false)
(69,7,false)
(71,7,false)
(73,7,false)
(74,7,false)
(75,7,false)
(79,7,false)
(80,7,false)
(85,7,false)
(87,7,false)
(88,7,false)
(89,7,false)
(93,7,false)
(99,7,false)
(102,7,false)
(105,7,false)
(112,7,false)
(114,7,false)
(115,7,false)
(116,7,false)
(117,7,false)
(119,7,false)
(120,7,true)
(126,7,true)
(129,7,true)
(132,7,true)
(134,7,true)
(136,7,true)
(139,7,true)
(142,7,true)
(143,7,false)
(146,7,true)
(147,7,true)
(151,7,true)
(152,7,false)
(153,7,true)
(154,7,false)
(161,7,true)
(164,7,true)
(165,7,true)
(168,7,true)
(169,7,true)
(172,7,true)
(175,7,true)
(176,7,false)
(177,7,true)
(178,7,true)
(179,7,true)
(184,7,true)
(188,7,true)
(190,7,true)
(191,7,true)
(192,7,true)
(193,7,true)
(195,7,true)
(198,7,true)
(199,7,true)
(202,7,true)
(207,7,true)
(209,7,true)
(210,7,true)
(211,7,true)
(213,7,true)
(214,7,false)
(215,7,true)
(216,7,true)
(219,7,true)
(220,7,false)
(221,7,false)
(222,7,true)
(224,7,true)
(225,7,true)
(226,7,true)
(227,7,true)
(230,7,true)
(231,7,true)
(233,7,true)
(234,7,false)
(235,7,true)
(241,7,true)
(243,7,true)
(262,7,true)
(264,7,true)
(270,7,true)
(271,7,true)
(273,7,true)
(274,7,true)
(275,7,true)
(283,7,true)
(284,7,true)
(287,7,true)
(289,7,true)
(294,7,false)
(297,7,true)
(0,8,false)
(1,8,false)
(3,8,false)
(5,8,false)
(6,8,false)
(10,8,false)
(11,8,false)
(15,8,false)
(16,8,false)
(17,8,false)
(19,8,false)
(20,8,false)
(26,8,false)
(35,8,false)
(37,8,false)
(40,8,false)
(45,8,false)
(46,8,false)
(47,8,false)
(48,8,false)
(49,8,false)
(52,8,false)
(53,8,false)
(54,8,false)
(55,8,false)
(59,8,false)
(60,8,false)
(64,8,false)
(66,8,false)
(67,8,false)
(69,8,false)
(71,8,false)
(73,8,false)
(78,8,false)
(80,8,false)
(82,8,false)
(86,8,false)
(87,8,true)
(89,8,false)
(91,8,false)
(94,8,false)
(95,8,false)
(101,8,false)
(102,8,false)
(104,8,true)
(107,8,false)
(108,8,false)
(114,8,false)
(116,8,false)
(117,8,false)
(118,8,false)
(119,8,true)
(121,8,true)
(122,8,true)
(123,8,true)
(126,8,true)
(129,8,true)
(130,8,true)
(131,8,true)
(132,8,true)
(134,8,true)
(135,8,true)
(140,8,true)
(142,8,true)
(145,8,true)
(146,8,true)
(149,8,true)
(151,8,true)
(152,8,true)
(154,8,true)
(155,8,true)
(161,8,true)
(162,8,true)
(163,8,true)
(164,8,true)
(166,8,true)
(174,8,true)
(175,8,true)
(179,8,true)
(180,8,true)
(183,8,true)
(193,8,true)
(194,8,true)
(195,8,true)
(196,8,true)
(199,8,true)
(202,8,true)
(203,8,true)
(204,8,true)
(205,8,true)
(206,8,true)
(208,8,true)
(210,8,true)
(211,8,true)
(214,8,true)
(216,8,true)
(219,8,true)
(220,8,true)
(226,8,true)
(227,8,true)
(228,8,true)
(229,8,true)
(230,8,true)
(231,8,true)
(233,8,true)
(238,8,true)
(240,8,true)
(241,8,true)
(243,8,false)
(245,8,true)
(251,8,true)
(252,8,true)
(253,8,true)
(258,8,true)
(259,8,true)
(260,8,true)
(263,8,true)
(264,8,true)
(268,8,true)
(270,8,true)
(277,8,true)
(281,8,true)
(282,8,true)
(283,8,true)
(284,8,false)
(285,8,true)
(286,8,true)
(288,8,true)
(294,8,true)
(295,8,true)
(297,8,true)
(0,9,false)
(1,9,false)
(9,9,false)
(19,9,false)
(29,9,false)
(31,9,false)
(32,9,false)
(34,9,false)
(36,9,false)
(45,9,false)
(46,9,false)
(53,9,false)
(57,9,false)
(58,9,false)
(60,9,false)
(61,9,false)
(62,9,false)
(64,9,false)
(73,9,false)
(77,9,false)
(79,9,false)
(82,9,false)
(84,9,false)
(91,9,false)
(92,9,false)
(95,9,false)
(96,9,false)
(99,9,false)
(101,9,false)
(103,9,false)
(110,9,false)
(111,9,false)
(113,9,false)
(114,9,false)
(115,9,false)
(117,9,false)
(118,9,false)
(120,9,true)
(122,9,true)
(130,9,true)
(132,9,true)
(134,9,true)
(138,9,true)
(139,9,true)
(143,9,true)
(151,9,true)
(154,9,true)
(157,9,true)
(160,9,true)
(163,9,true)
(165,9,true)
(167,9,true)
(169,9,true)
(171,9,true)
(172,9,true)
(173,9,true)
(174,9,true)
(177,9,true)
(180,9,true)
(181,9,true)
(187,9,true)
(188,9,true)
(191,9,true)
(195,9,true)
(197,9,true)
(201,9,true)
(211,9,true)
(213,9,true)
(217,9,true)
(218,9,true)
(219,9,true)
(220,9,true)
(221,9,true)
(225,9,true)
(229,9,true)
(231,9,true)
(234,9,true)
(235,9,true)
(237,9,true)
(239,9,true)
(241,9,true)
(242,9,true)
(243,9,true)
(250,9,true)
(256,9,true)
(259,9,true)
(262,9,true)
(264,9,true)
(266,9,true)
(269,9,true)
(270,9,false)
(272,9,true)
(274,9,true)
(275,9,true)
(277,9,true)
(283,9,true)
(285,9,true)
(286,9,true)
(5,10,false)
(9,10,false)
(10,10,false)
(12,10,false)
(15,10,false)
(16,10,false)
(19,10,true)
(20,10,false)
(21,10,false)
(25,10,false)
(26,10,false)
(27,10,false)
(29,10,false)
(32,10,false)
(35,10,false)
(37,10,false)
(46,10,false)
(48,10,false)
(59,10,false)
(60,10,false)
(61,10,false)
(63,10,false)
(64,10,false)
(67,10,true)
(69,10,false)
(73,10,false)
(74,10,false)
(75,10,false)
(77,10,false)
(80,10,false)
(84,10,false)
(86,10,false)
(87,10,false)
(92,10,false)
(93,10,false)
(100,10,false)
(105,10,false)
(108,10,false)
(117,10,false)
(119,10,false)
(121,10,true)
(122,10,false)
(123,10,true)
(125,10,true)
(126,10,true)
(130,10,true)
(131,10,true)
(133,10,true)
(134,10,true)
(136,10,true)
(138,10,true)
(142,10,true)
(144,10,false)
(147,10,true)
(148,10,false)
(150,10,true)
(151,10,true)
(152,10,true)
(153,10,true)
(164,10,true)
(173,10,true)
(174,10,false)
(177,10,true)
(180,10,true)
(182,10,true)
(187,10,true)
(188,10,true)
(191,10,true)
(195,10,true)
(196,10,true)
(198,10,true)
(203,10,true)
(207,10,true)
(214,10,true)
(219,10,true)
(220,10,true)
(226,10,true)
(231,10,true)
(234,10,true)
(235,10,true)
(249,10,true)
(250,10,true)
(252,10,true)
(258,10,true)
(259,10,true)
(265,10,true)
(266,10,true)
(267,10,true)
(268,10,true)
(280,10,true)
(284,10,false)
(288,10,true)
(289,10,true)
(291,10,true)
(299,10,true)
(1,11,false)
(4,11,false)
(6,11,false)
(7,11,false)
(10,11,false)
(15,11,false)
(16,11,false)
(17,11,false)
(18,11,false)
(19,11,false)
(20,11,false)
(21,11,false)
(25,11,false)
(27,11,false)
(28,11,false)
(29,11,false)
(30,11,false)
(31,11,false)
(35,11,false)
(37,11,false)
(40,11,false)
(44,11,false)
(45,11,false)
(46,11,false)
(48,11,false)
(49,11,false)
(51,11,false)
(56,11,false)
(58,11,false)
(61,11,false)
(62,11,false)
(63,11,false)
(65,11,false)
(66,11,false)
(68,11,false)
(70,11,false)
(72,11,false)
(73,11,false)
(79,11,false)
(84,11,false)
(86,11,false)
(89,11,false)
(90,11,false)
(93,11,false)
(99,11,false)
(105,11,true)
(106,11,false)
(107,11,true)
(112,11,true)
(113,11,false)
(114,11,false)
(115,11,false)
(117,11,false)
(127,11,true)
(133,11,true)
(135,11,true)
(138,11,true)
(139,11,true)
(143,11,false)
(146,11,true)
(148,11,true)
(150,11,true)
(151,11,true)
(152,11,true)
(154,11,true)
(155,11,false)
(156,11,true)
(159,11,true)
(160,11,true)
(161,11,true)
(165,11,true)
(167,11,true)
(171,11,true)
(173,11,true)
(174,11,true)
(175,11,true)
(182,11,true)
(185,11,true)
(188,11,false)
(190,11,true)
(191,11,true)
(193,11,true)
(195,11,true)
(203,11,true)
(204,11,true)
(206,11,true)
(209,11,true)
(211,11,true)
(212,11,true)
(219,11,true)
(223,11,true)
(227,11,true)
(228,11,true)
(230,11,true)
(233,11,true)
(240,11,true)
(248,11,true)
(250,11,true)
(251,11,true)
(256,11,true)
(260,11,true)
(261,11,true)
(266,11,true)
(270,11,true)
(272,11,true)
(278,11,true)
(286,11,true)
(289,11,true)
(298,11,true)
(0,12,false)
(7,12,false)
(11,12,false)
(14,12,false)
(15,12,false)
(16,12,false)
(17,12,false)
(18,12,false)
(19,12,false)
(21,12,false)
(22,12,false)
(23,12,false)
(29,12,false)
(30,12,false)
(34,12,false)
(38,12,false)
(44,12,true)
(46,12,false)
(52,12,false)
(56,12,false)
(57,12,false)
(63,12,false)
(66,12,false)
(67,12,false)
(68,12,false)
(70,12,false)
(75,12,false)
(76,12,false)
(81,12,false)
(82,12,false)
(83,12,false)
(85,12,false)
(87,12,false)
(88,12,false)
(89,12,false)
(94,12,false)
(100,12,false)
(104,12,false)
(105,12,false)
(107,12,false)
(108,12,false)
(113,12,false)
(128,12,true)
(132,12,true)
(133,12,true)
(135,12,true)
(138,12,true)
(139,12,true)
(142,12,true)
(144,12,true)
(149,12,true)
(151,12,true)
(153,12,true)
(154,12,true)
(157,12,true)
(160,12,true)
(162,12,true)
(165,12,true)
(170,12,true)
(172,12,true)
(181,12,true)
(183,12,true)
(186,12,true)
(193,12,true)
(199,12,false)
(202,12,true)
(206,12,true)
(210,12,true)
(214,12,true)
(215,12,true)
(216,12,true)
(217,12,true)
(218,12,true)
(221,12,true)
(223,12,true)
(225,12,true)
(235,12,true)
(237,12,true)
(238,12,true)
(241,12,true)
(243,12,true)
(245,12,true)
(246,12,true)
(247,12,true)
(248,12,true)
(251,12,true)
(254,12,true)
(257,12,true)
(260,12,true)
(261,12,true)
(262,12,true)
(266,12,true)
(267,12,true)
(268,12,true)
(269,12,false)
(276,12,true)
(278,12,true)
(280,12,true)
(292,12,true)
(295,12,true)
(296,12,true)
(297,12,true)
(298,12,true)
(4,13,false)
(6,13,false)
(11,13,false)
(14,13,false)
(23,13,false)
(27,13,false)
(29,13,false)
(34,13,false)
(51,13,false)
(52,13,false)
(53,13,false)
(58,13,false)
(63,13,false)
(71,13,false)
(89,13,false)
(90,13,false)
(92,13,false)
(93,13,false)
(94,13,false)
(95,13,false)
(96,13,false)
(99,13,false)
(104,13,false)
(106,13,false)
(107,13,false)
(108,13,false)
(109,13,false)
(116,13,false)
(117,13,false)
(119,13,false)
(120,13,true)
(121,13,true)
(125,13,true)
(126,13,true)
(127,13,true)
(131,13,true)
(133,13,true)
(134,13,true)
(138,13,true)
(140,13,true)
(146,13,true)
(152,13,true)
(155,13,true)
(159,13,true)
(163,13,true)
(166,13,true)
(167,13,true)
(169,13,true)
(171,13,true)
(173,13,true)
(174,13,true)
(176,13,true)
(184,13,true)
(202,13,true)
(205,13,true)
(207,13,true)
(210,13,true)
(211,13,true)
(213,13,true)
(214,13,true)
(217,13,true)
(218,13,true)
(222,13,true)
(223,13,true)
(224,13,true)
(226,13,false)
(227,13,true)
(229,13,true)
(231,13,true)
(233,13,true)
(234,13,true)
(243,13,true)
(253,13,false)
(255,13,true)
(258,13,false)
(260,13,true)
(263,13,true)
(273,13,true)
(278,13,true)
(284,13,true)
(285,13,true)
(286,13,true)
(288,13,true)
(292,13,true)
(294,13,true)
(295,13,false)
(297,13,true)
(0,14,false)
(1,14,false)
(3,14,false)
(6,14,false)
(7,14,false)
(8,14,false)
(9,14,false)
(10,14,false)
(12,14,false)
(14,14,false)
(15,14,false)
(20,14,false)
(22,14,true)
(23,14,false)
(29,14,false)
(30,14,false)
(35,14,true)
(36,14,false)
(39,14,true)
(46,14,false)
(48,14,false)
(49,14,false)
(50,14,false)
(51,14,false)
(55,14,false)
(58,14,false)
(59,14,false)
(65,14,false)
(67,14,true)
(72,14,false)
(75,14,false)
(78,14,false)
(80,14,false)
(82,14,false)
(90,14,false)
(91,14,false)
(92,14,false)
(96,14,false)
(98,14,false)
(99,14,false)
(100,14,false)
(102,14,false)
(104,14,false)
(107,14,false)
(108,14,false)
(109,14,true)
(113,14,false)
(126,14,true)
(128,14,true)
(132,14,true)
(134,14,true)
(137,14,true)
(138,14,true)
(139,14,true)
(146,14,true)
(147,14,true)
(149,14,true)
(155,14,true)
(162,14,true)
(165,14,true)
(168,14,true)
(174,14,true)
(176,14,true)
(178,14,true)
(179,14,false)
(181,14,true)
(187,14,false)
(193,14,true)
(196,14,true)
(198,14,false)
(201,14,true)
(206,14,true)
(208,14,true)
(209,14,true)
(213,14,true)
(220,14,true)
(223,14,true)
(229,14,true)
(245,14,true)
(251,14,true)
(254,14,true)
(258,14,true)
(259,14,true)
(261,14,true)
(267,14,true)
(269,14,true)
(270,14,false)
(271,14,true)
(272,14,true)
(273,14,true)
(275,14,true)
(277,14,true)
(283,14,true)
(284,14,true)
(287,14,true)
(288,14,true)
(1,15,false)
(5,15,false)
(8,15,false)
(13,15,false)
(19,15,false)
(22,15,false)
(25,15,false)
(27,15,false)
(29,15,false)
(30,15,false)
(32,15,false)
(35,15,false)
(36,15,false)
(42,15,false)
(43,15,false)
(44,15,false)
(46,15,false)
(48,15,false)
(49,15,false)
(52,15,false)
(54,15,false)
(61,15,false)
(67,15,false)
(69,15,false)
(70,15,false)
(76,15,false)
(79,15,false)
(85,15,false)
(87,15,false)
(88,15,false)
(90,15,false)
(91,15,false)
(94,15,false)
(101,15,false)
(102,15,false)
(103,15,false)
(104,15,false)
(105,15,false)
(111,15,false)
(114,15,false)
(115,15,false)
(117,15,false)
(118,15,false)
(126,15,true)
(128,15,true)
(131,15,true)
(133,15,true)
(134,15,true)
(135,15,true)
(136,15,true)
(141,15,true)
(143,15,true)
(144,15,true)
(146,15,true)
(149,15,true)
(156,15,true)
(158,15,true)
(159,15,true)
(160,15,true)
(161,15,true)
(162,15,true)
(163,15,true)
(167,15,true)
(174,15,true)
(176,15,true)
(181,15,true)
(183,15,true)
(184,15,true)
(185,15,true)
(186,15,true)
(191,15,true)
(197,15,true)
(200,15,true)
(201,15,true)
(205,15,true)
(206,15,true)
(207,15,true)
(209,15,true)
(211,15,true)
(213,15,true)
(220,15,true)
(228,15,true)
(230,15,true)
(231,15,true)
(234,15,true)
(235,15,true)
(237,15,true)
(242,15,true)
(244,15,true)
(247,15,true)
(249,15,true)
(251,15,true)
(252,15,true)
(254,15,true)
(256,15,true)
(257,15,true)
(261,15,true)
(263,15,true)
(264,15,true)
(265,15,true)
(269,15,false)
(274,15,true)
(275,15,true)
(276,15,true)
(285,15,true)
(287,15,true)
(288,15,true)
(290,15,true)
(291,15,true)
(294,15,true)
(295,15,true)
(296,15,true)
(1,16,false)
(7,16,false)
(10,16,false)
(13,16,false)
(18,16,false)
(19,16,false)
(21,16,false)
(29,16,false)
(34,16,false)
(35,16,false)
(37,16,false)
(38,16,false)
(39,16,false)
(40,16,false)
(48,16,false)
(53,16,false)
(61,16,false)
(63,16,false)
(64,16,false)
(65,16,false)
(69,16,false)
(73,16,false)
(74,16,false)
(77,16,false)
(83,16,false)
(99,16,false)
(100,16,false)
(101,16,false)
(104,16,false)
(107,16,false)
(108,16,false)
(110,16,false)
(120,16,true)
(122,16,true)
(125,16,true)
(129,16,true)
(135,16,true)
(148,16,true)
(151,16,true)
(155,16,true)
(163,16,true)
(169,16,true)
(171,16,true)
(175,16,true)
(176,16,true)
(180,16,true)
(181,16,true)
(182,16,true)
(190,16,true)
(195,16,true)
(196,16,true)
(197,16,true)
(202,16,true)
(204,16,true)
(207,16,true)
(213,16,true)
(217,16,true)
(220,16,true)
(224,16,true)
(226,16,true)
(229,16,true)
(230,16,true)
(234,16,true)
(236,16,true)
(239,16,true)
(240,16,true)
(241,16,true)
(251,16,true)
(252,16,true)
(253,16,true)
(257,16,true)
(261,16,true)
(264,16,true)
(269,16,true)
(270,16,true)
(276,16,true)
(278,16,true)
(291,16,false)
(292,16,true)
(298,16,true)
(299,16,true)
(2,17,false)
(3,17,false)
(4,17,false)
(8,17,false)
(10,17,false)
(13,17,false)
(17,17,false)
(23,17,false)
(25,17,false)
(28,17,false)
(29,17,false)
(30,17,false)
(31,17,false)
(37,17,false)
(39,17,false)
(48,17,false)
(52,17,false)
(56,17,false)
(60,17,false)
(61,17,false)
(63,17,false)
(68,17,false)
(70,17,false)
(73,17,false)
(75,17,false)
(76,17,false)
(78,17,false)
(79,17,false)
(81,17,false)
(84,17,false)
(85,17,false)
(86,17,false)
(88,17,false)
(89,17,false)
(96,17,false)
(97,17,false)
(101,17,false)
(107,17,false)
(111,17,true)
(112,17,false)
(115,17,false)
(119,17,false)
(123,17,true)
(125,17,true)
(136,17,true)
(139,17,true)
(144,17,true)
(145,17,true)
(147,17,true)
(149,17,true)
(151,17,true)
(152,17,true)
(160,17,true)
(162,17,true)
(166,17,true)
(169,17,true)
(171,17,true)
(173,17,false)
(177,17,true)
(178,17,true)
(181,17,true)
(182,17,true)
(184,17,true)
(190,17,true)
(191,17,true)
(192,17,true)
(197,17,true)
(199,17,true)
(202,17,true)
(206,17,true)
(210,17,true)
(219,17,true)
(220,17,true)
(221,17,true)
(224,17,true)
(225,17,true)
(230,17,true)
(232,17,true)
(234,17,true)
(245,17,true)
(249,17,true)
(250,17,true)
(253,17,true)
(255,17,true)
(258,17,true)
(261,17,true)
(265,17,false)
(266,17,true)
(267,17,true)
(270,17,true)
(274,17,true)
(277,17,true)
(285,17,true)
(289,17,true)
(290,17,true)
(293,17,true)
(298,17,true)
(299,17,true)
(0,18,false)
(2,18,false)
(3,18,false)
(4,18,false)
(6,18,true)
(9,18,false)
(10,18,false)
(11,18,false)
(14,18,false)
(21,18,false)
(23,18,false)
(31,18,false)
(33,18,false)
(34,18,false)
(41,18,false)
(43,18,false)
(47,18,false)
(50,18,false)
(52,18,false)
(53,18,false)
(60,18,false)
(61,18,true)
(62,18,false)
(67,18,false)
(70,18,false)
(72,18,false)
(75,18,false)
(78,18,false)
(79,18,false)
(93,18,false)
(94,18,false)
(96,18,false)
(97,18,false)
(102,18,false)
(105,18,false)
(108,18,false)
(109,18,false)
(110,18,false)
(111,18,false)
(113,18,false)
(116,18,true)
(117,18,false)
(118,18,false)
(121,18,true)
(122,18,true)
(123,18,true)
(125,18,true)
(129,18,true)
(167,18,true)
(170,18,true)
(171,18,true)
(173,18,true)
(174,18,true)
(179,18,true)
(180,18,true)
(185,18,true)
(198,18,true)
(200,18,true)
(206,18,true)
(210,18,true)
(214,18,true)
(215,18,true)
(216,18,true)
(219,18,true)
(221,18,true)
(226,18,true)
(227,18,true)
(228,18,true)
(231,18,true)
(232,18,true)
(241,18,true)
(243,18,false)
(248,18,true)
(249,18,true)
(253,18,true)
(257,18,true)
(264,18,true)
(265,18,true)
(268,18,true)
(278,18,true)
(279,18,true)
(283,18,true)
(284,18,true)
(286,18,true)
(287,18,true)
(288,18,true)
(289,18,true)
(290,18,true)
(291,18,true)
(295,18,true)
(0,19,false)
(1,19,false)
(3,19,false)
(6,19,false)
(8,19,false)
(13,19,false)
(14,19,false)
(17,19,false)
(19,19,false)
(20,19,false)
(23,19,false)
(26,19,false)
(27,19,false)
(28,19,false)
(29,19,false)
(31,19,false)
(39,19,false)
(42,19,false)
(43,19,false)
(45,19,false)
(47,19,false)
(53,19,false)
(55,19,false)
(56,19,false)
(60,19,false)
(62,19,false)
(66,19,false)
(68,19,false)
(69,19,false)
(73,19,true)
(74,19,true)
(79,19,false)
(85,19,false)
(88,19,false)
(94,19,false)
(96,19,false)
(104,19,false)
(112,19,false)
(117,19,false)
(119,19,false)
(120,19,true)
(121,19,true)
(124,19,true)
(127,19,true)
(128,19,true)
(131,19,true)
(134,19,true)
(135,19,true)
(136,19,true)
(141,19,true)
(144,19,true)
(148,19,true)
(149,19,true)
(152,19,false)
(156,19,true)
(157,19,true)
(165,19,true)
(167,19,true)
(168,19,false)
(171,19,true)
(176,19,true)
(180,19,true)
(182,19,true)
(183,19,true)
(184,19,true)
(188,19,true)
(189,19,true)
(196,19,true)
(197,19,true)
(211,19,true)
(213,19,true)
(215,19,true)
(222,19,true)
(235,19,true)
(237,19,true)
(240,19,true)
(241,19,true)
(247,19,true)
(251,19,true)
(262,19,true)
(265,19,true)
(266,19,true)
(270,19,true)
(271,19,true)
(274,19,true)
(277,19,true)
(279,19,true)
(281,19,true)
(282,19,true)
(288,19,true)
(289,19,true)
(7,20,false)
(9,20,false)
(12,20,false)
(13,20,false)
(14,20,false)
(19,20,false)
(21,20,false)
(28,20,false)
(32,20,false)
(35,20,false)
(40,20,false)
(41,20,false)
(42,20,false)
(44,20,false)
(46,20,false)
(50,20,false)
(54,20,false)
(57,20,false)
(60,20,false)
(67,20,false)
(76,20,false)
(78,20,false)
(79,20,false)
(81,20,false)
(83,20,false)
(90,20,false)
(91,20,false)
(92,20,false)
(94,20,false)
(99,20,false)
(100,20,false)
(101,20,false)
(103,20,false)
(104,20,true)
(106,20,false)
(109,20,false)
(110,20,false)
(112,20,false)
(113,20,false)
(119,20,false)
(124,20,true)
(126,20,true)
(129,20,true)
(132,20,true)
(133,20,true)
(134,20,true)
(136,20,true)
(144,20,true)
(147,20,true)
(148,20,true)
(150,20,true)
(152,20,true)
(153,20,true)
(157,20,true)
(161,20,true)
(168,20,true)
(172,20,true)
(178,20,true)
(182,20,true)
(183,20,true)
(184,20,true)
(187,20,true)
(194,20,true)
(197,20,true)
(199,20,true)
(203,20,true)
(207,20,true)
(209,20,true)
(211,20,true)
(214,20,true)
(218,20,true)
(220,20,true)
(224,20,true)
(226,20,true)
(227,20,true)
(228,20,true)
(234,20,true)
(240,20,true)
(246,20,true)
(251,20,true)
(258,20,true)
(259,20,true)
(260,20,true)
(285,20,true)
(286,20,true)
(287,20,true)
(289,20,true)
(292,20,true)
(294,20,true)
(296,20,true)
(299,20,true)
(8,21,false)
(9,21,true)
(12,21,false)
(15,21,false)
(17,21,false)
(22,21,false)
(34,21,false)
(35,21,false)
(38,21,false)
(39,21,true)
(46,21,false)
(54,21,false)
(55,21,false)
(59,21,false)
(64,21,false)
(70,21,false)
(74,21,false)
(79,21,false)
(86,21,false)
(89,21,false)
(92,21,false)
(94,21,false)
(104,21,false)
(105,21,false)
(108,21,false)
(109,21,false)
(129,21,true)
(131,21,true)
(132,21,true)
(134,21,true)
(136,21,true)
(141,21,true)
(147,21,true)
(150,21,true)
(164,21,true)
(165,21,true)
(173,21,true)
(181,21,true)
(183,21,true)
(193,21,true)
(194,21,true)
(201,21,true)
(203,21,true)
(212,21,true)
(214,21,true)
(217,21,true)
(221,21,true)
(225,21,true)
(226,21,true)
(227,21,true)
(228,21,true)
(234,21,true)
(237,21,true)
(242,21,true)
(243,21,true)
(244,21,true)
(245,21,true)
(246,21,false)
(247,21,true)
(248,21,true)
(268,21,true)
(269,21,true)
(270,21,true)
(272,21,true)
(275,21,true)
(276,21,true)
(277,21,true)
(278,21,true)
(279,21,true)
(280,21,true)
(288,21,true)
(290,21,true)
(291,21,true)
(293,21,true)
(5,22,false)
(11,22,false)
(12,22,false)
(14,22,false)
(18,22,false)
(24,22,false)
(35,22,false)
(37,22,false)
(38,22,false)
(42,22,false)
(45,22,false)
(49,22,false)
(51,22,false)
(53,22,false)
(58,22,true)
(63,22,false)
(70,22,false)
(78,22,false)
(79,22,false)
(80,22,false)
(81,22,false)
(86,22,false)
(87,22,true)
(89,22,false)
(90,22,false)
(91,22,false)
(92,22,false)
(98,22,false)
(100,22,false)
(102,22,false)
(108,22,false)
(109,22,false)
(114,22,false)
(118,22,false)
(119,22,false)
(120,22,true)
(124,22,true)
(125,22,true)
(127,22,false)
(136,22,true)
(137,22,true)
(138,22,true)
(142,22,true)
(143,22,true)
(145,22,true)
(151,22,true)
(155,22,true)
(157,22,true)
(158,22,true)
(161,22,true)
(162,22,true)
(164,22,true)
(169,22,true)
(170,22,false)
(174,22,true)
(175,22,true)
(181,22,true)
(191,22,true)
(198,22,true)
(200,22,false)
(206,22,true)
(209,22,true)
(212,22,true)
(215,22,true)
(217,22,true)
(219,22,true)
(226,22,true)
(228,22,false)
(230,22,true)
(231,22,true)
(237,22,true)
(242,22,true)
(244,22,true)
(250,22,true)
(254,22,true)
(259,22,true)
(260,22,true)
(261,22,true)
(262,22,true)
(274,22,false)
(276,22,true)
(279,22,true)
(280,22,true)
(287,22,true)
(290,22,true)
(292,22,true)
(297,22,true)
(298,22,true)
(299,22,true)
(3,23,false)
(12,23,false)
(24,23,false)
(28,23,false)
(29,23,false)
(34,23,false)
(35,23,false)
(37,23,false)
(38,23,false)
(42,23,false)
(43,23,false)
(45,23,false)
(47,23,false)
(51,23,false)
(52,23,false)
(57,23,false)
(59,23,true)
(65,23,false)
(67,23,false)
(68,23,false)
(71,23,false)
(72,23,false)
(77,23,false)
(78,23,false)
(81,23,false)
(82,23,false)
(90,23,false)
(93,23,false)
(96,23,false)
(98,23,false)
(99,23,false)
(102,23,false)
(106,23,false)
(108,23,false)
(109,23,false)
(110,23,false)
(111,23,true)
(116,23,false)
(119,23,false)
(120,23,true)
(131,23,true)
(133,23,true)
(134,23,true)
(135,23,true)
(139,23,true)
(143,23,true)
(146,23,true)
(155,23,true)
(160,23,true)
(161,23,true)
(163,23,false)
(165,23,true)
(171,23,true)
(178,23,true)
(179,23,true)
(182,23,true)
(185,23,true)
(188,23,true)
(195,23,true)
(196,23,true)
(199,23,true)
(204,23,true)
(207,23,true)
(211,23,true)
(216,23,true)
(223,23,true)
(225,23,true)
(226,23,true)
(228,23,true)
(231,23,true)
(234,23,true)
(235,23,true)
(237,23,true)
(240,23,true)
(241,23,true)
(247,23,true)
(251,23,true)
(252,23,true)
(254,23,false)
(255,23,true)
(258,23,true)
(260,23,true)
(262,23,true)
(263,23,true)
(266,23,true)
(269,23,true)
(276,23,true)
(277,23,true)
(278,23,true)
(281,23,true)
(289,23,true)
(290,23,true)
(291,23,true)
(294,23,true)
(295,23,true)
(2,24,false)
(3,24,false)
(4,24,false)
(5,24,false)
(17,24,false)
(18,24,false)
(20,24,false)
(24,24,false)
(32,24,false)
(34,24,false)
(36,24,false)
(37,24,true)
(41,24,false)
(44,24,false)
(46,24,false)
(50,24,false)
(54,24,false)
(56,24,false)
(59,24,false)
(63,24,false)
(64,24,false)
(75,24,false)
(78,24,false)
(81,24,false)
(82,24,false)
(88,24,false)
(92,24,false)
(96,24,false)
(99,24,false)
(103,24,false)
(107,24,false)
(111,24,false)
(112,24,false)
(114,24,false)
(122,24,true)
(124,24,true)
(132,24,true)
(133,24,true)
(143,24,true)
(148,24,true)
(152,24,true)
(153,24,true)
(157,24,true)
(162,24,true)
(164,24,true)
(165,24,true)
(171,24,true)
(174,24,true)
(175,24,true)
(182,24,true)
(185,24,true)
(187,24,true)
(195,24,true)
(207,24,true)
(212,24,true)
(213,24,true)
(216,24,true)
(229,24,true)
(238,24,true)
(250,24,true)
(254,24,true)
(263,24,false)
(265,24,true)
(273,24,true)
(275,24,true)
(278,24,true)
(281,24,true)
(285,24,true)
(287,24,true)
(297,24,true)
(3,25,false)
(6,25,false)
(7,25,false)
(12,25,false)
(13,25,false)
(15,25,false)
(16,25,false)
(17,25,false)
(21,25,false)
(24,25,false)
(25,25,false)
(27,25,false)
(28,25,false)
(33,25,false)
(35,25,false)
(52,25,false)
(55,25,false)
(56,25,false)
(61,25,false)
(62,25,true)
(72,25,false)
(75,25,false)
(76,25,false)
(79,25,false)
(86,25,false)
(87,25,false)
(90,25,false)
(93,25,false)
(95,25,false)
(102,25,false)
(105,25,false)
(106,25,false)
(108,25,false)
(110,25,false)
(111,25,false)
(112,25,false)
(118,25,false)
(122,25,true)
(123,25,true)
(125,25,true)
(127,25,true)
(132,25,true)
(133,25,true)
(134,25,true)
(138,25,true)
(140,25,true)
(146,25,true)
(152,25,true)
(154,25,true)
(155,25,true)
(158,25,true)
(160,25,true)
(166,25,true)
(169,25,true)
(178,25,true)
(179,25,true)
(189,25,true)
(193,25,true)
(198,25,true)
(206,25,true)
(208,25,true)
(209,25,true)
(212,25,true)
(214,25,true)
(215,25,true)
(219,25,true)
(220,25,true)
(225,25,false)
(228,25,true)
(229,25,true)
(230,25,false)
(236,25,true)
(238,25,true)
(241,25,true)
(242,25,true)
(244,25,true)
(246,25,true)
(247,25,true)
(249,25,true)
(254,25,true)
(259,25,true)
(264,25,true)
(265,25,true)
(266,25,true)
(270,25,true)
(274,25,true)
(275,25,true)
(288,25,true)
(292,25,true)
(295,25,true)
(296,25,true)
(2,26,false)
(5,26,false)
(9,26,false)
(10,26,false)
(13,26,false)
(21,26,false)
(23,26,false)
(27,26,false)
(34,26,false)
(35,26,false)
(44,26,true)
(48,26,false)
(49,26,false)
(50,26,false)
(55,26,false)
(56,26,false)
(61,26,true)
(63,26,false)
(67,26,false)
(70,26,false)
(73,26,false)
(78,26,false)
(81,26,false)
(89,26,false)
(96,26,false)
(103,26,false)
(114,26,false)
(118,26,false)
(119,26,true)
(128,26,true)
(132,26,true)
(134,26,true)
(138,26,true)
(139,26,true)
(142,26,true)
(143,26,true)
(146,26,true)
(149,26,true)
(152,26,true)
(155,26,true)
(156,26,true)
(164,26,true)
(177,26,true)
(179,26,true)
(180,26,true)
(182,26,true)
(183,26,false)
(184,26,true)
(186,26,true)
(187,26,true)
(191,26,true)
(192,26,true)
(196,26,true)
(197,26,true)
(205,26,true)
(213,26,true)
(215,26,true)
(217,26,true)
(219,26,true)
(224,26,true)
(225,26,true)
(228,26,true)
(229,26,true)
(230,26,true)
(235,26,true)
(236,26,true)
(237,26,true)
(239,26,true)
(241,26,true)
(244,26,true)
(245,26,true)
(257,26,true)
(260,26,true)
(262,26,true)
(272,26,true)
(275,26,true)
(276,26,true)
(282,26,true)
(284,26,true)
(287,26,true)
(288,26,true)
(296,26,true)
(298,26,true)
(299,26,true)
(10,27,false)
(12,27,false)
(13,27,false)
(14,27,false)
(20,27,false)
(21,27,false)
(24,27,false)
(26,27,false)
(27,27,false)
(29,27,false)
(41,27,true)
(42,27,false)
(47,27,false)
(49,27,false)
(53,27,false)
(55,27,false)
(56,27,false)
(65,27,false)
(74,27,false)
(80,27,false)
(84,27,false)
(87,27,false)
(91,27,false)
(92,27,false)
(98,27,false)
(99,27,false)
(104,27,false)
(105,27,false)
(112,27,false)
(114,27,false)
(117,27,false)
(120,27,true)
(128,27,true)
(129,27,true)
(133,27,true)
(135,27,true)
(140,27,false)
(142,27,true)
(147,27,true)
(152,27,true)
(164,27,true)
(167,27,true)
(171,27,true)
(172,27,true)
(173,27,true)
(178,27,true)
(185,27,true)
(191,27,true)
(195,27,true)
(197,27,true)
(206,27,true)
(207,27,true)
(208,27,true)
(210,27,false)
(212,27,true)
(213,27,true)
(215,27,true)
(218,27,false)
(219,27,true)
(221,27,true)
(223,27,true)
(224,27,true)
(230,27,true)
(232,27,true)
(236,27,true)
(242,27,true)
(245,27,true)
(250,27,true)
(251,27,true)
(252,27,false)
(254,27,true)
(256,27,true)
(258,27,true)
(260,27,true)
(261,27,true)
(262,27,true)
(265,27,true)
(266,27,true)
(273,27,true)
(274,27,true)
(276,27,true)
(278,27,true)
(279,27,true)
(280,27,true)
(282,27,true)
(284,27,true)
(286,27,false)
(288,27,false)
(290,27,false)
(291,27,true)
(295,27,true)
(296,27,true)
(299,27,true)
(3,28,false)
(4,28,false)
(7,28,false)
(16,28,false)
(22,28,false)
(29,28,false)
(34,28,false)
(35,28,false)
(37,28,false)
(43,28,false)
(45,28,false)
(51,28,false)
(54,28,false)
(56,28,false)
(58,28,false)
(60,28,false)
(62,28,false)
(64,28,false)
(65,28,false)
(66,28,false)
(72,28,true)
(77,28,false)
(81,28,false)
(82,28,false)
(93,28,false)
(94,28,false)
(99,28,false)
(101,28,false)
(111,28,false)
(117,28,false)
(120,28,true)
(124,28,true)
(132,28,true)
(133,28,true)
(140,28,true)
(142,28,true)
(154,28,true)
(157,28,false)
(158,28,true)
(159,28,true)
(167,28,true)
(168,28,true)
(170,28,true)
(172,28,true)
(173,28,true)
(178,28,true)
(181,28,true)
(186,28,true)
(187,28,true)
(195,28,true)
(197,28,true)
(201,28,true)
(204,28,true)
(218,28,true)
(226,28,true)
(230,28,true)
(231,28,true)
(232,28,true)
(234,28,true)
(235,28,true)
(237,28,true)
(244,28,true)
(245,28,true)
(248,28,false)
(249,28,true)
(250,28,true)
(257,28,true)
(258,28,true)
(264,28,true)
(269,28,true)
(270,28,true)
(274,28,true)
(284,28,true)
(289,28,true)
(294,28,true)
(295,28,true)
(296,28,true)
(299,28,true)
(3,29,false)
(12,29,false)
(15,29,false)
(20,29,false)
(21,29,false)
(22,29,false)
(23,29,false)
(27,29,false)
(28,29,false)
(33,29,false)
(40,29,false)
(44,29,false)
(54,29,false)
(58,29,false)
(60,29,false)
(61,29,false)
(64,29,false)
(65,29,false)
(68,29,false)
(71,29,false)
(78,29,false)
(82,29,false)
(86,29,false)
(88,29,false)
(91,29,false)
(94,29,false)
(99,29,false)
(100,29,true)
(103,29,true)
(106,29,false)
(108,29,false)
(121,29,true)
(125,29,true)
(127,29,true)
(128,29,true)
(131,29,true)
(133,29,true)
(134,29,true)
(137,29,true)
(145,29,true)
(146,29,true)
(147,29,true)
(149,29,true)
(150,29,true)
(152,29,true)
(154,29,true)
(159,29,true)
(161,29,true)
(162,29,true)
(168,29,false)
(175,29,true)
(181,29,true)
(183,29,true)
(192,29,false)
(197,29,true)
(198,29,true)
(205,29,true)
(207,29,true)
(208,29,true)
(214,29,true)
(219,29,true)
(221,29,true)
(224,29,true)
(227,29,false)
(235,29,true)
(239,29,true)
(241,29,true)
(243,29,true)
(260,29,true)
(263,29,true)
(281,29,true)
(286,29,true)
(298,29,true)
(2,30,false)
(3,30,false)
(9,30,false)
(13,30,false)
(15,30,false)
(18,30,false)
(20,30,false)
(26,30,false)
(40,30,false)
(41,30,false)
(45,30,false)
(52,30,false)
(55,30,false)
(66,30,false)
(67,30,false)
(70,30,false)
(76,30,false)
(77,30,false)
(78,30,false)
(79,30,false)
(91,30,false)
(97,30,false)
(101,30,false)
(102,30,false)
(106,30,false)
(110,30,false)
(111,30,true)
(114,30,false)
(117,30,false)
(122,30,true)
(124,30,true)
(131,30,true)
(132,30,true)
(134,30,true)
(139,30,true)
(140,30,false)
(141,30,true)
(144,30,true)
(147,30,false)
(157,30,true)
(158,30,true)
(160,30,true)
(172,30,true)
(174,30,true)
(176,30,true)
(178,30,true)
(194,30,true)
(195,30,true)
(204,30,true)
(214,30,true)
(215,30,true)
(221,30,false)
(227,30,true)
(228,30,true)
(232,30,true)
(233,30,true)
(234,30,true)
(239,30,true)
(252,30,true)
(253,30,true)
(260,30,true)
(261,30,true)
(266,30,true)
(275,30,true)
(284,30,true)
(289,30,true)
(292,30,true)
(294,30,true)
(295,30,true)
(298,30,true)
(0,31,false)
(2,31,false)
(3,31,false)
(4,31,false)
(10,31,false)
(11,31,false)
(20,31,false)
(24,31,false)
(32,31,false)
(33,31,false)
(34,31,false)
(37,31,false)
(49,31,false)
(58,31,false)
(61,31,false)
(62,31,false)
(65,31,false)
(68,31,false)
(72,31,false)
(77,31,false)
(82,31,false)
(86,31,false)
(89,31,false)
(102,31,false)
(106,31,false)
(107,31,false)
(109,31,true)
(114,31,false)
(116,31,true)
(117,31,false)
(121,31,true)
(123,31,true)
(128,31,true)
(131,31,true)
(132,31,true)
(135,31,true)
(138,31,true)
(140,31,true)
(145,31,false)
(146,31,true)
(147,31,true)
(160,31,true)
(162,31,true)
(164,31,true)
(175,31,true)
(177,31,true)
(190,31,true)
(192,31,true)
(193,31,true)
(195,31,true)
(203,31,true)
(204,31,true)
(207,31,true)
(210,31,true)
(214,31,false)
(222,31,true)
(225,31,true)
(230,31,true)
(232,31,true)
(237,31,true)
(242,31,true)
(246,31,true)
(250,31,true)
(253,31,true)
(258,31,true)
(273,31,true)
(275,31,true)
(277,31,true)
(288,31,true)
(289,31,true)
(291,31,true)
(292,31,true)
(299,31,true)
(1,32,false)
(3,32,false)
(13,32,false)
(16,32,false)
(20,32,false)
(25,32,false)
(36,32,false)
(53,32,false)
(55,32,false)
(59,32,false)
(60,32,false)
(65,32,false)
(69,32,false)
(79,32,false)
(88,32,false)
(90,32,false)
(94,32,false)
(98,32,false)
(104,32,false)
(110,32,false)
(113,32,false)
(122,32,true)
(125,32,true)
(130,32,true)
(133,32,true)
(137,32,true)
(140,32,true)
(143,32,true)
(146,32,true)
(147,32,true)
(152,32,true)
(159,32,true)
(168,32,true)
(169,32,true)
(171,32,true)
(177,32,true)
(185,32,true)
(190,32,true)
(194,32,true)
(196,32,true)
(212,32,true)
(216,32,true)
(218,32,true)
(219,32,true)
(222,32,true)
(223,32,false)
(224,32,true)
(228,32,true)
(229,32,true)
(234,32,true)
(236,32,true)
(239,32,true)
(240,32,true)
(241,32,true)
(247,32,true)
(251,32,true)
(254,32,true)
(263,32,true)
(271,32,true)
(272,32,true)
(274,32,true)
(279,32,true)
(280,32,true)
(287,32,true)
(288,32,true)
(293,32,false)
(294,32,true)
(0,33,false)
(5,33,false)
(10,33,false)
(13,33,false)
(14,33,false)
(17,33,false)
(20,33,false)
(26,33,false)
(32,33,false)
(33,33,false)
(41,33,false)
(46,33,false)
(48,33,false)
(52,33,false)
(67,33,false)
(68,33,false)
(75,33,false)
(79,33,false)
(81,33,false)
(83,33,false)
(84,33,false)
(86,33,false)
(89,33,false)
(98,33,false)
(102,33,false)
(119,33,false)
(123,33,true)
(127,33,true)
(129,33,true)
(131,33,true)
(139,33,true)
(142,33,true)
(146,33,true)
(159,33,true)
(172,33,true)
(176,33,true)
(178,33,true)
(183,33,true)
(184,33,true)
(185,33,true)
(191,33,true)
(193,33,true)
(194,33,false)
(195,33,true)
(196,33,true)
(201,33,true)
(202,33,true)
(207,33,true)
(221,33,true)
(224,33,true)
(229,33,true)
(236,33,true)
(238,33,true)
(240,33,true)
(242,33,true)
(243,33,true)
(247,33,true)
(249,33,true)
(258,33,true)
(261,33,true)
(265,33,true)
(270,33,true)
(275,33,true)
(289,33,true)
(291,33,true)
(293,33,true)
(297,33,true)
(1,34,false)
(2,34,false)
(6,34,false)
(7,34,false)
(11,34,false)
(12,34,false)
(14,34,false)
(15,34,false)
(19,34,true)
(21,34,false)
(25,34,false)
(30,34,false)
(35,34,false)
(38,34,false)
(47,34,false)
(50,34,false)
(55,34,false)
(56,34,false)
(57,34,false)
(58,34,false)
(62,34,false)
(65,34,false)
(68,34,false)
(75,34,false)
(78,34,false)
(81,34,false)
(83,34,true)
(84,34,false)
(85,34,false)
(88,34,false)
(90,34,false)
(94,34,false)
(96,34,false)
(100,34,false)
(105,34,false)
(108,34,false)
(120,34,true)
(121,34,true)
(122,34,true)
(132,34,true)
(135,34,true)
(138,34,true)
(141,34,true)
(145,34,true)
(151,34,true)
(155,34,true)
(156,34,true)
(157,34,true)
(158,34,true)
(161,34,true)
(162,34,false)
(164,34,true)
(169,34,true)
(170,34,true)
(171,34,true)
(172,34,true)
(176,34,true)
(177,34,true)
(179,34,true)
(180,34,true)
(183,34,true)
(187,34,true)
(193,34,true)
(195,34,true)
(206,34,true)
(212,34,true)
(215,34,true)
(216,34,true)
(218,34,true)
(235,34,true)
(236,34,true)
(242,34,true)
(245,34,true)
(247,34,true)
(250,34,true)
(251,34,true)
(252,34,true)
(254,34,false)
(264,34,true)
(268,34,true)
(269,34,true)
(274,34,false)
(276,34,true)
(285,34,true)
(288,34,true)
(0,35,false)
(1,35,true)
(2,35,true)
(10,35,false)
(17,35,false)
(34,35,false)
(44,35,false)
(49,35,false)
(50,35,false)
(52,35,false)
(55,35,false)
(58,35,false)
(59,35,true)
(64,35,false)
(75,35,false)
(80,35,false)
(82,35,false)
(89,35,false)
(95,35,false)
(109,35,false)
(115,35,false)
(121,35,true)
(131,35,true)
(137,35,true)
(138,35,true)
(142,35,true)
(143,35,true)
(151,35,true)
(160,35,true)
(161,35,true)
(167,35,true)
(171,35,true)
(174,35,true)
(176,35,true)
(179,35,true)
(180,35,true)
(186,35,false)
(195,35,true)
(199,35,true)
(203,35,true)
(205,35,true)
(214,35,true)
(216,35,true)
(219,35,true)
(223,35,true)
(229,35,true)
(230,35,true)
(241,35,true)
(244,35,true)
(247,35,true)
(252,35,true)
(253,35,true)
(254,35,true)
(256,35,true)
(259,35,true)
(260,35,true)
(268,35,true)
(270,35,true)
(272,35,true)
(278,35,true)
(294,35,true)
(2,36,false)
(11,36,false)
(22,36,false)
(33,36,false)
(42,36,false)
(43,36,false)
(52,36,false)
(53,36,false)
(61,36,false)
(66,36,false)
(70,36,false)
(75,36,false)
(79,36,false)
(81,36,false)
(82,36,false)
(84,36,false)
(87,36,false)
(100,36,false)
(105,36,false)
(106,36,false)
(120,36,true)
(124,36,true)
(125,36,true)
(132,36,true)
(136,36,true)
(137,36,true)
(141,36,true)
(144,36,true)
(162,36,true)
(168,36,true)
(176,36,false)
(182,36,true)
(189,36,true)
(193,36,true)
(196,36,true)
(197,36,true)
(198,36,true)
(201,36,true)
(205,36,true)
(214,36,true)
(215,36,true)
(220,36,true)
(222,36,false)
(223,36,true)
(234,36,true)
(235,36,true)
(243,36,true)
(244,36,true)
(245,36,true)
(246,36,true)
(252,36,true)
(259,36,true)
(262,36,true)
(272,36,true)
(274,36,true)
(275,36,true)
(279,36,true)
(282,36,true)
(284,36,true)
(292,36,true)
(297,36,true)
(0,37,false)
(4,37,false)
(18,37,false)
(20,37,false)
(22,37,false)
(23,37,false)
(24,37,false)
(27,37,false)
(29,37,false)
(36,37,false)
(38,37,false)
(42,37,false)
(46,37,true)
(51,37,false)
(57,37,false)
(60,37,false)
(63,37,false)
(65,37,false)
(69,37,false)
(70,37,false)
(74,37,false)
(77,37,false)
(78,37,false)
(89,37,true)
(91,37,false)
(92,37,false)
(110,37,false)
(119,37,false)
(120,37,true)
(124,37,true)
(125,37,true)
(136,37,true)
(142,37,true)
(145,37,true)
(147,37,true)
(149,37,true)
(151,37,true)
(155,37,true)
(158,37,true)
(161,37,true)
(163,37,true)
(165,37,false)
(166,37,true)
(179,37,true)
(181,37,true)
(186,37,true)
(187,37,true)
(190,37,true)
(193,37,true)
(203,37,true)
(208,37,true)
(209,37,true)
(211,37,true)
(216,37,true)
(219,37,true)
(230,37,true)
(231,37,true)
(248,37,true)
(250,37,true)
(251,37,true)
(257,37,true)
(265,37,true)
(266,37,true)
(270,37,true)
(273,37,true)
(274,37,true)
(286,37,true)
(287,37,true)
(291,37,true)
(0,38,false)
(2,38,false)
(10,38,false)
(25,38,false)
(43,38,false)
(47,38,false)
(50,38,false)
(53,38,false)
(54,38,false)
(56,38,false)
(61,38,false)
(62,38,false)
(66,38,false)
(74,38,true)
(78,38,false)
(85,38,false)
(90,38,false)
(92,38,false)
(93,38,false)
(94,38,false)
(96,38,false)
(98,38,true)
(100,38,false)
(103,38,false)
(105,38,false)
(107,38,false)
(114,38,false)
(116,38,false)
(117,38,false)
(118,38,false)
(119,38,false)
(120,38,true)
(126,38,true)
(129,38,true)
(134,38,true)
(140,38,true)
(142,38,true)
(149,38,true)
(152,38,true)
(155,38,true)
(169,38,true)
(173,38,true)
(177,38,true)
(179,38,false)
(183,38,true)
(210,38,true)
(212,38,true)
(216,38,true)
(218,38,true)
(221,38,true)
(232,38,true)
(233,38,true)
(238,38,true)
(245,38,true)
(250,38,true)
(254,38,true)
(256,38,true)
(258,38,true)
(259,38,true)
(261,38,true)
(265,38,true)
(267,38,true)
(272,38,true)
(274,38,true)
(275,38,true)
(280,38,true)
(285,38,true)
(289,38,true)
(294,38,true)
(296,38,true)
(0,39,false)
(1,39,false)
(2,39,false)
(10,39,false)
(11,39,false)
(28,39,false)
(32,39,false)
(33,39,false)
(35,39,false)
(39,39,false)
(44,39,false)
(49,39,false)
(55,39,false)
(70,39,false)
(72,39,false)
(84,39,false)
(88,39,false)
(96,39,false)
(103,39,false)
(106,39,false)
(112,39,false)
(114,39,false)
(115,39,false)
(116,39,false)
(123,39,true)
(129,39,true)
(139,39,true)
(142,39,true)
(144,39,true)
(146,39,true)
(155,39,true)
(159,39,true)
(163,39,true)
(171,39,true)
(175,39,true)
(181,39,true)
(184,39,true)
(185,39,true)
(195,39,true)
(204,39,true)
(218,39,true)
(226,39,true)
(227,39,true)
(228,39,true)
(233,39,true)
(236,39,true)
(238,39,true)
(239,39,true)
(245,39,true)
(246,39,true)
(248,39,true)
(259,39,true)
(268,39,true)
(273,39,true)
(276,39,true)
(278,39,true)
(281,39,true)
(285,39,true)
(286,39,true)
(293,39,false)
(7,40,false)
(9,40,false)
(12,40,false)
(19,40,false)
(26,40,false)
(31,40,false)
(33,40,false)
(56,40,false)
(58,40,false)
(64,40,false)
(67,40,false)
(69,40,false)
(88,40,false)
(94,40,false)
(95,40,false)
(97,40,false)
(99,40,false)
(100,40,false)
(101,40,false)
(105,40,false)
(113,40,false)
(114,40,false)
(127,40,true)
(132,40,true)
(138,40,true)
(139,40,true)
(147,40,true)
(152,40,true)
(153,40,false)
(154,40,true)
(157,40,true)
(175,40,true)
(177,40,true)
(186,40,true)
(193,40,true)
(205,40,true)
(210,40,true)
(212,40,true)
(229,40,true)
(237,40,true)
(238,40,true)
(239,40,true)
(248,40,true)
(259,40,true)
(261,40,true)
(269,40,true)
(272,40,true)
(274,40,true)
(278,40,true)
(282,40,true)
(296,40,true)
(299,40,true)
(9,41,false)
(13,41,true)
(14,41,false)
(16,41,false)
(18,41,false)
(43,41,false)
(44,41,false)
(48,41,false)
(52,41,false)
(69,41,false)
(70,41,false)
(73,41,false)
(78,41,false)
(81,41,false)
(88,41,false)
(92,41,false)
(95,41,false)
(96,41,false)
(97,41,true)
(99,41,false)
(105,41,false)
(116,41,true)
(121,41,true)
(129,41,false)
(131,41,true)
(138,41,true)
(140,41,true)
(146,41,true)
(149,41,true)
(162,41,true)
(164,41,true)
(168,41,true)
(172,41,true)
(177,41,true)
(182,41,true)
(184,41,true)
(185,41,true)
(187,41,true)
(191,41,true)
(192,41,false)
(195,41,true)
(206,41,true)
(209,41,true)
(211,41,true)
(226,41,true)
(243,41,true)
(244,41,true)
(249,41,true)
(251,41,true)
(252,41,true)
(256,41,true)
(259,41,true)
(260,41,true)
(263,41,false)
(271,41,true)
(273,41,true)
(275,41,false)
(278,41,true)
(283,41,true)
(286,41,true)
(289,41,false)
(293,41,false)
(295,41,true)
(296,41,true)
(297,41,true)
(298,41,true)
(1,42,false)
(2,42,false)
(4,42,false)
(5,42,false)
(9,42,false)
(10,42,false)
(12,42,false)
(14,42,false)
(22,42,false)
(32,42,false)
(34,42,false)
(36,42,false)
(47,42,false)
(57,42,false)
(71,42,false)
(75,42,false)
(77,42,false)
(86,42,false)
(89,42,false)
(93,42,false)
(94,42,false)
(99,42,false)
(104,42,false)
(108,42,false)
(111,42,false)
(117,42,false)
(129,42,true)
(130,42,true)
(132,42,true)
(140,42,true)
(141,42,true)
(146,42,true)
(149,42,true)
(150,42,false)
(161,42,true)
(164,42,true)
(166,42,true)
(183,42,true)
(191,42,true)
(203,42,true)
(209,42,true)
(222,42,true)
(224,42,true)
(225,42,true)
(227,42,true)
(237,42,true)
(240,42,true)
(242,42,true)
(243,42,true)
(246,42,true)
(248,42,true)
(254,42,true)
(260,42,true)
(263,42,true)
(270,42,true)
(271,42,true)
(273,42,true)
(275,42,true)
(278,42,true)
(279,42,false)
(285,42,true)
(287,42,true)
(290,42,true)
(291,42,true)
(299,42,true)
(0,43,false)
(3,43,false)
(4,43,false)
(5,43,false)
(6,43,false)
(8,43,false)
(11,43,false)
(13,43,false)
(18,43,false)
(19,43,false)
(23,43,false)
(26,43,false)
(30,43,false)
(36,43,false)
(38,43,false)
(39,43,false)
(42,43,false)
(52,43,false)
(55,43,false)
(65,43,false)
(66,43,false)
(72,43,true)
(79,43,false)
(81,43,false)
(82,43,false)
(91,43,false)
(92,43,false)
(95,43,false)
(97,43,false)
(100,43,false)
(101,43,false)
(105,43,false)
(108,43,false)
(110,43,false)
(111,43,false)
(137,43,true)
(140,43,true)
(144,43,true)
(146,43,true)
(151,43,true)
(152,43,true)
(153,43,true)
(154,43,true)
(157,43,true)
(162,43,true)
(165,43,true)
(175,43,true)
(184,43,true)
(194,43,true)
(196,43,true)
(198,43,true)
(209,43,false)
(212,43,true)
(214,43,true)
(216,43,true)
(217,43,true)
(221,43,false)
(232,43,true)
(238,43,true)
(240,43,true)
(244,43,true)
(250,43,true)
(258,43,true)
(266,43,true)
(275,43,true)
(278,43,true)
(290,43,true)
(293,43,true)
(297,43,true)
(0,44,false)
(8,44,false)
(9,44,false)
(14,44,false)
(16,44,false)
(17,44,false)
(23,44,false)
(24,44,false)
(44,44,false)
(48,44,false)
(57,44,false)
(58,44,false)
(70,44,false)
(72,44,false)
(83,44,false)
(84,44,false)
(93,44,false)
(94,44,false)
(98,44,false)
(109,44,false)
(116,44,false)
(119,44,false)
(126,44,true)
(127,44,true)
(128,44,true)
(131,44,false)
(132,44,true)
(137,44,true)
(151,44,true)
(158,44,true)
(161,44,true)
(162,44,true)
(163,44,false)
(173,44,true)
(174,44,true)
(180,44,true)
(184,44,true)
(190,44,true)
(193,44,true)
(194,44,true)
(204,44,true)
(209,44,true)
(213,44,true)
(216,44,true)
(217,44,true)
(218,44,true)
(223,44,true)
(227,44,true)
(229,44,true)
(238,44,true)
(247,44,true)
(253,44,true)
(268,44,true)
(271,44,true)
(275,44,true)
(279,44,true)
(280,44,true)
(291,44,true)
(293,44,true)
(6,45,false)
(9,45,false)
(20,45,false)
(22,45,false)
(32,45,false)
(33,45,false)
(37,45,false)
(45,45,false)
(50,45,false)
(55,45,false)
(56,45,false)
(58,45,false)
(60,45,false)
(62,45,false)
(63,45,false)
(64,45,false)
(65,45,false)
(79,45,true)
(80,45,false)
(82,45,false)
(83,45,false)
(89,45,false)
(95,45,false)
(97,45,false)
(101,45,false)
(105,45,false)
(110,45,false)
(111,45,true)
(113,45,false)
(120,45,true)
(122,45,true)
(127,45,true)
(139,45,true)
(141,45,true)
(144,45,false)
(151,45,true)
(152,45,true)
(153,45,true)
(158,45,true)
(160,45,true)
(163,45,true)
(167,45,true)
(168,45,true)
(174,45,true)
(180,45,true)
(181,45,true)
(190,45,true)
(192,45,true)
(196,45,true)
(197,45,true)
(201,45,true)
(202,45,true)
(203,45,true)
(209,45,true)
(220,45,true)
(224,45,true)
(226,45,true)
(231,45,true)
(233,45,true)
(236,45,true)
(238,45,true)
(240,45,true)
(247,45,true)
(253,45,true)
(273,45,true)
(274,45,true)
(278,45,true)
(282,45,true)
(298,45,true)
(11,46,false)
(12,46,false)
(14,46,false)
(24,46,false)
(26,46,false)
(28,46,false)
(33,46,false)
(38,46,false)
(42,46,false)
(55,46,false)
(56,46,false)
(66,46,false)
(68,46,false)
(82,46,false)
(90,46,false)
(93,46,false)
(105,46,false)
(110,46,false)
(111,46,false)
(112,46,false)
(113,46,false)
(117,46,false)
(118,46,false)
(120,46,true)
(121,46,true)
(125,46,true)
(127,46,true)
(131,46,true)
(139,46,true)
(145,46,true)
(154,46,true)
(165,46,false)
(168,46,true)
(169,46,true)
(170,46,true)
(171,46,true)
(183,46,true)
(186,46,true)
(199,46,true)
(204,46,true)
(216,46,true)
(217,46,true)
(219,46,true)
(229,46,true)
(230,46,true)
(235,46,true)
(236,46,true)
(237,46,true)
(248,46,true)
(254,46,true)
(255,46,true)
(268,46,true)
(269,46,true)
(275,46,true)
(276,46,true)
(280,46,true)
(292,46,true)
(298,46,true)
(2,47,false)
(10,47,false)
(13,47,false)
(22,47,false)
(27,47,false)
(30,47,false)
(32,47,false)
(34,47,false)
(35,47,false)
(37,47,false)
(47,47,false)
(48,47,false)
(49,47,false)
(51,47,false)
(54,47,false)
(78,47,false)
(80,47,true)
(86,47,false)
(87,47,false)
(89,47,false)
(91,47,false)
(93,47,false)
(96,47,false)
(97,47,false)
(103,47,false)
(104,47,false)
(107,47,false)
(113,47,false)
(118,47,false)
(122,47,true)
(125,47,true)
(128,47,true)
(131,47,true)
(133,47,true)
(139,47,true)
(142,47,false)
(146,47,true)
(150,47,true)
(152,47,true)
(156,47,true)
(157,47,true)
(166,47,true)
(168,47,true)
(170,47,true)
(172,47,true)
(177,47,true)
(178,47,true)
(179,47,true)
(181,47,true)
(182,47,true)
(185,47,true)
(193,47,true)
(196,47,true)
(205,47,true)
(207,47,true)
(213,47,true)
(214,47,true)
(227,47,true)
(235,47,true)
(236,47,true)
(242,47,true)
(245,47,true)
(249,47,true)
(253,47,true)
(254,47,true)
(256,47,true)
(267,47,true)
(270,47,true)
(275,47,true)
(278,47,true)
(280,47,true)
(283,47,true)
(290,47,true)
(291,47,true)
(294,47,true)
(299,47,true)

(12,38)
(19,42)
(251,33)
(7,13)
(20,28)
(109,24)
(271,35)
(183,1)
(123,26)
(33,8)
(86,28)
(13,12)
(219,6)
(15,4)
(9,32)
(52,14)
(275,2)
(154,47)
(274,46)
(180,41)
(249,9)
(293,23)
(55,17)
(138,33)
(264,14)
(200,26)
(37,25)
(291,24)
(293,35)
(209,10)
(54,16)
(56,39)
(220,30)
(179,13)
(36,0)
(169,40)
(150,3)
(128,13)
(95,30)
(87,17)
(31,16)
(118,19)
(14,37)
(215,28)
(286,38)
(85,8)
(273,8)
(31,28)
(211,10)
(88,36)
(99,30)
(52,39)
(236,17)
(131,18)
(64,30)
(172,32)
(263,10)
(22,16)
(74,9)
(43,13)
(227,10)
(269,11)
(32,6)
(268,13)
(256,7)
(83,36)
(106,45)
(65,33)
(13,10)
(46,23)
(42,3)
(24,21)
(222,24)
(103,42)
(292,40)
(235,5)
(278,31)
(211,12)
(154,13)
(102,13)
(185,22)
(263,21)
(190,47)
(102,19)
(79,13)
(180,39)
(77,47)
(54,12)
(0,32)
(223,21)
(254,4)
(18,4)
(259,15)
(121,11)
(135,3)
(189,8)
(182,28)
(167,33)
(277,13)
(42,28)
(42,17)
(131,39)
(144,3)
(93,8)
(108,41)
(20,34)
(184,38)
(43,5)
(246,30)
(132,27)
(230,9)
(213,3)
(47,29)
(1,47)
(210,20)
(241,17)
(79,28)
(64,3)
(55,11)
(128,10)
(233,44)
(55,6)
(275,8)
(226,14)
(194,34)
(295,46)
(290,19)
(160,5)
(103,40)
(179,5)
(249,34)
(152,21)
(115,0)
(176,1)
(200,36)
(30,42)
(265,28)
(241,11)
(53,4)
(35,27)
(159,4)
(166,10)
(73,36)
(57,38)
(173,19)
(214,19)
(33,34)
(298,27)
(248,4)
(190,1)
(143,30)
(186,21)
(3,10)
(181,11)
(89,1)
(50,23)
(148,38)
(83,7)
(297,4)
(56,13)
(209,27)
(230,3)
(259,26)
(123,28)
(115,19)
(248,1)
(88,2)
(109,15)
(111,21)
(257,22)
(92,46)
(63,46)
(209,31)
(127,14)
(76,33)
(168,16)
(180,6)
(12,31)
(54,30)
(161,6)
(110,14)
(25,14)
(295,37)
(93,21)
(288,41)
(78,31)
(89,27)
(262,14)
(35,2)
(134,6)
(216,4)
(197,32)
(246,44)
(50,39)
(90,12)
(131,34)
(76,45)
(95,32)
(139,31)
(36,30)
(43,11)
(140,17)
(228,13)
(241,47)
(167,2)
(297,3)
(168,13)
(134,4)
(125,6)
(7,23)
(173,20)
(293,36)
(236,28)
(269,43)
(171,7)
(296,32)
(277,34)
(292,29)
(13,22)
(203,38)
(49,24)
(127,28)
(226,29)
(193,26)
(107,29)
(193,35)
(163,12)
(276,6)
(90,39)
(138,38)
(84,42)
(66,45)
(264,33)
(205,23)
(256,46)
(99,5)
(274,4)
(208,17)
(160,43)
(55,31)
(30,22)
(167,0)
(46,0)
(239,22)
(164,15)
(254,2)
(256,21)
(189,34)
(76,38)
(170,32)
(61,6)
(144,24)
(187,36)
(271,1)
(167,16)
(215,6)
(284,0)
(261,41)
(239,24)
(98,9)
(184,37)
(239,23)
(61,5)
(117,14)
(213,17)
(181,23)
(159,10)
(90,35)
(135,14)
(203,41)
(134,3)
(94,24)
(232,12)
(80,21)
(208,23)
(218,22)
(218,21)
(275,34)
(58,23)
(28,37)
(249,14)
(30,37)
(85,26)
(86,40)
(72,40)
(30,26)
(5,17)
(169,18)
(37,46)
(125,1)
(24,3)
(17,27)
(202,34)
(114,17)
(67,11)
(150,19)
(114,29)
(134,36)
(103,43)
(82,40)
(124,40)
(128,24)
(64,23)
(245,33)
(276,13)
(37,29)
(233,36)
(178,8)
(144,11)
(84,5)
(7,4)
(170,25)
(152,9)
(168,24)
(198,32)
(163,0)
(71,32)
(151,36)
(277,37)
(271,27)
(33,28)
(255,44)
(246,2)
(282,43)
(234,35)
(285,1)
(75,11)
(139,20)
(4,46)
(17,6)
(91,45)
(119,42)
(119,14)
(169,33)
(200,31)
(169,14)
(268,5)
(232,19)
(175,12)
(80,31)
(97,28)
(81,4)
(294,12)
(197,31)
(150,32)
(293,7)
(112,16)
(201,30)
(205,33)
(264,21)
(138,47)
(146,37)
(251,35)
(193,9)
(241,28)
(243,24)
(275,12)
(45,10)
(192,9)
(206,21)
(134,40)
(26,25)
(85,2)
(169,39)
(227,34)
(253,11)
(223,30)
(204,4)
(79,23)
(233,43)
(243,19)
(27,34)
(285,7)
(50,12)
(145,30)
(168,1)
(10,30)
(155,7)
(65,15)
(174,39)
(259,23)
(99,19)
(181,34)
(18,10)
(292,4)
(16,45)
(204,6)
(216,30)
(128,37)
(145,15)
(106,9)
(42,30)
(276,29)
(257,36)
(90,21)
(41,31)
(94,41)
(251,44)
(289,39)
(110,41)
(177,29)
(238,35)
(39,0)
(83,9)
(256,24)
(141,46)
(46,22)
(245,32)
(76,9)
(12,3)
(84,16)
(188,16)
(15,0)
(35,29)
(213,22)
(208,7)
(190,24)
(232,6)
(298,20)
(149,9)
(227,27)
(62,32)
(76,16)
(204,24)
(293,22)
(277,4)
(36,39)
(238,11)
(77,38)
(80,29)
(95,33)
(121,14)
(203,4)
(294,10)
(208,2)
(222,29)
(272,31)
(22,1)
(134,32)
(72,21)
(117,25)
(197,38)
(15,20)
(57,17)
(175,23)
(179,42)
(238,17)
(181,30)
(231,17)
(122,7)
(233,18)
(217,28)
(141,22)
(185,3)
(159,14)
(233,32)
(154,22)
(42,10)
(241,37)
(139,24)
(4,3)
(226,44)
(280,4)
(157,44)
(141,37)
(228,24)
(139,13)
(97,4)
(12,33)
(40,4)
(61,47)
(64,15)
(65,10)
(277,11)
(80,44)
(86,13)
(152,35)
(202,2)
(106,37)
(180,29)
(261,28)
(24,34)
(59,45)
(74,28)
(129,19)
(107,25)
(40,26)
(162,33)
(87,40)
(67,3)
(25,45)
(208,36)
(101,11)
(99,6)
(242,40)
(34,2)
(270,10)
(149,43)
(75,22)
(163,33)
(282,20)
(132,16)
(115,24)
(243,27)
(268,42)
(192,35)
(43,0)
(242,37)
(119,11)
(89,19)
(130,31)
(190,20)
(25,6)
(34,43)
(201,32)
(291,8)
(83,25)
(95,20)
(68,35)
(214,4)
(11,11)
(110,27)
(11,45)
(227,5)
(261,36)
(222,25)
(150,13)
(256,19)
(52,32)
(106,24)
(203,29)
(205,19)
(201,11)
(96,28)
(162,23)
(49,43)
(119,45)
(155,17)
(96,4)
(165,18)
(36,13)
(252,37)
(101,24)
(298,7)
(34,25)
(196,17)
(64,0)
(39,8)
(68,14)
(140,20)
(29,43)
(181,20)
(10,0)
(87,6)
(177,22)
(203,17)
(54,3)
(155,1)
(280,9)
(51,1)
(33,47)
(2,21)
(178,29)
(255,42)
(218,16)
(110,34)
(23,1)
(202,11)
(223,22)
(37,35)
(206,44)
(49,10)
(96,25)
(70,10)
(42,41)
(22,38)
(15,22)
(271,38)
(288,17)
(63,32)
(209,28)
(276,20)
(262,45)
(21,1)
(248,26)
(145,23)
(0,4)
(99,46)
(191,45)
(131,24)
(265,7)
(46,17)
(293,14)
(244,19)
(192,34)
(126,27)
(273,9)
(99,0)
(89,9)
(150,25)
(0,25)
(176,44)
(232,8)
(203,25)
(61,27)
(50,25)
(217,1)
(93,36)
(135,40)
(201,8)
(172,6)
(184,47)
(277,39)
(155,36)
(169,12)
(264,35)
(273,15)
(241,38)
(41,29)
(36,35)
(85,23)
(48,20)
(259,29)
(248,3)
(72,26)
(299,37)
(160,40)
(77,5)
(86,18)
(87,29)
(222,37)
(162,38)
(172,29)
(98,10)
(220,28)
(153,18)
(289,43)
(220,34)
(59,15)
(232,10)
(58,4)
(141,8)
(292,3)
(91,5)
(159,47)
(132,29)
(58,43)
(269,10)
(184,45)
(292,19)
(24,42)
(8,11)
(14,28)
(156,42)
(87,28)
(118,2)
(111,4)
(29,2)
(201,1)
(39,37)
(262,2)
(142,3)
(7,47)
(18,46)
(41,10)
(105,33)
(232,16)
(127,42)
(67,35)
(185,43)
(141,25)
(215,1)
(245,6)
(265,14)
(16,7)
(235,1)
(169,5)
(209,19)
(10,13)
(125,24)
(199,21)
(237,27)
(103,17)
(21,8)
(183,16)
(38,44)
(205,42)
(155,4)
(217,17)
(61,28)
(134,28)
(278,15)
(21,9)
(157,11)
(184,31)
(150,33)
(205,32)
(191,1)
(63,19)
(103,31)
(0,23)
(208,22)
(88,6)
(130,34)
(26,32)
(49,30)
(160,47)
(249,39)
(50,43)
(286,12)
(200,35)
(49,19)
(159,3)
(46,3)
(16,36)
(222,0)
(130,16)
(107,35)
(120,31)
(165,36)
(291,19)
(254,20)
(65,7)
(294,5)
(293,37)
(71,41)
(205,9)
(79,38)
(136,5)
(12,7)
(249,37)
(155,30)
(195,15)
(230,5)
(288,16)
(172,10)
(173,43)
(102,37)
(299,9)
(22,8)
(251,17)
(49,17)
(217,23)
(4,26)
(263,1)
(241,4)
(262,40)
(33,15)
(167,31)
(134,34)
(159,20)
(40,25)
(237,43)
(299,7)
(117,6)
(53,21)
(181,35)
(261,25)
(95,42)
(43,21)
(102,43)
(147,12)
(116,11)
(284,43)
(182,37)
(67,32)
(194,25)
(292,32)
(77,7)
(39,27)
(275,6)
(270,24)
(291,11)
(253,28)
(39,29)
(190,34)
(193,42)
(262,33)
(190,40)
(139,32)
(227,28)
(224,15)
(174,40)
(212,13)
(27,38)
(87,5)
(133,17)
(91,26)
(206,4)
(114,16)
(31,36)
(35,4)
(3,1)
(16,14)
(59,0)
(244,12)
(219,31)
(296,6)
(58,41)
(75,19)
(174,28)
(38,35)
(185,45)
(27,28)
(237,39)
(254,45)
(125,31)
(140,34)
(9,11)
(89,4)
(84,35)
(210,10)
(24,26)
(110,22)
(26,2)
(228,27)
(68,10)
(108,39)
(50,21)
(135,22)
(100,9)
(90,26)
(284,46)
(48,1)
(285,0)
(63,1)
(22,22)
(61,22)
(244,39)
(292,34)
(213,39)
(75,16)
(255,30)
(117,26)
(111,12)
(175,14)
(188,35)
(219,16)
(299,5)
(272,47)
(6,22)
(178,11)
(59,26)
(117,34)
(128,7)
(225,5)
(162,45)
(182,6)
(245,37)
(34,4)
(127,43)
(106,4)
(189,47)
(174,12)
(59,46)
(133,7)
(40,34)
(226,32)
(262,21)
(91,41)
(41,12)
(112,18)
(19,5)
(154,39)
(249,46)
(57,29)
(40,21)
(84,18)
(210,6)
(156,7)
(295,10)
(104,1)
(113,33)
(257,21)
(105,3)
(10,21)
(5,13)
(9,4)
(288,7)
(170,0)
(163,25)
(161,33)
(49,4)
(51,33)
(90,8)
(82,10)
(23,34)
(144,8)
(265,30)
(127,0)
(216,3)
(297,25)
(38,31)
(271,39)
(65,44)
(7,42)
(154,30)
(162,39)
(120,2)
(269,8)
(283,28)
(200,16)
(189,14)
(246,8)
(298,38)
(157,32)
(113,26)
(14,7)
(236,21)
(15,15)
(4,36)
(32,35)
(228,12)
(267,7)
(79,40)
(239,8)
(4,39)
(53,11)
(180,22)
(256,10)
(181,32)
(97,37)
(273,38)
(167,17)
(182,43)
(162,27)
(163,17)
(23,31)
(127,4)
(227,3)
(15,6)
(244,40)
(265,32)
(220,0)
(235,8)
(184,27)
(39,31)
(186,1)
(84,29)
(52,7)
(150,28)
(103,7)
(265,8)
(4,16)
(58,12)
(253,21)
(85,13)
(152,4)
(76,19)
(76,40)
(136,24)
(120,32)
(100,25)
(5,19)
(128,0)
(134,41)
(225,30)
(276,2)
(256,2)
(5,37)
(269,37)
(20,13)
(109,38)
(160,34)
(265,23)
(81,42)
(255,26)
(234,31)
(142,9)
(225,16)
(195,25)
(278,46)
(262,32)
(33,16)
(164,32)
(78,19)
(144,18)
(33,17)
(164,25)
(130,1)
(275,18)
(185,7)
(285,22)
(40,17)
(154,37)
(187,21)
(32,8)
(140,24)
(175,42)
(268,26)
(289,8)
(268,16)
(262,42)
(78,32)
(154,24)
(294,0)
(65,24)
(7,32)
(75,5)
(128,17)
(72,17)
(128,25)
(243,31)
(222,8)
(94,16)
(204,9)
(70,4)
(215,16)
(122,5)
(240,41)
(218,36)
(175,3)
(25,8)
(100,35)
(1,38)
(167,10)
(293,19)
(169,8)
(210,14)
(193,13)
(184,11)
(269,29)
(72,2)
(253,22)
(202,10)
(289,9)
(265,9)
(293,31)
(233,17)
(151,24)
(279,47)
(164,40)
(13,0)
(243,2)
(195,19)
(293,24)
(138,32)
(235,20)
(258,32)
(187,8)
(208,21)
(74,26)
(140,11)
(281,16)
(115,3)
(74,22)
(51,46)
(15,43)
(90,6)
(59,29)
(78,5)
(173,29)
(126,45)
(242,36)
(8,0)
(53,26)
(97,34)
(226,12)
(29,22)
(112,44)
(247,24)
(257,8)
(284,22)
(77,24)
(243,37)
(38,29)
(271,33)
(293,9)
(188,12)
(201,10)
(59,27)
(178,18)
(66,40)
(280,40)
(63,21)
(265,39)
(161,24)
(187,47)
(292,11)
(279,1)
(132,22)
(132,32)
(184,23)
(8,27)
(243,40)
(220,2)
(142,1)
(199,43)
(67,9)
(282,32)
(134,12)
(288,6)
(152,34)
(271,9)
(169,36)
(210,23)
(70,1)
(91,12)
(167,42)
(284,11)
(64,27)
(30,29)
(73,30)
(161,32)
(218,37)
(258,47)
(199,18)
(18,15)
(135,24)
(45,4)
(285,19)
(255,7)
(232,7)
(169,23)
(225,13)
(3,35)
(114,25)
(54,32)
(266,40)
(106,40)
(63,33)
(76,41)
(218,45)
(102,11)
(69,25)
(42,7)
(186,3)
(226,33)
(102,32)
(227,25)
(223,20)
(187,31)
(257,24)
(211,1)
(16,3)
(156,12)
(118,23)
(177,18)
(153,22)
(38,4)
(30,41)
(203,13)
(198,17)
(14,16)
(164,13)
(276,47)
(210,15)
(155,27)
(38,10)
(249,7)
(115,46)
(40,39)
(239,25)
(21,17)
(146,17)
(82,3)
(16,34)
(247,16)
(272,24)
(170,17)
(240,7)
(144,2)
(21,33)
(183,17)
(117,39)
(172,1)
(250,16)
(26,15)
(44,16)
(233,40)
(1,10)
(160,46)
(285,25)
(258,36)
(222,3)
(150,15)
(160,28)
(131,14)
(266,26)
(198,2)
(63,9)
(212,17)
(151,29)
(193,32)
(258,25)
(115,14)
(97,10)
(76,13)
(269,35)
(40,10)
(213,5)
(248,44)
(103,34)
(283,40)
(184,10)
(174,46)
(160,7)
(124,41)
(203,1)
(155,40)
(101,29)
(298,23)
(148,23)
(122,22)
(113,27)
(135,6)
(26,28)
(214,26)
(147,0)
(184,14)
(0,17)
(4,33)
(200,7)
(30,6)
(227,16)
(230,14)
(137,31)
(199,10)
(176,18)
(233,19)
(294,40)
(43,17)
(104,33)
(296,19)
(253,19)
(233,5)
(242,44)
(161,21)
(147,16)
(25,21)
(143,17)
(291,28)
(280,26)
(275,28)
(60,5)
(253,34)
(235,0)
(145,18)
(130,0)
(129,14)
(172,2)
(2,22)
(6,32)
(162,35)
(131,38)
(39,9)
(175,45)
(195,43)
(48,39)
(119,31)
(119,4)
(214,2)
(191,3)
(204,18)
(3,42)
(91,10)
(55,13)
(86,27)
(252,3)
(47,10)
(192,46)
(299,14)
(297,35)
(196,40)
(158,2)
(58,24)
(114,41)
(29,34)
(100,19)
(232,21)
(93,22)
(293,20)
(223,39)
(266,29)
(172,17)
(274,20)
(227,23)
(174,32)
(163,31)
(166,9)
(33,10)
(119,16)
(64,37)
(148,17)
(53,43)
(176,42)
(14,36)
(296,36)
(168,15)
(106,7)
(6,39)
(123,11)
(218,5)
(74,2)
(284,44)
(253,29)
(99,37)
(99,45)
(70,20)
(96,27)
(54,35)
(58,6)
(214,39)
(165,20)
(164,33)
(81,6)
(234,12)
(58,10)
(128,5)
(35,1)
(79,16)
(185,29)
(275,23)
(183,37)
(190,18)
(276,4)
(14,17)
(230,47)
(190,28)
(202,47)
(223,34)
(262,13)
(121,28)
(64,5)
(166,46)
(113,19)
(119,15)
(283,16)
(136,45)
(41,2)
(251,5)
(268,4)
(74,14)
(247,41)
(247,3)
(264,23)
(35,17)
(158,31)
(52,16)
(254,11)
(27,42)
(20,40)
(44,23)
(295,2)
(150,9)
(58,20)
(96,45)
(255,16)
(106,33)
(55,20)
(198,28)
(184,3)
(51,36)
(123,16)
(77,14)
(8,40)
(277,10)
(206,40)
(86,1)
(33,9)
(14,29)
(272,45)
(234,26)
(55,22)
(120,18)
(95,47)
(183,7)
(242,8)
(213,29)
(246,9)
(163,28)
(111,35)
(128,34)
(7,31)
(72,3)
(164,35)
(185,20)
(166,1)
(93,41)
(260,19)
(40,18)
(25,43)
(249,3)
(232,33)
(22,46)
(227,0)
(125,9)
(200,5)
(275,11)
(82,22)
(235,38)
(273,34)
(243,11)
(223,25)
(53,33)
(223,26)
(236,42)
(22,5)
(17,1)
(124,16)
(278,34)
(122,37)
(222,28)
(124,9)
(56,47)
(17,0)
(56,41)
(266,28)
(219,23)
(68,16)
(210,39)
(65,25)
(52,38)
(1,2)
(284,25)
(39,13)
(57,8)
(57,36)
(139,2)
(29,45)
(132,39)
(70,13)
(210,3)
(298,10)
(129,36)
(149,13)
(231,43)
(213,8)
(285,43)
(131,2)
(81,35)
(3,20)
(202,3)
(82,39)
(292,2)
(228,28)
(255,15)
(202,36)
(58,38)
(202,30)
(249,30)
(16,29)
(183,13)
(11,10)
(92,1)
(11,25)
(102,24)
(0,5)
(199,9)
(20,46)
(115,8)
(46,39)
(121,16)
(218,14)
(104,9)
(35,18)
(213,34)
(117,35)
(148,33)
(36,25)
(233,42)
(254,44)
(125,8)
(140,35)
(64,19)
(123,44)
(195,20)
(57,40)
(204,20)
(33,4)
(215,10)
(200,4)
(195,3)
(11,47)
(122,31)
(299,12)
(119,39)
(199,3)
(81,25)
(4,34)
(143,36)
(116,47)
(14,43)
(256,30)
(108,36)
(78,12)
(71,35)
(134,27)
(71,26)
(101,36)
(275,39)
(134,24)
(81,9)
(133,14)
(84,12)
(231,16)
(11,7)
(77,29)
(109,32)
(206,5)
(282,24)
(95,10)
(10,29)
(202,18)
(122,20)
(149,46)
(282,28)
(244,8)
(8,22)
(103,11)
(290,7)
(130,17)
(65,36)
(215,43)
(181,38)
(81,45)
(75,21)
(163,7)
(234,27)
(233,25)
(223,43)
(295,1)
(97,27)
(215,8)
(155,3)
(146,38)
(226,24)
(276,38)
(112,6)
(186,8)
(277,36)
(206,39)
(149,22)
(261,42)
(103,8)
(20,22)
(145,0)
(201,47)
(294,2)
(240,47)
(200,19)
(221,44)
(141,27)
(296,35)
(60,22)
(228,46)
(157,42)
(290,40)
(37,26)
(256,16)
(55,44)
(11,15)
(297,23)
(136,11)
(102,27)
(229,31)
(248,35)
(187,22)
(155,42)
(101,1)
(33,32)
(165,38)
(259,16)
(14,24)
(22,18)
(18,18)
(200,10)
(186,11)
(180,40)
(147,23)
(106,1)
(232,9)
(66,23)
(64,42)
(201,0)
(132,13)
(140,9)
(72,32)
(20,16)
(201,7)
(132,45)
(3,27)
(224,1)
(160,26)
(104,35)
(103,4)
(153,42)
(155,46)
(20,43)
(52,31)
(94,22)
(126,31)
(284,5)
(289,14)
(205,43)
(240,15)
(108,11)
(264,31)
(186,32)
(196,18)
(259,44)
(212,44)
(291,32)
(76,5)
(160,8)
(195,12)
(256,13)
(225,27)
(110,26)
(69,13)
(75,28)
(234,34)
(117,21)
(280,5)
(223,8)
(102,17)
(124,2)
(288,9)
(36,11)
(175,35)
(122,21)
(105,16)
(292,9)
(277,47)
(272,3)
(272,34)
(125,3)
(261,2)
(216,41)
(42,9)
(137,27)
(241,3)
(107,3)
(86,35)
(89,25)
(185,26)
(38,1)
(189,18)
(266,38)
(159,27)
(174,2)
(149,4)
(41,5)
(277,41)
(179,11)
(192,28)
(41,16)
(195,21)
(9,46)
(55,24)
(19,44)
(265,2)
(238,29)
(119,27)
(128,30)
(157,41)
(278,14)
(169,29)
(177,21)
(21,36)
(288,12)
(178,34)
(276,1)
(145,36)
(178,12)
(61,8)
(182,39)
(36,12)
(147,3)
(10,46)
(90,31)
(231,12)
(212,23)
(86,19)
(90,18)
(284,6)
(80,24)
(22,10)
(1,20)
(193,15)
(54,13)
(297,45)
(0,34)
(278,7)
(72,10)
(33,26)
(232,23)
(80,17)
(71,9)
(261,34)
(94,37)
(198,44)
(121,1)
(260,17)
(273,22)
(157,26)
(113,15)
(140,21)
(195,17)
(145,32)
(133,21)
(93,15)
(45,6)
(51,6)
(16,22)
(267,19)
(127,9)
(91,25)
(131,36)
(116,27)
(30,1)
(48,3)
(260,44)
(42,47)
(254,6)
(63,47)
(46,45)
(227,14)
(70,33)
(114,36)
(110,0)
(168,37)
(94,31)
(240,27)
(289,35)
(201,5)
(84,8)
(95,28)
(267,9)
(46,16)
(30,19)
(100,5)
(240,38)
(260,18)
(284,16)
(195,42)
(87,18)
(46,29)
(264,30)
(68,9)
(197,11)
(73,31)
(211,16)
(137,10)
(214,3)
(138,45)
(252,18)
(84,3)
(26,42)
(283,15)
(105,9)
(60,30)
(250,33)
(17,36)
(116,3)
(195,4)
(10,15)
(78,11)
(23,4)
(287,16)
(234,14)
(224,36)
(219,20)
(103,37)
(3,21)
(136,27)
(0,40)
(273,6)
(225,39)
(141,6)
(8,34)
(95,15)
(268,3)
(75,47)
(215,46)
(6,6)
(143,29)
(44,28)
(137,23)
(129,26)
(181,5)
(80,30)
(116,37)
(42,25)
(183,18)
(106,41)
(64,38)
(149,27)
(131,12)
(273,11)
(133,42)
(229,43)
(248,23)
(153,0)
(206,28)
(4,10)
(234,37)
(274,47)
(186,19)
(206,9)
(209,1)
(267,8)
(36,46)
(19,32)
(53,44)
(253,14)
(54,18)
(50,4)
(131,11)
(219,40)
(196,11)
(114,14)
(29,31)
(157,10)
(19,17)
(238,5)
(94,39)
(27,6)
(65,35)
(256,45)
(59,31)
(92,12)
(208,11)
(55,42)
(270,30)
(107,41)
(192,20)
(93,26)
(239,37)
(51,31)
(274,30)
(21,7)
(93,4)
(290,39)
(10,3)
(281,17)
(169,27)
(159,41)
(174,16)
(50,46)
(290,41)
(137,38)
(71,34)
(7,46)
(3,46)
(274,10)
(97,38)
(153,44)
(86,45)
(288,24)
(180,37)
(271,10)
(129,35)
(209,38)
(244,11)
(35,6)
(65,40)
(33,21)
(76,8)
(224,34)
(121,37)
(229,27)
(222,30)
(271,47)
(250,19)
(186,10)
(21,32)
(140,10)
(256,28)
(116,46)
(218,10)
(284,39)
(104,28)
(100,33)
(229,15)
(138,17)
(115,12)
(50,15)
(7,9)
(61,32)
(40,3)
(135,45)
(125,0)
(29,32)
(295,3)
(12,12)
(159,34)
(79,46)
(298,8)
(171,2)
(42,13)
(238,20)
(162,30)
(47,4)
(60,11)
(224,35)
(171,42)
(124,46)
(109,10)
(215,42)
(166,23)
(239,46)
(107,15)
(188,40)
(78,1)
(172,23)
(100,44)
(205,16)
(199,11)
(126,47)
(284,20)
(167,7)
(126,41)
(92,11)
(274,12)
(124,26)
(115,20)
(48,36)
(276,37)
(274,23)
(183,3)
(85,14)
(252,47)
(83,17)
(58,16)
(227,36)
(275,16)
(206,6)
(100,41)
(282,18)
(55,40)
(278,26)
(293,12)
(270,4)
(164,28)
(285,10)
(146,12)
(140,15)
(291,26)
(234,24)
(150,34)
(119,43)
(182,2)
(20,6)
(46,32)
(231,35)
(263,35)
(275,13)
(205,25)
(229,18)
(233,10)
(189,38)
(87,4)
(239,14)
(179,31)
(174,6)
(224,19)
(104,25)
(93,9)
(180,12)
(162,20)
(164,4)
(123,15)
(264,26)
(289,3)
(6,36)
(221,47)
(33,44)
(236,9)
(288,33)
(268,9)
(282,25)
(142,17)
(70,43)
(85,10)
(214,9)
(72,8)
(124,42)
(232,26)
(86,41)
(42,38)
(165,26)
(192,1)
(240,46)
(12,36)
(160,6)
(77,2)
(221,3)
(108,46)
(122,19)
(279,24)
(281,32)
(146,19)
(204,22)
(224,9)
(118,40)
(217,37)
(151,33)
(252,25)
(138,15)
(57,10)
(26,4)
(106,26)
(184,12)
(171,28)
(299,24)
(293,45)
(237,11)
(113,1)
(278,29)
(202,14)
(1,33)
(181,24)
(249,22)
(294,16)
(260,9)
(26,16)
(121,32)
(121,20)
(81,29)
(127,35)
(230,20)
(296,46)
(292,6)
(103,21)
(133,8)
(262,46)
(66,5)
(35,38)
(284,31)
(155,32)
(178,46)
(169,11)
(191,46)
(224,11)
(18,47)
(46,6)
(28,13)
(17,14)
(117,4)
(46,25)
(88,11)
(145,7)
(219,41)
(243,47)
(222,20)
(29,40)
(235,11)
(273,33)
(71,0)
(47,40)
(219,39)
(27,9)
(272,28)
(235,39)
(291,1)
(119,18)
(95,7)
(199,39)
(186,17)
(288,37)
(115,16)
(216,21)
(241,1)
(290,5)
(259,28)
(36,31)
(96,40)
(275,19)
(232,39)
(146,10)
(188,3)
(237,13)
(71,40)
(25,42)
(120,1)
(12,41)
(56,14)
(253,43)
(29,20)
(243,23)
(127,32)
(259,27)
(43,44)
(276,41)
(71,44)
(197,23)
(116,5)
(241,45)
(113,21)
(164,18)
(40,24)
(9,23)
(73,14)
(287,10)
(46,36)
(257,13)
(283,5)
(48,9)
(290,30)
(72,22)
(34,8)
(5,44)
(12,26)
(78,3)
(206,31)
(201,42)
(214,22)
(227,22)
(274,24)
(204,13)
(69,24)
(146,22)
(154,10)
(119,30)
(210,19)
(240,26)
(217,3)
(32,40)
(136,31)
(80,32)
(186,42)
(90,10)
(186,29)
(274,14)
(267,23)
(162,46)
(137,13)
(228,38)
(188,42)
(25,3)
(111,14)
(125,43)
(103,10)
(195,5)
(88,10)
(14,9)
(238,6)
(65,21)
(198,35)
(274,43)
(166,20)
(205,34)
(281,2)
(46,43)
(88,26)
(100,27)
(93,12)
(40,13)
(232,3)
(139,3)
(231,11)
(84,45)
(25,4)
(141,40)
(139,18)
(220,23)
(21,15)
(35,31)
(81,3)
(104,6)
(239,3)
(235,21)
(202,38)
(283,23)
(100,6)
(45,3)
(8,8)
(51,20)
(287,28)
(180,42)
(237,5)
(101,10)
(58,17)
(3,9)
(246,17)
(253,15)
(234,47)
(131,27)
(88,1)
(69,45)
(168,21)
(281,25)
(48,13)
(185,25)
(182,15)
(86,16)
(78,27)
(147,25)
(259,19)
(299,35)
(91,18)
(91,19)
(253,24)
(256,33)
(208,9)
(149,7)
(192,19)
(209,12)
(166,36)
(47,0)
(42,5)
(89,28)
(60,1)
(171,21)
(247,28)
(114,12)
(111,6)
(276,25)
(92,23)
(292,1)
(13,46)
(216,20)
(223,38)
(241,15)
(114,43)
(138,37)
(123,34)
(127,12)
(234,33)
(265,20)
(190,39)
(264,1)
(1,41)
(202,31)
(58,8)
(253,23)
(39,10)
(101,22)
(226,27)
(170,16)
(86,7)
(291,45)
(189,15)
(167,29)
(111,27)
(215,35)
(135,35)
(39,40)
(123,42)
(65,42)
(48,30)
(138,3)
(67,19)
(165,2)
(143,18)
(226,25)
(62,1)
(247,30)
(176,3)
(286,32)
(104,37)
(278,8)
(37,30)
(199,19)
(86,14)
(111,36)
(36,16)
(200,32)
(278,6)
(61,40)
(34,27)
(122,23)
(202,35)
(3,38)
(97,0)
(238,28)
(107,27)
(298,9)
(127,38)
(96,42)
(97,33)
(153,31)
(231,30)
(66,24)
(11,26)
(63,28)
(65,9)
(134,39)
(199,37)
(56,33)
(85,41)
(294,43)
(235,2)
(138,27)
(288,38)
(211,29)
(14,47)
(47,17)
(35,12)
(93,2)
(126,16)
(238,13)
(103,6)
(281,10)
(81,8)
(197,39)
(133,33)
(29,25)
(198,20)
(264,37)
(86,15)
(22,11)
(100,23)
(177,12)
(1,22)
(11,41)
(175,9)
(20,20)
(240,4)
(200,20)
(190,13)
(143,38)
(214,24)
(37,5)
(84,14)
(288,46)
(1,46)
(211,14)
(252,19)
(143,12)
(156,41)
(82,38)
(92,6)
(233,28)
(148,22)
(32,26)
(233,1)
(286,19)
(182,33)
(26,14)
(243,6)
(27,21)
(287,34)
(292,17)
(48,31)
(150,36)
(131,7)
(204,42)
(39,28)
(99,38)
(84,41)
(114,10)
(197,2)
(230,45)
(158,7)
(227,15)
(23,39)
(289,27)
(88,35)
(261,1)
(112,43)
(273,35)
(149,25)
(108,47)
(2,6)
(28,5)
(24,5)
(180,15)
(124,7)
(6,42)
(267,11)
(233,35)
(263,37)
(147,35)
(171,25)
(105,24)
(115,37)
(274,26)
(80,18)
(290,9)
(77,46)
(104,22)
(217,41)
(158,11)
(260,21)
(145,16)
(88,14)
(277,28)
(234,22)
(134,17)
(35,36)
(242,18)
(54,22)
(296,23)
(217,5)
(101,33)
(33,19)
(42,35)
(268,40)
(166,38)
(48,45)
(285,31)
(118,35)
(151,28)
(213,36)
(288,45)
(60,26)
(27,23)
(6,28)
(175,37)
(248,14)
(6,30)
(217,7)
(269,2)
(60,31)
(100,31)
(19,25)
(79,37)
(92,31)
(113,35)
(245,25)
(81,11)
(109,12)
(156,32)
(28,34)
(40,47)
(205,41)
(95,36)
(98,20)
(74,1)
(210,33)
(215,23)
(178,37)
(221,42)
(128,32)
(165,32)
(236,3)
(108,0)
(150,23)
(88,46)
(94,27)
(229,34)
(45,18)
(110,35)
(295,20)
(2,32)
(247,47)
(114,13)
(102,12)
(175,36)
(154,14)
(70,16)
(93,17)
(23,38)
(216,47)
(200,39)
(149,2)
(143,21)
(145,24)
(263,2)
(163,29)
(34,46)
(292,35)
(217,45)
(18,19)
(50,47)
(163,21)
(75,41)
(214,6)
(74,32)
(284,47)
(40,46)
(270,41)
(206,13)
(28,9)
(35,30)
(108,26)
(191,16)
(176,45)
(281,27)
(65,12)
(204,32)
(8,31)
(92,2)
(78,21)
(12,9)
(112,10)
(17,10)
(104,29)
(89,43)
(227,9)
(65,46)
(175,15)
(134,11)
(118,13)
(182,25)
(233,24)
(129,30)
(15,7)
(80,25)
(221,25)
(120,26)
(267,37)
(222,15)
(259,7)
(273,43)
(231,25)
(82,15)
(217,40)
(157,7)
(162,37)
(267,13)
(206,3)
(246,35)
(64,44)
(187,18)
(219,42)
(212,33)
(168,23)
(187,33)
(201,35)
(141,31)
(109,30)
(260,39)
(162,9)
(163,3)
(158,24)
(168,18)
(5,28)
(200,41)
(208,39)
(294,46)
(212,7)
(107,40)
(68,8)
(208,38)
(117,37)
(148,15)
(213,25)
(95,2)
(76,27)
(169,15)
(169,21)
(200,24)
(158,16)
(135,28)
(181,36)
(121,39)
(224,8)
(93,20)
(179,40)
(283,34)
(44,34)
(201,17)
(206,36)
(214,14)
(74,18)
(263,14)
(269,7)
(1,40)
(134,22)
(283,45)
(210,29)
(106,3)
(159,2)
(104,11)
(167,8)
(12,44)
(179,12)
(118,29)
(38,24)
(299,36)
(171,14)
(242,26)
(179,9)
(201,22)
(109,2)
(223,17)
(177,43)
(31,12)
(118,10)
(272,16)
(17,28)
(170,9)
(271,30)
(151,13)
(124,10)
(274,11)
(232,1)
(16,42)
(262,20)
(237,38)
(150,35)
(206,30)
(197,10)
(243,10)
(116,19)
(159,31)
(164,44)
(33,11)
(131,4)
(152,30)
(162,18)
(278,36)
(28,16)
(121,22)
(0,26)
(59,11)
(166,12)
(47,37)
(49,23)
(259,4)
(141,9)
(219,33)
(175,5)
(209,46)
(184,9)
(73,44)
(85,47)
(116,43)
(62,5)
(141,23)
(36,20)
(259,30)
(79,10)
(10,23)
(151,6)
(122,11)
(83,24)
(87,34)
(240,10)
(40,45)
(75,23)
(45,36)
(122,35)
(45,14)
(31,7)
(216,13)
(298,44)
(103,27)
(219,43)
(48,38)
(40,9)
(58,26)
(6,33)
(103,44)
(37,15)
(155,29)
(70,24)
(249,12)
(199,15)
(118,3)
(187,45)
(297,47)
(140,14)
(199,34)
(261,19)
(77,13)
(235,14)
(243,34)
(216,2)
(6,35)
(111,26)
(181,13)
(208,6)
(50,9)
(3,5)
(97,7)
(231,38)
(7,24)
(140,37)
(74,41)
(260,34)
(60,12)
(214,34)
(266,13)
(138,42)
(114,19)
(247,8)
(102,3)
(198,41)
(114,28)
(239,13)
(40,35)
(256,18)
(294,18)
(185,16)
(143,10)
(65,8)
(92,44)
(181,27)
(97,46)
(267,30)
(14,1)
(23,8)
(102,40)
(10,45)
(28,27)
(240,13)
(116,40)
(199,28)
(179,32)
(119,34)
(150,7)
(16,47)
(259,18)
(283,10)
(63,4)
(293,16)
(241,30)
(115,10)
(52,42)
(126,4)
(111,39)
(194,46)
(25,5)
(12,37)
(64,36)
(102,6)
(237,10)
(39,34)
(233,21)
(62,47)
(144,35)
(221,4)
(220,24)
(73,46)
(10,36)
(52,22)
(36,8)
(33,38)
(124,33)
(141,33)
(10,9)
(33,27)
(113,30)
(41,8)
(66,6)
(16,16)
(150,30)
(163,46)
(11,9)
(215,29)
(249,35)
(231,24)
(6,5)
(21,31)
(299,4)
(165,6)
(273,47)
(195,22)
(139,44)
(91,7)
(66,15)
(284,19)
(290,20)
(255,19)
(277,35)
(299,11)
(123,22)
(137,9)
(52,44)
(218,31)
(259,24)
(43,10)
(287,11)
(146,9)
(234,11)
(23,22)
(162,10)
(65,26)
(260,36)
(288,0)
(225,45)
(32,19)
(284,15)
(182,8)
(166,14)
(150,8)
(166,28)
(195,14)
(29,24)
(129,44)
(210,36)
(1,25)
(115,33)
(287,31)
(144,28)
(155,12)
(230,19)
(9,35)
(245,18)
(266,18)
(66,21)
(207,42)
(102,36)
(273,10)
(72,4)
(258,22)
(279,8)
(259,13)
(128,43)
(60,15)
(175,17)
(231,1)
(183,32)
(13,44)
(190,38)
(95,16)
(195,26)
(195,38)
(185,35)
(205,37)
(46,38)
(294,24)
(60,16)
(66,29)
(244,29)
(231,32)
(34,33)
(173,14)
(178,3)
(115,27)
(171,26)
(180,27)
(191,12)
(30,24)
(126,18)
(112,30)
(130,23)
(75,0)
(79,35)
(252,13)
(120,14)
(107,7)
(32,5)
(194,15)
(57,16)
(212,14)
(299,33)
(176,11)
(287,44)
(293,10)
(285,21)
(35,7)
(158,17)
(125,39)
(215,47)
(201,37)
(24,7)
(25,1)
(23,40)
(297,11)
(90,29)
(125,5)
(186,31)
(210,41)
(265,4)
(267,3)
(211,38)
(263,22)
(63,35)
(41,43)
(245,19)
(13,9)
(175,6)
(287,36)
(152,12)
(6,38)
(73,33)
(152,2)
(26,20)
(214,27)
(162,6)
(273,30)
(197,13)
(77,22)
(209,33)
(139,19)
(180,32)
(116,22)
(220,31)
(237,41)
(31,21)
(210,37)
(271,43)
(98,40)
(204,12)
(181,46)
(187,13)
(146,35)
(210,16)
(287,41)
(48,27)
(77,40)
(285,18)
(4,8)
(93,19)
(68,47)
(172,25)
(95,21)
(277,5)
(57,32)
(285,45)
(164,5)
(58,15)
(72,6)
(12,13)
(179,30)
(193,10)
(124,8)
(222,43)
(33,30)
(219,13)
(279,33)
(65,22)
(73,45)
(158,41)
(222,17)
(99,35)
(223,18)
(68,1)
(48,32)
(282,15)
(169,26)
(116,9)
(148,42)
(294,21)
(81,47)
(134,16)
(288,1)
(231,5)
(97,15)
(173,4)
(289,32)
(24,10)
(92,36)
(43,33)
(219,28)
(86,12)
(2,8)
(247,18)
(106,16)
(55,0)
(98,31)
(274,16)
(255,20)
(178,40)
(233,15)
(46,40)
(196,20)
(127,7)
(230,18)
(24,11)
(63,36)
(11,33)
(47,32)
(231,36)
(135,46)
(230,6)
(160,10)
(42,26)
(44,3)
(261,35)
(192,11)
(16,17)
(194,16)
(156,8)
(84,46)
(84,21)
(49,40)
(135,10)
(135,25)
(88,13)
(31,34)
(296,8)
(226,6)
(203,22)
(187,39)
(164,29)
(264,36)
(161,19)
(203,27)
(162,19)
(253,6)
(2,0)
(73,21)
(206,7)
(90,17)
(218,18)
(270,0)
(119,5)
(197,8)
(132,17)
(2,9)
(50,13)
(299,8)
(125,19)
(65,47)
(109,3)
(57,3)
(296,29)
(23,15)
(140,16)
(86,24)
(128,3)
(135,17)
(202,39)
(140,18)
(288,4)
(242,12)
(268,41)
(107,22)
(32,32)
(83,26)
(156,13)
(258,4)
(153,32)
(283,44)
(222,22)
(122,46)
(185,40)
(173,39)
(123,29)
(61,24)
(72,16)
(195,46)
(144,34)
(223,31)
(17,15)
(182,46)
(120,17)
(174,25)
(154,44)
(184,22)
(72,9)
(97,23)
(13,28)
(137,24)
(263,26)
(242,32)
(101,31)
(281,42)
(249,44)
(167,34)
(161,40)
(138,30)
(103,35)
(222,10)
(121,47)
(110,42)
(130,36)
(183,44)
(171,22)
(127,47)
(215,24)
(133,30)
(284,32)
(257,25)
(213,32)
(179,43)
(150,44)
(279,12)
(33,22)
(251,24)
(288,40)
(107,26)
(100,15)
(90,2)
(109,29)
(103,18)
(109,7)
(3,41)
(239,17)
(259,32)
(89,3)
(183,11)
(7,19)
(200,17)
(43,12)
(282,5)
(128,35)
(43,47)
(251,6)
(170,23)
(183,14)
(273,44)
(102,35)
(212,15)
(253,36)
(80,46)
(146,30)
(223,29)
(51,24)
(155,10)
(107,45)
(274,8)
(220,27)
(86,46)
(293,27)
(273,23)
(286,14)
(100,11)
(237,20)
(289,45)
(218,33)
(90,1)
(116,16)
(75,37)
(12,8)
(155,21)
(35,42)
(27,22)
(27,33)
(81,10)
(47,39)
(67,42)
(240,21)
(264,38)
(200,12)
(257,10)
(165,22)
(127,18)
(78,36)
(29,41)
(70,8)
(93,29)
(30,40)
(163,41)
(224,6)
(148,43)
(90,30)
(286,34)
(156,40)
(216,1)
(215,44)
(104,34)
(227,4)
(181,2)
(19,13)
(157,45)
(121,7)
(64,46)
(157,46)
(284,40)
(6,4)
(80,15)
(245,16)
(153,16)
(14,26)
(15,24)
(198,11)
(6,46)
(107,36)
(101,19)
(162,26)
(171,10)
(120,3)
(71,27)
(267,24)
(176,29)
(227,43)
(49,33)
(227,32)
(38,47)
(53,2)
(218,17)
(121,15)
(290,33)
(258,34)
(234,41)
(285,46)
(15,45)
(97,12)
(71,46)
(207,43)
(154,17)
(69,17)
(74,42)
(105,44)
(84,26)
(217,27)
(245,0)
(127,21)
(14,40)
(130,14)
(111,32)
(227,24)
(239,6)
(98,34)
(217,34)
(258,37)
(66,7)
(83,35)
(233,46)
(248,25)
(33,43)
(264,4)
(20,26)
(201,31)
(222,6)
(2,27)
(246,11)
(270,40)
(220,46)
(242,19)
(93,27)
(43,24)
(106,10)
(168,10)
(146,4)
(280,8)
(253,37)
(299,32)
(83,37)
(151,5)
(272,30)
(112,8)
(97,9)
(64,17)
(6,20)
(30,23)
(147,46)
(253,10)
(246,19)
(220,35)
(278,30)
(8,23)
(149,44)
(93,14)
(48,19)
(180,43)
(268,33)
(245,1)
(189,27)
(246,29)
(234,45)
(193,17)
(10,40)
(246,5)
(145,26)
(262,39)
(199,26)
(128,33)
(54,31)
(55,9)
(270,15)
(206,2)
(252,7)
(40,31)
(79,26)
(227,26)
(235,44)
(194,22)
(244,10)
(292,18)
(193,3)
(51,42)
(171,29)
(229,11)
(115,28)
(22,24)
(66,22)
(71,25)
(269,18)
(32,18)
(69,11)
(231,39)
(25,26)
(126,1)
(246,26)
(64,33)
(15,35)
(236,20)
(212,45)
(278,22)
(261,10)
(143,3)
(185,8)
(204,35)
(180,17)
(56,9)
(221,13)
(127,39)
(275,20)
(123,3)
(107,23)
(194,41)
(214,37)
(296,14)
(87,41)
(226,37)
(81,44)
(185,6)
(266,16)
(0,36)
(73,4)
(176,47)
(28,24)
(44,30)
(4,22)
(84,15)
(256,44)
(9,34)
(193,16)
(228,16)
(108,28)
(43,29)
(180,23)
(233,6)
(225,46)
(255,25)
(299,45)
(283,30)
(130,5)
(131,9)
(60,13)
(29,5)
(120,15)
(171,4)
(259,37)
(184,28)
(30,30)
(206,26)
(295,7)
(88,18)
(121,33)
(282,21)
(84,22)
(255,12)
(168,9)
(294,1)
(188,46)
(287,27)
(61,39)
(126,17)
(120,10)
(55,33)
(39,7)
(98,42)
(16,18)
(19,36)
(151,26)
(127,5)
(85,42)
(18,26)
(116,6)
(188,22)
(187,7)
(237,36)
(274,18)
(117,29)
(29,33)
(114,47)
(281,26)
(168,8)
(135,9)
(290,37)
(118,37)
(277,27)
(138,19)
(171,8)
(70,14)
(108,5)
(219,44)
(205,11)
(273,26)
(2,19)
(34,30)
(231,19)
(45,41)
(294,25)
(261,44)
(254,7)
(164,16)
(19,4)
(192,18)
(283,17)
(157,33)
(225,47)
(220,4)
(235,25)
(112,3)
(117,32)
(144,14)
(39,20)
(194,14)
(143,16)
(220,19)
(10,25)
(281,1)
(55,12)
(92,47)
(221,20)
(243,4)
(113,6)
(298,31)
(156,45)
(213,33)
(222,12)
(187,6)
(294,41)
(276,5)
(86,20)
(60,41)
(133,36)
(196,15)
(42,40)
(259,11)
(60,2)
(196,42)
(150,5)
(25,7)
(298,2)
(165,8)
(124,39)
(253,27)
(214,28)
(283,32)
(31,38)
(246,16)
(5,35)
(27,41)
(13,45)
(100,28)
(152,33)
(190,22)
(246,13)
(213,42)
(48,25)
(258,9)
(90,28)
(296,37)
(107,18)
(141,13)
(199,24)
(64,18)
(145,39)
(157,8)
(248,9)
(12,16)
(210,21)
(83,22)
(76,18)
(21,30)
(149,33)
(213,23)
(6,44)
(292,44)
(222,11)
(70,34)
(283,39)
(52,28)
(51,16)
(269,39)
(190,36)
(37,19)
(159,21)
(131,17)
(258,29)
(29,21)
(134,18)
(277,26)
(129,34)
(73,12)
(106,38)
(205,21)
(139,4)
(254,33)
(200,47)
(227,6)
(127,3)
(273,19)
(80,37)
(224,43)
(287,1)
(76,32)
(144,47)
(271,6)
(40,23)
(129,10)
(61,7)
(108,15)
(281,6)
(289,26)
(149,36)
(56,36)
(88,21)
(256,31)
(130,4)
(200,42)
(194,24)
(294,14)
(181,44)
(50,10)
(104,10)
(147,19)
(153,8)
(210,32)
(243,16)
(252,29)
(74,34)
(145,1)
(270,1)
(271,12)
(224,22)
(141,20)
(105,35)
(191,13)
(195,36)
(207,17)
(149,16)
(45,47)
(142,41)
(181,8)
(2,10)
(135,21)
(192,43)
(153,21)
(168,38)
(297,27)
(121,45)
(253,0)
(145,11)
(294,17)
(77,32)
(210,22)
(194,39)
(91,28)
(158,4)
(126,37)
(194,23)
(125,41)
(295,42)
(247,43)
(220,42)
(167,6)
(21,40)
(247,17)
(125,28)
(48,35)
(26,47)
(243,22)
(7,7)
(128,9)
(267,44)
(140,19)
(252,2)
(38,25)
(4,6)
(78,46)
(169,3)
(295,21)
(187,44)
(11,40)
(42,29)
(162,11)
(168,30)
(170,29)
(154,38)
(229,23)
(195,18)
(195,44)
(6,12)
(170,38)
(161,45)
(147,28)
(166,16)
(199,16)
(226,5)
(173,30)
(261,37)
(118,43)
(277,22)
(184,42)
(71,18)
(131,37)
(114,33)
(218,6)
(5,21)
(32,28)
(284,45)
(43,42)
(161,12)
(157,17)
(162,28)
(210,34)
(62,41)
(155,33)
(56,7)
(114,34)
(135,5)
(43,43)
(183,9)
(223,37)
(66,42)
(292,38)
(99,36)
(234,25)
(50,19)
(157,4)
(251,3)
(174,3)
(36,22)
(242,38)
(78,4)
(154,31)
(142,4)
(138,20)
(0,29)
(142,25)
(65,3)
(181,1)
(135,33)
(1,23)
(198,6)
(189,46)
(34,11)
(106,34)
(248,29)
(85,29)
(69,0)
(191,19)
(182,30)
(115,18)
(49,45)
(102,28)
(109,39)
(186,38)
(237,30)
(155,2)
(286,35)
(144,40)
(105,2)
(256,6)
(189,40)
(252,31)
(141,18)
(80,28)
(208,1)
(269,5)
(294,29)
(104,45)
(171,30)
(123,12)
(230,24)
(235,17)
(207,0)
(123,14)
(266,41)
(147,44)
(109,11)
(61,30)
(69,1)
(100,18)
(136,42)
(19,31)
(141,38)
(145,14)
(245,44)
(124,32)
(116,4)
(100,45)
(86,39)
(132,41)
(193,30)
(115,5)
(124,47)
(176,32)
(45,21)
(190,12)
(165,13)
(196,28)
(252,17)
(214,44)
(292,23)
(200,11)
(86,37)
(86,44)
(75,20)
(149,47)
(278,33)
(209,9)
(173,34)
(201,26)
(157,21)
(71,6)
(76,4)
(197,3)
(99,47)
(203,12)
(209,36)
(194,42)
(189,7)
(105,4)
(34,19)
(231,42)
(123,1)
(54,14)
(145,45)
(60,23)
(222,40)
(75,8)
(77,20)
(249,4)
(80,0)
(82,26)
(95,4)
(84,7)
(223,41)
(23,10)
(172,39)
(88,45)
(96,15)
(221,2)
(229,5)
(215,40)
(280,19)
(23,16)
(180,2)
(228,43)
(255,36)
(47,33)
(146,40)
(44,6)
(19,30)
(203,34)
(70,9)
(178,6)
(131,43)
(202,15)
(254,19)
(54,25)
(126,33)
(198,16)
(156,18)
(281,13)
(161,14)
(14,21)
(192,37)
(292,43)
(288,44)
(96,30)
(37,4)
(232,29)
(10,43)
(3,44)
(14,6)
(33,24)
(63,44)
(210,28)
(22,40)
(51,26)
(108,38)
(5,36)
(51,27)
(147,5)
(87,19)
(184,8)
(58,25)
(37,13)
(18,32)
(280,35)
(220,13)
(286,17)
(144,33)
(264,5)
(246,33)
(72,12)
(50,11)
(256,25)
(267,43)
(78,7)
(186,4)
(291,13)
(144,41)
(248,20)
(270,32)
(48,18)
(33,12)
(208,18)
(233,33)
(192,27)
(217,15)
(135,38)
(8,2)
(78,39)
(56,35)
(103,32)
(220,39)
(111,10)
(295,9)
(94,26)
(40,32)
(120,6)
(106,21)
(213,11)
(264,17)
(278,10)
(79,8)
(267,25)
(5,20)
(268,7)
(274,29)
(67,1)
(271,18)
(85,43)
(33,41)
(131,45)
(11,29)
(41,34)
(255,39)
(47,9)
(110,47)
(7,39)
(282,42)
(276,17)
(208,44)
(182,18)
(260,28)
(99,10)
(67,21)
(11,32)
(180,14)
(292,10)
(56,23)
(5,9)
(241,10)
(5,11)
(258,19)
(151,41)
(128,16)
(76,14)
(161,25)
(216,10)
(188,29)
(219,15)
(109,36)
(52,11)
(86,34)
(127,26)
(182,9)
(14,35)
(206,35)
(181,31)
(38,17)
(56,42)
(242,46)
(98,16)
(295,22)
(159,24)
(65,19)
(105,26)
(63,27)
(181,33)
(225,0)
(171,40)
(133,1)
(143,44)
(154,19)
(218,7)
(15,23)
(263,44)
(229,12)
(221,37)
(16,23)
(116,17)
(112,21)
(79,29)
(113,25)
(218,41)
(93,16)
(274,41)
(230,33)
(159,30)
(208,16)
(251,0)
(64,31)
(241,36)
(55,2)
(282,2)
(28,12)
(215,45)
(140,40)
(180,13)
(190,43)
(199,40)
(259,42)
(145,43)
(289,16)
(64,25)
(39,32)
(175,33)
(233,27)
(113,2)
(146,46)
(39,15)
(27,35)
(219,47)
(241,27)
(160,3)
(29,44)
(269,6)
(34,17)
(203,43)
(270,46)
(155,41)
(275,40)
(151,46)
(65,38)
(60,44)
(26,1)
(285,12)
(298,28)
(173,15)
(60,25)
(95,24)
(96,3)
(31,10)
(175,18)
(57,28)
(26,5)
(297,21)
(44,13)
(97,42)
(283,25)
(249,23)
(73,2)
(284,21)
(289,15)
(191,25)
(58,21)
(52,20)
(294,36)
(132,4)
(289,21)
(110,13)
(205,0)
(137,18)
(141,2)
(228,5)
(136,33)
(172,24)
(190,21)
(109,26)
(89,15)
(220,40)
(168,11)
(209,34)
(143,39)
(59,9)
(123,47)
(271,21)
(121,26)
(254,37)
(211,22)
(112,47)
(180,33)
(103,22)
(154,16)
(191,44)
(23,6)
(52,26)
(299,21)
(36,29)
(197,5)
(75,29)
(233,34)
(112,33)
(37,3)
(218,30)
(1,26)
(110,15)
(114,20)
(222,18)
(97,31)
(158,13)
(68,5)
(83,15)
(233,29)
(85,30)
(294,26)
(133,3)
(218,23)
(264,6)
(249,13)
(109,8)
(134,5)
(39,35)
(104,31)
(205,14)
(35,24)
(142,14)
(83,21)
(269,19)
(233,31)
(288,20)
(46,13)
(192,36)
(182,7)
(140,3)
(17,5)
(265,40)
(26,9)
(243,17)
(288,23)
(118,17)
(197,47)
(1,29)
