300 Users
48 Files
4000 Transactions
2 Maximum Connections
1 Cycle Length per Upload-Download
0 Warm-up Transactions
0.400000 Zipf constant
5 Pre-Trusted Users
240 Well-Behaved (Good) Users
60 Purely Malicious Users
0 Feedback Skewing Users
0 Malignant Providing Users
0 Disguised Malicous Users
0 Sybil Attack Users
true Intelligent Trans. Generation
1561015036486 Trace Generation Seed

(0.048824,0.000000,1,false)
(0.026231,0.000000,1,false)
(0.026637,0.000000,1,false)
(0.022869,0.000000,1,false)
(0.036902,0.000000,1,false)
(0.038100,0.000000,1,false)
(0.087185,0.000000,1,false)
(0.057073,0.000000,1,false)
(0.045382,0.000000,1,false)
(0.064544,0.000000,1,false)
(0.080182,0.000000,1,false)
(0.078035,0.000000,1,false)
(0.094821,0.000000,1,false)
(0.064952,0.000000,1,false)
(0.006741,0.000000,1,false)
(0.069410,0.000000,1,false)
(0.088564,0.000000,1,false)
(0.075760,0.000000,1,false)
(0.007452,0.000000,1,false)
(0.056239,0.000000,1,false)
(0.007865,0.000000,1,false)
(0.021209,0.000000,1,false)
(0.018480,0.000000,1,false)
(0.020013,0.000000,1,false)
(0.008095,0.000000,1,false)
(0.037992,0.000000,1,false)
(0.012438,0.000000,1,false)
(0.036732,0.000000,1,false)
(0.037541,0.000000,1,false)
(0.077763,0.000000,1,false)
(0.063530,0.000000,1,false)
(0.018826,0.000000,1,false)
(0.012078,0.000000,1,false)
(0.042238,0.000000,1,false)
(0.052369,0.000000,1,false)
(0.059042,0.000000,1,false)
(0.043981,0.000000,1,false)
(0.074441,0.000000,1,false)
(0.004838,0.000000,1,false)
(0.019835,0.000000,1,false)
(0.041171,0.000000,1,false)
(0.076628,0.000000,1,false)
(0.041523,0.000000,1,false)
(0.085332,0.000000,1,false)
(0.064412,0.000000,1,false)
(0.050538,0.000000,1,false)
(0.099478,0.000000,1,false)
(0.094606,0.000000,1,false)
(0.054267,0.000000,1,false)
(0.058808,0.000000,1,false)
(0.076485,0.000000,1,false)
(0.004752,0.000000,1,false)
(0.017081,0.000000,1,false)
(0.087763,0.000000,1,false)
(0.039451,0.000000,1,false)
(0.090215,0.000000,1,false)
(0.089815,0.000000,1,false)
(0.051258,0.000000,1,false)
(0.033229,0.000000,1,false)
(0.070808,0.000000,1,false)
(0.912747,1.000000,0,true)
(0.987152,1.000000,0,true)
(0.976098,1.000000,0,true)
(0.924944,1.000000,0,true)
(0.928085,1.000000,0,true)
(0.980726,1.000000,0,false)
(0.988565,1.000000,0,false)
(0.912244,1.000000,0,false)
(0.923053,1.000000,0,false)
(0.967887,1.000000,0,false)
(0.949373,1.000000,0,false)
(0.998921,1.000000,0,false)
(0.944655,1.000000,0,false)
(0.983588,1.000000,0,false)
(0.973595,1.000000,0,false)
(0.912947,1.000000,0,false)
(0.974969,1.000000,0,false)
(0.904782,1.000000,0,false)
(0.960243,1.000000,0,false)
(0.964051,1.000000,0,false)
(0.971354,1.000000,0,false)
(0.992864,1.000000,0,false)
(0.926004,1.000000,0,false)
(0.940147,1.000000,0,false)
(0.970665,1.000000,0,false)
(0.989597,1.000000,0,false)
(0.972472,1.000000,0,false)
(0.956358,1.000000,0,false)
(0.980591,1.000000,0,false)
(0.938554,1.000000,0,false)
(0.981057,1.000000,0,false)
(0.963411,1.000000,0,false)
(0.972599,1.000000,0,false)
(0.941548,1.000000,0,false)
(0.906995,1.000000,0,false)
(0.982986,1.000000,0,false)
(0.929090,1.000000,0,false)
(0.918742,1.000000,0,false)
(0.918037,1.000000,0,false)
(0.970352,1.000000,0,false)
(0.982471,1.000000,0,false)
(0.922336,1.000000,0,false)
(0.994331,1.000000,0,false)
(0.909169,1.000000,0,false)
(0.915774,1.000000,0,false)
(0.956719,1.000000,0,false)
(0.973958,1.000000,0,false)
(0.919854,1.000000,0,false)
(0.973244,1.000000,0,false)
(0.982904,1.000000,0,false)
(0.993252,1.000000,0,false)
(0.911198,1.000000,0,false)
(0.955023,1.000000,0,false)
(0.931816,1.000000,0,false)
(0.932717,1.000000,0,false)
(0.925165,1.000000,0,false)
(0.942603,1.000000,0,false)
(0.919670,1.000000,0,false)
(0.937816,1.000000,0,false)
(0.916892,1.000000,0,false)
(0.921163,1.000000,0,false)
(0.949209,1.000000,0,false)
(0.939283,1.000000,0,false)
(0.975856,1.000000,0,false)
(0.931197,1.000000,0,false)
(0.992952,1.000000,0,false)
(0.949870,1.000000,0,false)
(0.930042,1.000000,0,false)
(0.995054,1.000000,0,false)
(0.988908,1.000000,0,false)
(0.963542,1.000000,0,false)
(0.982628,1.000000,0,false)
(0.924030,1.000000,0,false)
(0.935335,1.000000,0,false)
(0.929139,1.000000,0,false)
(0.910321,1.000000,0,false)
(0.918626,1.000000,0,false)
(0.949177,1.000000,0,false)
(0.913404,1.000000,0,false)
(0.903938,1.000000,0,false)
(0.928360,1.000000,0,false)
(0.952700,1.000000,0,false)
(0.908000,1.000000,0,false)
(0.955135,1.000000,0,false)
(0.938229,1.000000,0,false)
(0.974617,1.000000,0,false)
(0.971780,1.000000,0,false)
(0.988456,1.000000,0,false)
(0.996465,1.000000,0,false)
(0.995669,1.000000,0,false)
(0.933063,1.000000,0,false)
(0.904912,1.000000,0,false)
(0.992656,1.000000,0,false)
(0.934140,1.000000,0,false)
(0.907035,1.000000,0,false)
(0.942302,1.000000,0,false)
(0.936636,1.000000,0,false)
(0.954174,1.000000,0,false)
(0.910656,1.000000,0,false)
(0.968302,1.000000,0,false)
(0.976694,1.000000,0,false)
(0.989080,1.000000,0,false)
(0.981541,1.000000,0,false)
(0.905081,1.000000,0,false)
(0.930754,1.000000,0,false)
(0.902909,1.000000,0,false)
(0.928335,1.000000,0,false)
(0.938782,1.000000,0,false)
(0.986069,1.000000,0,false)
(0.966667,1.000000,0,false)
(0.957913,1.000000,0,false)
(0.993678,1.000000,0,false)
(0.951816,1.000000,0,false)
(0.900388,1.000000,0,false)
(0.939519,1.000000,0,false)
(0.949143,1.000000,0,false)
(0.924639,1.000000,0,false)
(0.929099,1.000000,0,false)
(0.977572,1.000000,0,false)
(0.947807,1.000000,0,false)
(0.949758,1.000000,0,false)
(0.919340,1.000000,0,false)
(0.973361,1.000000,0,false)
(0.985341,1.000000,0,false)
(0.929693,1.000000,0,false)
(0.903445,1.000000,0,false)
(0.961212,1.000000,0,false)
(0.986290,1.000000,0,false)
(0.948950,1.000000,0,false)
(0.961181,1.000000,0,false)
(0.906975,1.000000,0,false)
(0.956210,1.000000,0,false)
(0.946224,1.000000,0,false)
(0.912624,1.000000,0,false)
(0.955796,1.000000,0,false)
(0.958071,1.000000,0,false)
(0.975707,1.000000,0,false)
(0.982304,1.000000,0,false)
(0.912109,1.000000,0,false)
(0.990508,1.000000,0,false)
(0.956030,1.000000,0,false)
(0.922680,1.000000,0,false)
(0.927697,1.000000,0,false)
(0.946917,1.000000,0,false)
(0.909192,1.000000,0,false)
(0.934902,1.000000,0,false)
(0.963389,1.000000,0,false)
(0.907785,1.000000,0,false)
(0.942492,1.000000,0,false)
(0.996598,1.000000,0,false)
(0.976575,1.000000,0,false)
(0.963820,1.000000,0,false)
(0.924048,1.000000,0,false)
(0.900079,1.000000,0,false)
(0.970245,1.000000,0,false)
(0.984558,1.000000,0,false)
(0.946916,1.000000,0,false)
(0.919883,1.000000,0,false)
(0.919612,1.000000,0,false)
(0.936072,1.000000,0,false)
(0.968144,1.000000,0,false)
(0.965967,1.000000,0,false)
(0.969609,1.000000,0,false)
(0.912276,1.000000,0,false)
(0.947262,1.000000,0,false)
(0.938158,1.000000,0,false)
(0.970716,1.000000,0,false)
(0.976990,1.000000,0,false)
(0.993772,1.000000,0,false)
(0.978601,1.000000,0,false)
(0.991516,1.000000,0,false)
(0.918564,1.000000,0,false)
(0.965154,1.000000,0,false)
(0.921992,1.000000,0,false)
(0.914293,1.000000,0,false)
(0.995293,1.000000,0,false)
(0.935673,1.000000,0,false)
(0.968265,1.000000,0,false)
(0.984707,1.000000,0,false)
(0.998218,1.000000,0,false)
(0.982008,1.000000,0,false)
(0.949201,1.000000,0,false)
(0.948207,1.000000,0,false)
(0.978098,1.000000,0,false)
(0.904231,1.000000,0,false)
(0.929060,1.000000,0,false)
(0.964346,1.000000,0,false)
(0.975455,1.000000,0,false)
(0.920139,1.000000,0,false)
(0.969870,1.000000,0,false)
(0.945529,1.000000,0,false)
(0.956535,1.000000,0,false)
(0.937218,1.000000,0,false)
(0.904426,1.000000,0,false)
(0.918957,1.000000,0,false)
(0.993883,1.000000,0,false)
(0.919726,1.000000,0,false)
(0.994301,1.000000,0,false)
(0.959690,1.000000,0,false)
(0.937946,1.000000,0,false)
(0.928430,1.000000,0,false)
(0.906344,1.000000,0,false)
(0.988692,1.000000,0,false)
(0.905684,1.000000,0,false)
(0.917463,1.000000,0,false)
(0.919156,1.000000,0,false)
(0.972646,1.000000,0,false)
(0.963677,1.000000,0,false)
(0.926581,1.000000,0,false)
(0.970956,1.000000,0,false)
(0.902043,1.000000,0,false)
(0.906502,1.000000,0,false)
(0.907783,1.000000,0,false)
(0.981995,1.000000,0,false)
(0.960665,1.000000,0,false)
(0.926426,1.000000,0,false)
(0.972814,1.000000,0,false)
(0.928350,1.000000,0,false)
(0.933108,1.000000,0,false)
(0.937500,1.000000,0,false)
(0.942503,1.000000,0,false)
(0.909474,1.000000,0,false)
(0.927336,1.000000,0,false)
(0.956139,1.000000,0,false)
(0.920196,1.000000,0,false)
(0.939220,1.000000,0,false)
(0.916505,1.000000,0,false)
(0.951095,1.000000,0,false)
(0.999745,1.000000,0,false)
(0.999417,1.000000,0,false)
(0.928432,1.000000,0,false)
(0.958446,1.000000,0,false)
(0.953534,1.000000,0,false)
(0.926155,1.000000,0,false)
(0.932068,1.000000,0,false)
(0.911833,1.000000,0,false)
(0.928001,1.000000,0,false)
(0.952004,1.000000,0,false)
(0.988207,1.000000,0,false)
(0.964604,1.000000,0,false)

(3,0,false)
(4,0,false)
(5,0,false)
(6,0,false)
(7,0,false)
(8,0,false)
(9,0,false)
(10,0,false)
(11,0,false)
(13,0,false)
(14,0,false)
(15,0,false)
(16,0,false)
(19,0,false)
(20,0,false)
(23,0,false)
(24,0,false)
(25,0,false)
(26,0,false)
(27,0,false)
(28,0,false)
(29,0,true)
(30,0,false)
(31,0,false)
(32,0,false)
(33,0,false)
(36,0,false)
(38,0,false)
(39,0,false)
(40,0,false)
(41,0,false)
(42,0,false)
(43,0,false)
(44,0,true)
(45,0,false)
(47,0,false)
(49,0,true)
(51,0,false)
(52,0,false)
(54,0,false)
(56,0,false)
(57,0,false)
(58,0,false)
(59,0,false)
(60,0,true)
(61,0,true)
(63,0,true)
(66,0,true)
(67,0,true)
(68,0,true)
(71,0,true)
(72,0,true)
(73,0,true)
(74,0,false)
(75,0,false)
(76,0,true)
(77,0,true)
(78,0,true)
(80,0,true)
(83,0,true)
(84,0,true)
(86,0,true)
(87,0,true)
(89,0,false)
(90,0,true)
(92,0,true)
(93,0,true)
(94,0,true)
(95,0,true)
(97,0,true)
(98,0,true)
(99,0,true)
(101,0,true)
(102,0,true)
(103,0,true)
(104,0,false)
(105,0,true)
(106,0,true)
(107,0,true)
(108,0,true)
(110,0,true)
(111,0,true)
(113,0,true)
(114,0,false)
(115,0,false)
(116,0,true)
(118,0,true)
(119,0,true)
(124,0,true)
(125,0,true)
(126,0,true)
(128,0,true)
(130,0,true)
(131,0,true)
(132,0,false)
(133,0,true)
(134,0,true)
(136,0,true)
(137,0,true)
(138,0,true)
(139,0,false)
(140,0,false)
(141,0,true)
(142,0,true)
(143,0,true)
(145,0,true)
(146,0,true)
(147,0,true)
(149,0,true)
(151,0,true)
(152,0,true)
(153,0,true)
(154,0,false)
(155,0,true)
(156,0,true)
(158,0,true)
(159,0,false)
(160,0,true)
(161,0,true)
(162,0,true)
(163,0,true)
(164,0,true)
(165,0,true)
(166,0,true)
(168,0,true)
(169,0,true)
(174,0,true)
(175,0,true)
(176,0,true)
(178,0,true)
(182,0,true)
(183,0,true)
(184,0,true)
(185,0,true)
(186,0,true)
(187,0,true)
(188,0,true)
(191,0,true)
(192,0,true)
(194,0,true)
(195,0,true)
(197,0,true)
(198,0,true)
(199,0,true)
(201,0,true)
(202,0,true)
(203,0,true)
(204,0,true)
(205,0,false)
(206,0,true)
(207,0,true)
(209,0,true)
(212,0,false)
(213,0,true)
(214,0,true)
(215,0,true)
(217,0,false)
(218,0,true)
(220,0,true)
(222,0,true)
(223,0,true)
(224,0,true)
(225,0,false)
(226,0,true)
(228,0,true)
(230,0,true)
(233,0,true)
(234,0,true)
(235,0,true)
(236,0,true)
(237,0,false)
(238,0,true)
(239,0,true)
(240,0,true)
(241,0,true)
(242,0,true)
(243,0,true)
(244,0,true)
(246,0,true)
(247,0,true)
(248,0,true)
(249,0,true)
(250,0,true)
(254,0,true)
(255,0,true)
(256,0,true)
(257,0,true)
(258,0,true)
(260,0,true)
(262,0,true)
(263,0,true)
(265,0,true)
(266,0,true)
(269,0,true)
(270,0,true)
(271,0,true)
(273,0,false)
(276,0,true)
(277,0,true)
(278,0,true)
(279,0,true)
(280,0,false)
(281,0,true)
(282,0,true)
(283,0,true)
(284,0,true)
(285,0,true)
(286,0,true)
(287,0,true)
(288,0,true)
(289,0,true)
(290,0,true)
(292,0,true)
(294,0,true)
(296,0,true)
(297,0,true)
(298,0,true)
(299,0,true)
(1,1,false)
(2,1,false)
(4,1,false)
(5,1,false)
(6,1,false)
(7,1,true)
(8,1,false)
(11,1,false)
(12,1,true)
(14,1,false)
(15,1,false)
(16,1,false)
(17,1,false)
(20,1,false)
(21,1,false)
(23,1,false)
(24,1,false)
(25,1,false)
(26,1,false)
(27,1,false)
(28,1,false)
(29,1,false)
(31,1,false)
(32,1,false)
(34,1,false)
(35,1,false)
(36,1,false)
(37,1,false)
(38,1,false)
(39,1,false)
(40,1,false)
(41,1,false)
(42,1,false)
(44,1,false)
(45,1,false)
(46,1,false)
(48,1,false)
(49,1,false)
(50,1,false)
(51,1,false)
(52,1,false)
(57,1,false)
(59,1,false)
(60,1,true)
(61,1,true)
(62,1,true)
(63,1,true)
(65,1,true)
(66,1,true)
(67,1,true)
(69,1,true)
(70,1,true)
(72,1,true)
(73,1,true)
(76,1,false)
(80,1,true)
(81,1,true)
(82,1,true)
(83,1,true)
(84,1,true)
(85,1,true)
(86,1,true)
(88,1,true)
(90,1,true)
(93,1,true)
(94,1,true)
(96,1,true)
(97,1,true)
(99,1,true)
(100,1,true)
(101,1,true)
(102,1,true)
(104,1,true)
(106,1,true)
(109,1,true)
(111,1,true)
(112,1,true)
(115,1,true)
(116,1,false)
(119,1,true)
(120,1,true)
(121,1,true)
(123,1,true)
(124,1,false)
(127,1,true)
(128,1,true)
(130,1,true)
(131,1,true)
(132,1,false)
(133,1,true)
(136,1,true)
(137,1,true)
(138,1,true)
(139,1,true)
(140,1,false)
(143,1,true)
(144,1,true)
(145,1,true)
(146,1,true)
(147,1,true)
(149,1,true)
(150,1,true)
(151,1,true)
(152,1,true)
(153,1,true)
(154,1,true)
(155,1,true)
(157,1,true)
(159,1,true)
(161,1,true)
(162,1,true)
(163,1,false)
(164,1,true)
(165,1,false)
(166,1,true)
(169,1,true)
(173,1,true)
(177,1,true)
(178,1,true)
(179,1,true)
(182,1,true)
(183,1,true)
(184,1,true)
(185,1,true)
(186,1,true)
(191,1,true)
(192,1,true)
(195,1,true)
(196,1,true)
(198,1,true)
(201,1,true)
(202,1,true)
(203,1,true)
(204,1,true)
(205,1,true)
(206,1,true)
(207,1,true)
(209,1,true)
(212,1,true)
(213,1,true)
(215,1,true)
(216,1,true)
(217,1,true)
(218,1,false)
(219,1,true)
(220,1,true)
(221,1,true)
(222,1,true)
(223,1,true)
(224,1,true)
(226,1,true)
(227,1,true)
(228,1,true)
(229,1,true)
(230,1,true)
(231,1,true)
(232,1,true)
(233,1,true)
(234,1,true)
(236,1,true)
(237,1,true)
(239,1,true)
(240,1,true)
(241,1,true)
(243,1,true)
(244,1,true)
(246,1,true)
(250,1,true)
(252,1,true)
(254,1,true)
(255,1,true)
(256,1,true)
(257,1,true)
(258,1,true)
(259,1,true)
(260,1,true)
(261,1,true)
(262,1,true)
(264,1,true)
(265,1,true)
(266,1,true)
(267,1,true)
(268,1,true)
(270,1,true)
(271,1,true)
(272,1,true)
(274,1,true)
(275,1,true)
(276,1,true)
(277,1,false)
(281,1,true)
(282,1,true)
(284,1,true)
(285,1,true)
(287,1,true)
(288,1,true)
(291,1,true)
(292,1,true)
(293,1,true)
(297,1,true)
(299,1,true)
(0,2,false)
(4,2,false)
(5,2,false)
(7,2,false)
(11,2,false)
(14,2,false)
(16,2,false)
(17,2,false)
(21,2,false)
(23,2,false)
(24,2,false)
(25,2,false)
(27,2,false)
(28,2,false)
(30,2,false)
(31,2,false)
(32,2,false)
(33,2,false)
(35,2,false)
(36,2,false)
(39,2,false)
(41,2,false)
(44,2,false)
(45,2,false)
(49,2,false)
(51,2,false)
(52,2,false)
(54,2,false)
(57,2,false)
(58,2,false)
(60,2,true)
(61,2,true)
(62,2,true)
(63,2,true)
(65,2,true)
(66,2,true)
(68,2,true)
(72,2,true)
(73,2,true)
(75,2,true)
(76,2,true)
(77,2,true)
(78,2,true)
(80,2,true)
(81,2,true)
(82,2,true)
(83,2,true)
(85,2,true)
(87,2,true)
(89,2,true)
(90,2,true)
(91,2,true)
(93,2,true)
(97,2,false)
(101,2,true)
(103,2,true)
(104,2,true)
(106,2,true)
(109,2,true)
(110,2,true)
(112,2,true)
(113,2,true)
(114,2,true)
(115,2,false)
(116,2,true)
(117,2,true)
(118,2,false)
(119,2,true)
(122,2,true)
(123,2,true)
(126,2,true)
(127,2,true)
(128,2,true)
(130,2,true)
(136,2,true)
(138,2,true)
(139,2,true)
(140,2,true)
(141,2,true)
(142,2,true)
(143,2,true)
(146,2,true)
(147,2,true)
(150,2,true)
(155,2,true)
(156,2,true)
(157,2,true)
(160,2,true)
(161,2,true)
(163,2,true)
(164,2,true)
(165,2,true)
(166,2,true)
(167,2,true)
(170,2,true)
(171,2,true)
(174,2,true)
(175,2,true)
(181,2,true)
(183,2,true)
(184,2,true)
(186,2,true)
(187,2,true)
(189,2,true)
(190,2,true)
(191,2,true)
(193,2,true)
(194,2,true)
(195,2,true)
(196,2,true)
(197,2,true)
(198,2,true)
(199,2,true)
(200,2,true)
(201,2,true)
(203,2,true)
(205,2,true)
(207,2,true)
(209,2,true)
(210,2,true)
(214,2,true)
(215,2,true)
(217,2,true)
(218,2,true)
(219,2,true)
(222,2,true)
(223,2,true)
(224,2,true)
(227,2,true)
(228,2,true)
(229,2,true)
(230,2,true)
(231,2,false)
(234,2,true)
(235,2,true)
(236,2,true)
(242,2,true)
(244,2,true)
(245,2,true)
(246,2,true)
(249,2,true)
(251,2,true)
(253,2,true)
(254,2,true)
(257,2,true)
(261,2,true)
(262,2,true)
(263,2,true)
(266,2,true)
(268,2,true)
(269,2,true)
(271,2,true)
(272,2,false)
(274,2,true)
(275,2,true)
(277,2,true)
(278,2,true)
(279,2,true)
(281,2,true)
(285,2,true)
(286,2,true)
(288,2,true)
(289,2,true)
(292,2,true)
(293,2,true)
(294,2,true)
(296,2,true)
(299,2,true)
(1,3,false)
(2,3,false)
(3,3,false)
(5,3,false)
(9,3,false)
(10,3,false)
(13,3,false)
(14,3,false)
(19,3,false)
(20,3,false)
(22,3,false)
(24,3,false)
(27,3,false)
(30,3,false)
(31,3,false)
(32,3,false)
(34,3,false)
(36,3,false)
(37,3,false)
(38,3,false)
(42,3,false)
(43,3,false)
(48,3,false)
(50,3,false)
(55,3,false)
(59,3,false)
(60,3,true)
(64,3,true)
(65,3,true)
(66,3,true)
(67,3,true)
(69,3,true)
(70,3,true)
(72,3,true)
(73,3,true)
(78,3,true)
(80,3,true)
(82,3,true)
(83,3,true)
(85,3,true)
(86,3,true)
(89,3,true)
(90,3,true)
(91,3,true)
(92,3,true)
(93,3,true)
(95,3,true)
(102,3,true)
(105,3,true)
(106,3,true)
(107,3,true)
(108,3,true)
(109,3,true)
(111,3,true)
(112,3,false)
(113,3,true)
(114,3,true)
(115,3,true)
(117,3,true)
(118,3,true)
(119,3,true)
(121,3,true)
(127,3,true)
(128,3,true)
(130,3,true)
(131,3,true)
(132,3,true)
(133,3,true)
(134,3,true)
(135,3,true)
(136,3,true)
(137,3,true)
(139,3,true)
(140,3,true)
(141,3,true)
(142,3,false)
(144,3,true)
(147,3,true)
(148,3,true)
(151,3,false)
(153,3,true)
(154,3,true)
(155,3,true)
(161,3,true)
(163,3,true)
(164,3,true)
(167,3,true)
(168,3,true)
(169,3,true)
(170,3,true)
(171,3,true)
(173,3,true)
(174,3,true)
(176,3,true)
(180,3,true)
(181,3,false)
(183,3,true)
(184,3,true)
(189,3,true)
(191,3,true)
(193,3,true)
(196,3,true)
(200,3,true)
(202,3,true)
(205,3,true)
(208,3,true)
(209,3,true)
(210,3,true)
(212,3,true)
(213,3,true)
(214,3,true)
(215,3,true)
(219,3,true)
(220,3,true)
(221,3,true)
(223,3,true)
(225,3,false)
(226,3,true)
(227,3,true)
(228,3,true)
(231,3,true)
(235,3,true)
(236,3,true)
(238,3,true)
(240,3,true)
(244,3,true)
(245,3,true)
(247,3,true)
(249,3,true)
(251,3,true)
(252,3,true)
(253,3,true)
(254,3,true)
(257,3,true)
(260,3,true)
(261,3,false)
(262,3,true)
(263,3,true)
(265,3,true)
(268,3,true)
(269,3,true)
(271,3,true)
(272,3,true)
(276,3,true)
(277,3,true)
(278,3,true)
(280,3,true)
(281,3,true)
(283,3,true)
(284,3,true)
(285,3,true)
(286,3,true)
(289,3,true)
(291,3,true)
(293,3,true)
(297,3,true)
(298,3,true)
(299,3,true)
(3,4,false)
(4,4,false)
(6,4,false)
(7,4,false)
(10,4,false)
(11,4,false)
(12,4,false)
(13,4,true)
(15,4,false)
(16,4,false)
(17,4,false)
(18,4,false)
(19,4,false)
(22,4,false)
(23,4,false)
(25,4,false)
(28,4,false)
(30,4,true)
(31,4,false)
(32,4,false)
(34,4,false)
(35,4,false)
(39,4,false)
(40,4,false)
(42,4,false)
(45,4,true)
(51,4,false)
(56,4,false)
(61,4,true)
(63,4,true)
(65,4,true)
(67,4,true)
(69,4,true)
(73,4,true)
(74,4,true)
(77,4,true)
(78,4,false)
(83,4,true)
(85,4,true)
(88,4,true)
(89,4,true)
(90,4,true)
(91,4,true)
(92,4,true)
(96,4,true)
(98,4,false)
(99,4,true)
(100,4,true)
(101,4,true)
(105,4,true)
(106,4,true)
(109,4,true)
(111,4,true)
(112,4,false)
(116,4,true)
(117,4,true)
(118,4,false)
(119,4,true)
(120,4,true)
(122,4,true)
(129,4,true)
(130,4,true)
(132,4,true)
(134,4,false)
(135,4,true)
(136,4,true)
(137,4,true)
(138,4,true)
(139,4,true)
(145,4,true)
(146,4,true)
(147,4,true)
(149,4,true)
(151,4,true)
(158,4,true)
(159,4,true)
(163,4,true)
(164,4,true)
(165,4,true)
(167,4,true)
(168,4,true)
(170,4,true)
(172,4,false)
(174,4,true)
(175,4,true)
(176,4,true)
(177,4,true)
(180,4,true)
(181,4,true)
(182,4,true)
(183,4,true)
(186,4,true)
(187,4,true)
(194,4,true)
(196,4,true)
(197,4,true)
(199,4,true)
(200,4,true)
(201,4,true)
(202,4,false)
(205,4,false)
(207,4,true)
(208,4,true)
(209,4,true)
(210,4,true)
(211,4,true)
(214,4,true)
(218,4,true)
(220,4,true)
(221,4,false)
(223,4,true)
(224,4,true)
(225,4,true)
(226,4,true)
(227,4,true)
(228,4,true)
(229,4,true)
(234,4,true)
(235,4,true)
(236,4,false)
(237,4,true)
(240,4,true)
(243,4,true)
(244,4,true)
(247,4,true)
(252,4,true)
(253,4,true)
(256,4,true)
(258,4,true)
(259,4,true)
(262,4,true)
(265,4,true)
(267,4,true)
(268,4,true)
(269,4,true)
(270,4,false)
(272,4,true)
(273,4,true)
(276,4,true)
(278,4,true)
(279,4,true)
(281,4,true)
(283,4,true)
(291,4,true)
(296,4,true)
(298,4,true)
(299,4,true)
(0,5,false)
(1,5,false)
(4,5,false)
(6,5,false)
(9,5,false)
(14,5,true)
(16,5,true)
(18,5,false)
(19,5,false)
(20,5,false)
(23,5,false)
(30,5,true)
(31,5,false)
(33,5,false)
(42,5,false)
(46,5,false)
(51,5,false)
(52,5,false)
(53,5,false)
(54,5,true)
(57,5,false)
(59,5,false)
(60,5,false)
(61,5,true)
(64,5,false)
(66,5,true)
(68,5,false)
(72,5,true)
(73,5,true)
(75,5,true)
(79,5,true)
(81,5,true)
(82,5,true)
(84,5,true)
(85,5,true)
(86,5,true)
(93,5,true)
(95,5,true)
(101,5,true)
(102,5,true)
(104,5,true)
(105,5,true)
(107,5,true)
(109,5,false)
(110,5,true)
(111,5,true)
(112,5,true)
(113,5,false)
(116,5,true)
(118,5,true)
(119,5,true)
(120,5,false)
(125,5,true)
(130,5,true)
(131,5,true)
(133,5,true)
(134,5,true)
(136,5,true)
(139,5,true)
(143,5,true)
(146,5,true)
(148,5,true)
(149,5,true)
(156,5,true)
(157,5,true)
(158,5,true)
(159,5,true)
(161,5,true)
(162,5,true)
(163,5,true)
(164,5,true)
(165,5,true)
(169,5,true)
(171,5,true)
(172,5,true)
(174,5,true)
(177,5,true)
(179,5,true)
(180,5,true)
(181,5,true)
(182,5,true)
(183,5,true)
(184,5,true)
(185,5,true)
(187,5,true)
(191,5,true)
(193,5,true)
(195,5,true)
(198,5,true)
(199,5,true)
(201,5,true)
(202,5,true)
(205,5,true)
(210,5,true)
(212,5,true)
(213,5,false)
(217,5,true)
(218,5,true)
(223,5,true)
(226,5,true)
(227,5,true)
(230,5,true)
(233,5,true)
(237,5,true)
(238,5,true)
(239,5,true)
(240,5,true)
(243,5,true)
(246,5,true)
(251,5,true)
(252,5,true)
(256,5,true)
(259,5,true)
(265,5,true)
(266,5,true)
(270,5,true)
(272,5,true)
(274,5,true)
(276,5,true)
(277,5,true)
(279,5,true)
(281,5,true)
(282,5,true)
(283,5,true)
(284,5,true)
(285,5,true)
(286,5,false)
(288,5,true)
(291,5,true)
(293,5,true)
(296,5,false)
(298,5,true)
(3,6,false)
(5,6,false)
(7,6,false)
(10,6,false)
(13,6,false)
(14,6,false)
(16,6,false)
(17,6,false)
(21,6,false)
(23,6,false)
(28,6,false)
(30,6,false)
(31,6,false)
(32,6,false)
(33,6,false)
(37,6,false)
(38,6,false)
(44,6,true)
(45,6,false)
(46,6,false)
(53,6,false)
(57,6,false)
(59,6,false)
(63,6,true)
(64,6,true)
(65,6,true)
(66,6,true)
(67,6,true)
(68,6,true)
(74,6,true)
(76,6,true)
(79,6,false)
(81,6,true)
(82,6,true)
(83,6,true)
(89,6,true)
(91,6,true)
(95,6,true)
(97,6,false)
(98,6,true)
(100,6,true)
(102,6,true)
(105,6,true)
(106,6,true)
(107,6,true)
(108,6,true)
(109,6,true)
(114,6,true)
(118,6,true)
(120,6,true)
(122,6,true)
(123,6,true)
(125,6,true)
(126,6,true)
(127,6,true)
(128,6,true)
(131,6,true)
(132,6,true)
(133,6,true)
(136,6,true)
(137,6,true)
(140,6,true)
(142,6,true)
(143,6,true)
(153,6,false)
(154,6,true)
(156,6,true)
(157,6,true)
(158,6,true)
(163,6,true)
(169,6,true)
(170,6,true)
(172,6,true)
(174,6,true)
(180,6,true)
(181,6,true)
(182,6,true)
(184,6,true)
(185,6,true)
(187,6,true)
(188,6,true)
(191,6,true)
(193,6,true)
(194,6,true)
(196,6,true)
(199,6,true)
(201,6,true)
(204,6,false)
(205,6,true)
(206,6,true)
(207,6,true)
(209,6,true)
(211,6,true)
(212,6,true)
(215,6,true)
(217,6,false)
(218,6,false)
(219,6,true)
(220,6,false)
(222,6,true)
(226,6,true)
(228,6,true)
(230,6,true)
(235,6,true)
(238,6,true)
(239,6,true)
(240,6,true)
(242,6,true)
(244,6,true)
(249,6,true)
(251,6,true)
(253,6,false)
(259,6,true)
(260,6,true)
(263,6,true)
(265,6,true)
(268,6,true)
(272,6,true)
(273,6,true)
(276,6,true)
(281,6,true)
(282,6,true)
(283,6,true)
(284,6,true)
(285,6,true)
(292,6,true)
(294,6,true)
(295,6,true)
(296,6,true)
(297,6,true)
(299,6,true)
(0,7,false)
(7,7,false)
(15,7,true)
(17,7,true)
(19,7,false)
(21,7,false)
(24,7,false)
(25,7,false)
(27,7,false)
(28,7,false)
(32,7,false)
(35,7,false)
(37,7,true)
(44,7,false)
(53,7,false)
(54,7,false)
(55,7,false)
(59,7,false)
(61,7,true)
(66,7,true)
(68,7,true)
(70,7,true)
(71,7,true)
(76,7,true)
(79,7,true)
(81,7,true)
(83,7,true)
(86,7,true)
(88,7,true)
(89,7,true)
(92,7,true)
(93,7,false)
(102,7,true)
(104,7,true)
(105,7,true)
(110,7,true)
(111,7,true)
(112,7,true)
(114,7,true)
(116,7,true)
(119,7,true)
(120,7,true)
(121,7,true)
(122,7,true)
(124,7,true)
(129,7,true)
(130,7,true)
(133,7,true)
(134,7,true)
(136,7,true)
(137,7,true)
(144,7,true)
(145,7,false)
(148,7,true)
(150,7,true)
(152,7,true)
(154,7,true)
(155,7,true)
(160,7,true)
(163,7,true)
(171,7,true)
(172,7,true)
(173,7,true)
(174,7,true)
(176,7,true)
(182,7,true)
(185,7,true)
(188,7,true)
(190,7,true)
(192,7,true)
(194,7,false)
(196,7,true)
(197,7,true)
(198,7,true)
(200,7,true)
(202,7,true)
(206,7,true)
(209,7,true)
(210,7,true)
(214,7,true)
(217,7,true)
(219,7,true)
(222,7,true)
(224,7,true)
(225,7,true)
(226,7,true)
(227,7,true)
(229,7,true)
(230,7,true)
(231,7,true)
(233,7,true)
(235,7,true)
(241,7,true)
(242,7,true)
(244,7,true)
(250,7,true)
(252,7,true)
(253,7,true)
(254,7,true)
(262,7,true)
(268,7,true)
(270,7,true)
(272,7,true)
(274,7,true)
(275,7,true)
(278,7,true)
(279,7,true)
(280,7,true)
(281,7,false)
(283,7,true)
(284,7,false)
(286,7,true)
(287,7,true)
(288,7,true)
(290,7,true)
(292,7,true)
(296,7,true)
(299,7,true)
(0,8,false)
(1,8,false)
(8,8,false)
(9,8,false)
(11,8,false)
(14,8,false)
(21,8,false)
(22,8,false)
(23,8,false)
(24,8,false)
(25,8,false)
(30,8,false)
(31,8,false)
(34,8,false)
(36,8,true)
(37,8,false)
(39,8,false)
(43,8,false)
(44,8,false)
(45,8,false)
(46,8,false)
(47,8,false)
(49,8,false)
(51,8,false)
(58,8,false)
(59,8,false)
(61,8,true)
(69,8,true)
(73,8,true)
(74,8,true)
(75,8,true)
(76,8,true)
(78,8,true)
(79,8,true)
(81,8,true)
(82,8,true)
(85,8,true)
(86,8,true)
(92,8,true)
(95,8,true)
(99,8,true)
(102,8,true)
(105,8,false)
(108,8,true)
(111,8,true)
(113,8,true)
(114,8,true)
(122,8,true)
(123,8,true)
(125,8,true)
(128,8,true)
(129,8,true)
(130,8,true)
(133,8,true)
(136,8,true)
(141,8,true)
(143,8,true)
(144,8,true)
(146,8,true)
(148,8,true)
(153,8,true)
(159,8,true)
(161,8,true)
(163,8,true)
(164,8,true)
(166,8,true)
(173,8,false)
(176,8,true)
(177,8,true)
(178,8,false)
(179,8,true)
(186,8,true)
(188,8,false)
(191,8,true)
(195,8,true)
(198,8,true)
(200,8,true)
(203,8,true)
(204,8,true)
(207,8,true)
(208,8,true)
(213,8,true)
(215,8,true)
(218,8,false)
(219,8,true)
(224,8,true)
(226,8,true)
(227,8,true)
(228,8,true)
(229,8,true)
(230,8,true)
(231,8,true)
(236,8,true)
(238,8,true)
(244,8,true)
(246,8,true)
(249,8,true)
(250,8,true)
(254,8,true)
(255,8,true)
(256,8,true)
(257,8,true)
(259,8,true)
(260,8,true)
(261,8,false)
(262,8,true)
(266,8,true)
(267,8,true)
(268,8,true)
(271,8,true)
(272,8,true)
(273,8,true)
(276,8,true)
(277,8,true)
(279,8,true)
(281,8,true)
(284,8,true)
(285,8,true)
(288,8,true)
(293,8,true)
(295,8,true)
(299,8,true)
(0,9,false)
(3,9,false)
(9,9,false)
(12,9,true)
(13,9,false)
(15,9,false)
(18,9,false)
(19,9,false)
(20,9,false)
(21,9,false)
(22,9,false)
(26,9,false)
(27,9,true)
(29,9,false)
(31,9,false)
(37,9,true)
(39,9,false)
(42,9,false)
(44,9,false)
(50,9,false)
(56,9,false)
(57,9,false)
(59,9,false)
(61,9,true)
(62,9,true)
(66,9,true)
(67,9,false)
(73,9,true)
(77,9,true)
(78,9,true)
(80,9,true)
(81,9,true)
(82,9,true)
(85,9,true)
(88,9,true)
(93,9,true)
(95,9,true)
(99,9,true)
(102,9,true)
(103,9,true)
(110,9,true)
(118,9,true)
(121,9,true)
(122,9,true)
(123,9,true)
(124,9,true)
(127,9,true)
(131,9,true)
(133,9,false)
(134,9,false)
(135,9,true)
(138,9,true)
(144,9,true)
(146,9,true)
(153,9,true)
(158,9,true)
(159,9,true)
(166,9,true)
(168,9,true)
(169,9,true)
(171,9,true)
(174,9,true)
(179,9,true)
(183,9,true)
(187,9,true)
(190,9,true)
(191,9,true)
(192,9,true)
(198,9,true)
(201,9,true)
(203,9,true)
(205,9,true)
(207,9,true)
(210,9,true)
(212,9,true)
(213,9,true)
(215,9,true)
(217,9,false)
(218,9,true)
(221,9,true)
(222,9,true)
(228,9,true)
(229,9,true)
(233,9,true)
(236,9,true)
(238,9,true)
(239,9,true)
(241,9,true)
(242,9,true)
(243,9,true)
(244,9,true)
(246,9,true)
(247,9,true)
(256,9,false)
(263,9,true)
(265,9,true)
(266,9,true)
(268,9,true)
(272,9,true)
(277,9,true)
(281,9,true)
(286,9,true)
(289,9,true)
(290,9,true)
(296,9,false)
(299,9,true)
(0,10,false)
(1,10,false)
(2,10,false)
(3,10,false)
(4,10,false)
(7,10,false)
(10,10,false)
(13,10,false)
(23,10,false)
(26,10,false)
(29,10,false)
(34,10,false)
(37,10,false)
(38,10,false)
(40,10,false)
(45,10,false)
(50,10,false)
(57,10,false)
(58,10,false)
(59,10,false)
(62,10,true)
(70,10,true)
(72,10,true)
(73,10,true)
(74,10,true)
(80,10,true)
(81,10,true)
(82,10,true)
(89,10,true)
(90,10,true)
(94,10,true)
(95,10,true)
(102,10,true)
(108,10,true)
(117,10,true)
(123,10,true)
(129,10,true)
(131,10,true)
(132,10,true)
(133,10,true)
(139,10,true)
(148,10,true)
(149,10,true)
(151,10,true)
(152,10,true)
(154,10,true)
(155,10,false)
(156,10,true)
(157,10,true)
(168,10,true)
(169,10,true)
(170,10,true)
(171,10,true)
(172,10,false)
(178,10,true)
(180,10,true)
(186,10,true)
(193,10,true)
(195,10,true)
(197,10,true)
(199,10,true)
(200,10,true)
(204,10,true)
(205,10,true)
(207,10,true)
(209,10,true)
(210,10,true)
(212,10,true)
(217,10,true)
(218,10,true)
(219,10,true)
(222,10,true)
(223,10,true)
(227,10,true)
(233,10,true)
(235,10,true)
(241,10,true)
(242,10,true)
(244,10,true)
(247,10,true)
(248,10,true)
(250,10,true)
(251,10,true)
(253,10,true)
(254,10,true)
(258,10,true)
(260,10,true)
(261,10,false)
(263,10,true)
(264,10,true)
(265,10,true)
(273,10,true)
(274,10,true)
(275,10,true)
(279,10,true)
(283,10,true)
(285,10,true)
(286,10,true)
(290,10,true)
(292,10,true)
(0,11,false)
(4,11,false)
(7,11,false)
(10,11,true)
(14,11,false)
(17,11,false)
(21,11,false)
(22,11,false)
(26,11,false)
(30,11,false)
(32,11,false)
(34,11,false)
(35,11,false)
(36,11,true)
(38,11,false)
(39,11,false)
(40,11,false)
(42,11,false)
(45,11,false)
(61,11,true)
(62,11,true)
(63,11,true)
(66,11,true)
(68,11,true)
(69,11,true)
(70,11,true)
(71,11,true)
(75,11,true)
(76,11,true)
(78,11,true)
(79,11,true)
(89,11,true)
(91,11,true)
(95,11,true)
(96,11,true)
(97,11,true)
(104,11,false)
(106,11,true)
(108,11,true)
(109,11,true)
(113,11,true)
(114,11,true)
(117,11,true)
(121,11,true)
(122,11,true)
(125,11,true)
(128,11,true)
(132,11,true)
(133,11,true)
(134,11,true)
(143,11,true)
(144,11,true)
(147,11,true)
(149,11,true)
(152,11,true)
(153,11,true)
(158,11,true)
(163,11,true)
(165,11,true)
(167,11,true)
(178,11,true)
(181,11,true)
(182,11,true)
(183,11,true)
(185,11,true)
(198,11,true)
(199,11,true)
(215,11,true)
(217,11,true)
(220,11,true)
(221,11,true)
(223,11,true)
(226,11,true)
(228,11,true)
(230,11,true)
(232,11,true)
(233,11,true)
(234,11,true)
(238,11,true)
(239,11,true)
(242,11,true)
(248,11,true)
(250,11,false)
(252,11,true)
(254,11,true)
(255,11,true)
(259,11,true)
(260,11,true)
(261,11,true)
(262,11,true)
(264,11,true)
(265,11,true)
(267,11,false)
(275,11,false)
(276,11,true)
(284,11,true)
(285,11,true)
(288,11,true)
(293,11,true)
(296,11,true)
(299,11,true)
(4,12,false)
(6,12,false)
(10,12,false)
(13,12,false)
(14,12,false)
(15,12,false)
(22,12,false)
(23,12,false)
(33,12,false)
(39,12,false)
(45,12,false)
(47,12,false)
(48,12,false)
(51,12,false)
(54,12,false)
(55,12,false)
(56,12,false)
(58,12,false)
(64,12,true)
(65,12,true)
(66,12,true)
(67,12,true)
(71,12,true)
(72,12,false)
(74,12,true)
(75,12,false)
(77,12,true)
(80,12,true)
(81,12,true)
(85,12,true)
(90,12,true)
(94,12,true)
(97,12,true)
(98,12,true)
(100,12,true)
(101,12,true)
(102,12,true)
(106,12,true)
(108,12,true)
(109,12,true)
(111,12,true)
(113,12,true)
(116,12,true)
(121,12,true)
(122,12,true)
(124,12,true)
(133,12,true)
(135,12,true)
(140,12,true)
(141,12,true)
(143,12,true)
(146,12,true)
(148,12,true)
(154,12,true)
(157,12,true)
(163,12,true)
(165,12,true)
(169,12,true)
(170,12,true)
(171,12,true)
(182,12,true)
(185,12,true)
(187,12,true)
(188,12,true)
(192,12,false)
(194,12,true)
(197,12,true)
(198,12,true)
(204,12,true)
(206,12,true)
(209,12,true)
(210,12,true)
(213,12,true)
(214,12,true)
(217,12,true)
(228,12,true)
(229,12,true)
(235,12,true)
(236,12,true)
(237,12,true)
(238,12,true)
(241,12,true)
(243,12,true)
(244,12,true)
(245,12,true)
(249,12,true)
(252,12,true)
(255,12,true)
(256,12,true)
(259,12,true)
(261,12,true)
(263,12,true)
(264,12,true)
(270,12,true)
(271,12,true)
(272,12,true)
(273,12,true)
(280,12,true)
(281,12,true)
(282,12,true)
(284,12,true)
(288,12,true)
(290,12,true)
(292,12,true)
(296,12,true)
(0,13,false)
(3,13,false)
(6,13,false)
(12,13,false)
(19,13,false)
(20,13,false)
(21,13,false)
(22,13,false)
(27,13,false)
(28,13,false)
(30,13,false)
(31,13,false)
(32,13,false)
(35,13,false)
(36,13,false)
(37,13,false)
(40,13,false)
(41,13,false)
(43,13,false)
(45,13,false)
(48,13,false)
(51,13,false)
(52,13,false)
(58,13,false)
(63,13,true)
(65,13,true)
(66,13,true)
(70,13,true)
(74,13,true)
(75,13,false)
(76,13,true)
(81,13,true)
(86,13,true)
(87,13,true)
(90,13,true)
(94,13,true)
(95,13,true)
(105,13,true)
(106,13,true)
(108,13,true)
(109,13,true)
(111,13,true)
(112,13,true)
(113,13,true)
(116,13,true)
(117,13,false)
(120,13,true)
(123,13,true)
(124,13,true)
(137,13,true)
(138,13,true)
(139,13,true)
(143,13,true)
(145,13,true)
(147,13,true)
(148,13,true)
(149,13,true)
(153,13,true)
(159,13,true)
(164,13,true)
(166,13,true)
(175,13,true)
(176,13,true)
(183,13,true)
(187,13,true)
(188,13,true)
(191,13,true)
(192,13,true)
(193,13,true)
(194,13,true)
(195,13,true)
(201,13,true)
(205,13,true)
(208,13,true)
(209,13,true)
(212,13,true)
(216,13,true)
(218,13,true)
(219,13,true)
(221,13,true)
(226,13,true)
(229,13,true)
(234,13,false)
(236,13,true)
(237,13,true)
(239,13,true)
(247,13,true)
(250,13,true)
(255,13,true)
(257,13,true)
(258,13,true)
(260,13,true)
(261,13,true)
(262,13,true)
(263,13,true)
(265,13,false)
(266,13,true)
(267,13,true)
(272,13,true)
(273,13,true)
(275,13,true)
(286,13,true)
(288,13,true)
(291,13,true)
(296,13,true)
(297,13,true)
(299,13,true)
(3,14,false)
(8,14,false)
(10,14,false)
(13,14,true)
(14,14,false)
(15,14,false)
(18,14,false)
(25,14,false)
(34,14,false)
(46,14,true)
(55,14,false)
(57,14,false)
(58,14,false)
(59,14,false)
(60,14,true)
(62,14,true)
(65,14,true)
(66,14,true)
(75,14,true)
(76,14,true)
(77,14,true)
(78,14,true)
(80,14,true)
(83,14,true)
(91,14,true)
(94,14,true)
(97,14,true)
(104,14,false)
(109,14,true)
(114,14,true)
(118,14,true)
(131,14,true)
(133,14,true)
(138,14,true)
(142,14,false)
(143,14,true)
(145,14,true)
(148,14,true)
(149,14,true)
(150,14,true)
(157,14,true)
(158,14,true)
(159,14,true)
(162,14,true)
(163,14,true)
(164,14,true)
(165,14,true)
(169,14,true)
(173,14,true)
(177,14,true)
(178,14,true)
(179,14,false)
(189,14,true)
(190,14,true)
(195,14,true)
(197,14,true)
(198,14,true)
(201,14,false)
(202,14,true)
(203,14,true)
(205,14,true)
(207,14,true)
(211,14,true)
(215,14,true)
(217,14,true)
(224,14,true)
(233,14,true)
(235,14,true)
(238,14,true)
(243,14,true)
(245,14,true)
(249,14,true)
(251,14,true)
(254,14,true)
(263,14,true)
(264,14,true)
(266,14,true)
(267,14,false)
(270,14,true)
(274,14,true)
(276,14,true)
(278,14,true)
(280,14,true)
(281,14,true)
(283,14,true)
(289,14,true)
(291,14,false)
(293,14,true)
(297,14,true)
(298,14,true)
(0,15,false)
(2,15,false)
(7,15,false)
(8,15,false)
(12,15,false)
(18,15,false)
(20,15,false)
(22,15,false)
(27,15,false)
(29,15,false)
(40,15,false)
(44,15,false)
(50,15,false)
(52,15,false)
(56,15,false)
(66,15,true)
(69,15,true)
(70,15,true)
(71,15,true)
(72,15,true)
(82,15,true)
(85,15,true)
(92,15,true)
(94,15,true)
(95,15,true)
(96,15,true)
(98,15,true)
(99,15,true)
(103,15,true)
(109,15,true)
(114,15,true)
(117,15,true)
(118,15,true)
(119,15,true)
(121,15,true)
(127,15,true)
(131,15,true)
(133,15,true)
(134,15,true)
(140,15,true)
(142,15,true)
(145,15,true)
(147,15,true)
(148,15,true)
(152,15,true)
(153,15,true)
(156,15,true)
(158,15,true)
(164,15,true)
(166,15,true)
(168,15,true)
(170,15,true)
(171,15,true)
(176,15,false)
(179,15,true)
(188,15,true)
(189,15,true)
(193,15,true)
(194,15,true)
(202,15,true)
(203,15,true)
(204,15,false)
(205,15,true)
(208,15,true)
(209,15,true)
(213,15,true)
(215,15,true)
(216,15,true)
(218,15,true)
(221,15,true)
(228,15,true)
(230,15,true)
(231,15,true)
(234,15,true)
(241,15,true)
(243,15,true)
(245,15,true)
(249,15,true)
(255,15,true)
(256,15,false)
(257,15,true)
(258,15,true)
(261,15,true)
(262,15,true)
(266,15,true)
(270,15,true)
(271,15,true)
(272,15,true)
(276,15,true)
(277,15,true)
(279,15,true)
(282,15,true)
(290,15,true)
(292,15,true)
(294,15,true)
(296,15,true)
(1,16,false)
(3,16,false)
(4,16,false)
(6,16,false)
(12,16,false)
(19,16,false)
(21,16,false)
(23,16,false)
(24,16,false)
(25,16,false)
(30,16,false)
(39,16,false)
(41,16,false)
(42,16,false)
(43,16,false)
(44,16,false)
(46,16,false)
(51,16,false)
(52,16,false)
(55,16,false)
(56,16,false)
(61,16,true)
(64,16,false)
(67,16,true)
(71,16,true)
(75,16,true)
(79,16,true)
(83,16,true)
(84,16,true)
(87,16,true)
(92,16,true)
(93,16,true)
(95,16,true)
(96,16,true)
(98,16,true)
(99,16,true)
(103,16,true)
(104,16,true)
(107,16,true)
(115,16,true)
(116,16,true)
(118,16,true)
(119,16,true)
(123,16,true)
(127,16,true)
(132,16,true)
(134,16,true)
(139,16,false)
(150,16,true)
(152,16,true)
(157,16,true)
(159,16,true)
(166,16,true)
(169,16,true)
(170,16,true)
(171,16,true)
(174,16,true)
(188,16,true)
(194,16,true)
(195,16,true)
(197,16,true)
(199,16,true)
(208,16,true)
(209,16,true)
(213,16,true)
(217,16,true)
(218,16,true)
(224,16,true)
(225,16,true)
(227,16,true)
(232,16,true)
(240,16,true)
(245,16,true)
(246,16,true)
(247,16,true)
(250,16,true)
(252,16,true)
(257,16,true)
(258,16,true)
(260,16,true)
(272,16,true)
(273,16,true)
(274,16,true)
(279,16,true)
(281,16,true)
(291,16,true)
(297,16,true)
(1,17,false)
(4,17,false)
(6,17,false)
(11,17,false)
(12,17,false)
(17,17,true)
(18,17,false)
(19,17,false)
(21,17,false)
(23,17,false)
(27,17,false)
(29,17,false)
(31,17,false)
(33,17,false)
(34,17,false)
(37,17,true)
(43,17,false)
(57,17,false)
(59,17,false)
(61,17,true)
(74,17,true)
(76,17,true)
(83,17,true)
(91,17,true)
(95,17,true)
(97,17,true)
(101,17,true)
(102,17,true)
(104,17,true)
(107,17,true)
(108,17,true)
(109,17,true)
(110,17,true)
(115,17,true)
(122,17,true)
(124,17,true)
(127,17,true)
(130,17,true)
(134,17,true)
(140,17,true)
(142,17,true)
(144,17,true)
(146,17,true)
(149,17,true)
(150,17,true)
(152,17,true)
(153,17,false)
(156,17,true)
(162,17,true)
(165,17,true)
(172,17,true)
(175,17,true)
(176,17,false)
(185,17,true)
(188,17,true)
(189,17,true)
(201,17,true)
(208,17,true)
(209,17,true)
(214,17,true)
(216,17,true)
(217,17,true)
(223,17,true)
(224,17,false)
(225,17,true)
(226,17,true)
(230,17,true)
(232,17,true)
(234,17,true)
(235,17,true)
(236,17,true)
(237,17,true)
(238,17,true)
(245,17,true)
(249,17,true)
(251,17,true)
(260,17,true)
(261,17,true)
(267,17,true)
(273,17,true)
(277,17,true)
(278,17,true)
(280,17,false)
(285,17,true)
(294,17,true)
(295,17,true)
(298,17,true)
(299,17,true)
(0,18,false)
(1,18,false)
(9,18,false)
(12,18,false)
(14,18,false)
(26,18,false)
(27,18,false)
(28,18,false)
(31,18,false)
(32,18,false)
(33,18,false)
(34,18,false)
(36,18,false)
(37,18,false)
(40,18,false)
(41,18,false)
(42,18,false)
(43,18,false)
(47,18,false)
(51,18,false)
(53,18,false)
(56,18,false)
(66,18,true)
(67,18,true)
(70,18,true)
(74,18,true)
(82,18,true)
(83,18,true)
(85,18,true)
(92,18,true)
(98,18,true)
(100,18,true)
(102,18,true)
(107,18,true)
(108,18,true)
(109,18,true)
(113,18,true)
(116,18,true)
(125,18,true)
(127,18,false)
(128,18,true)
(130,18,true)
(132,18,true)
(135,18,true)
(137,18,true)
(142,18,true)
(147,18,true)
(150,18,true)
(154,18,true)
(164,18,true)
(175,18,true)
(181,18,true)
(185,18,true)
(189,18,true)
(199,18,true)
(201,18,true)
(205,18,true)
(207,18,true)
(209,18,true)
(210,18,true)
(211,18,true)
(219,18,true)
(220,18,true)
(224,18,true)
(230,18,true)
(233,18,false)
(238,18,true)
(244,18,true)
(247,18,true)
(248,18,true)
(249,18,true)
(250,18,true)
(256,18,true)
(260,18,true)
(264,18,true)
(269,18,true)
(271,18,true)
(272,18,true)
(273,18,true)
(277,18,true)
(282,18,true)
(286,18,true)
(289,18,true)
(293,18,true)
(297,18,true)
(8,19,false)
(10,19,false)
(12,19,true)
(14,19,false)
(15,19,false)
(16,19,false)
(18,19,false)
(21,19,false)
(22,19,false)
(25,19,false)
(27,19,true)
(32,19,false)
(33,19,false)
(45,19,false)
(55,19,false)
(57,19,false)
(59,19,false)
(66,19,true)
(69,19,true)
(77,19,true)
(81,19,true)
(83,19,true)
(85,19,true)
(89,19,true)
(96,19,true)
(100,19,true)
(112,19,true)
(113,19,true)
(124,19,true)
(132,19,true)
(133,19,true)
(140,19,true)
(147,19,true)
(148,19,true)
(149,19,true)
(150,19,false)
(151,19,true)
(152,19,true)
(153,19,true)
(156,19,true)
(157,19,true)
(170,19,true)
(171,19,true)
(173,19,true)
(174,19,true)
(176,19,true)
(184,19,true)
(186,19,true)
(189,19,true)
(203,19,true)
(205,19,true)
(208,19,false)
(222,19,true)
(230,19,true)
(232,19,true)
(237,19,true)
(238,19,true)
(240,19,true)
(246,19,true)
(251,19,true)
(257,19,true)
(262,19,true)
(263,19,true)
(264,19,true)
(267,19,true)
(270,19,true)
(274,19,true)
(275,19,true)
(281,19,true)
(286,19,true)
(293,19,true)
(295,19,true)
(296,19,true)
(299,19,true)
(14,20,true)
(19,20,false)
(21,20,false)
(25,20,false)
(26,20,false)
(32,20,false)
(35,20,false)
(38,20,false)
(39,20,false)
(43,20,false)
(46,20,false)
(51,20,false)
(55,20,false)
(60,20,true)
(68,20,false)
(69,20,true)
(70,20,true)
(73,20,true)
(74,20,true)
(76,20,true)
(83,20,true)
(99,20,true)
(108,20,true)
(109,20,true)
(113,20,true)
(115,20,true)
(122,20,true)
(125,20,true)
(127,20,true)
(128,20,true)
(130,20,true)
(131,20,true)
(146,20,true)
(151,20,false)
(152,20,true)
(157,20,true)
(158,20,true)
(160,20,true)
(161,20,true)
(166,20,true)
(167,20,true)
(172,20,true)
(175,20,true)
(177,20,true)
(185,20,true)
(187,20,true)
(190,20,true)
(193,20,true)
(195,20,true)
(196,20,true)
(199,20,true)
(208,20,true)
(210,20,true)
(216,20,true)
(219,20,true)
(222,20,true)
(234,20,true)
(238,20,true)
(251,20,true)
(252,20,true)
(257,20,true)
(258,20,true)
(264,20,true)
(266,20,true)
(267,20,true)
(270,20,true)
(273,20,true)
(276,20,true)
(277,20,true)
(279,20,true)
(283,20,true)
(287,20,true)
(288,20,true)
(291,20,true)
(294,20,true)
(3,21,false)
(6,21,false)
(11,21,true)
(14,21,false)
(17,21,false)
(19,21,false)
(20,21,false)
(28,21,false)
(29,21,false)
(31,21,false)
(34,21,false)
(37,21,true)
(43,21,false)
(45,21,false)
(48,21,false)
(49,21,false)
(51,21,false)
(56,21,false)
(59,21,false)
(61,21,true)
(66,21,true)
(67,21,true)
(80,21,true)
(82,21,true)
(86,21,true)
(90,21,true)
(91,21,false)
(93,21,true)
(95,21,true)
(96,21,true)
(99,21,true)
(104,21,true)
(111,21,false)
(112,21,true)
(113,21,true)
(120,21,true)
(122,21,true)
(126,21,true)
(127,21,true)
(129,21,true)
(131,21,true)
(132,21,true)
(135,21,true)
(136,21,true)
(147,21,true)
(149,21,true)
(158,21,true)
(165,21,true)
(168,21,true)
(170,21,true)
(174,21,true)
(175,21,true)
(181,21,true)
(189,21,true)
(191,21,true)
(198,21,true)
(199,21,true)
(202,21,true)
(204,21,true)
(205,21,true)
(209,21,true)
(215,21,true)
(217,21,true)
(221,21,true)
(222,21,true)
(223,21,true)
(224,21,true)
(228,21,true)
(230,21,true)
(231,21,true)
(234,21,true)
(246,21,false)
(247,21,true)
(256,21,true)
(262,21,true)
(264,21,true)
(265,21,true)
(269,21,true)
(270,21,true)
(275,21,true)
(281,21,true)
(287,21,true)
(289,21,true)
(294,21,false)
(297,21,true)
(298,21,true)
(3,22,false)
(9,22,true)
(10,22,false)
(12,22,false)
(14,22,true)
(15,22,false)
(17,22,false)
(22,22,false)
(25,22,false)
(27,22,false)
(28,22,false)
(32,22,false)
(33,22,false)
(39,22,false)
(42,22,false)
(43,22,false)
(44,22,true)
(45,22,false)
(47,22,false)
(51,22,false)
(53,22,false)
(56,22,true)
(69,22,true)
(71,22,true)
(74,22,true)
(77,22,false)
(81,22,true)
(82,22,true)
(83,22,true)
(84,22,true)
(96,22,true)
(99,22,true)
(100,22,true)
(105,22,true)
(108,22,true)
(120,22,true)
(121,22,true)
(122,22,true)
(128,22,true)
(130,22,true)
(131,22,true)
(137,22,true)
(138,22,true)
(145,22,true)
(147,22,true)
(152,22,true)
(153,22,false)
(154,22,true)
(158,22,true)
(159,22,true)
(163,22,true)
(166,22,true)
(168,22,true)
(170,22,true)
(171,22,true)
(178,22,true)
(179,22,true)
(188,22,true)
(193,22,true)
(205,22,true)
(206,22,true)
(209,22,true)
(210,22,true)
(216,22,true)
(221,22,true)
(223,22,true)
(225,22,true)
(230,22,true)
(239,22,true)
(241,22,true)
(245,22,true)
(248,22,true)
(249,22,true)
(250,22,true)
(257,22,true)
(264,22,true)
(265,22,true)
(266,22,true)
(267,22,true)
(275,22,true)
(278,22,true)
(282,22,true)
(284,22,true)
(285,22,true)
(286,22,false)
(1,23,true)
(6,23,false)
(29,23,false)
(37,23,false)
(38,23,false)
(42,23,false)
(49,23,false)
(53,23,false)
(57,23,false)
(63,23,true)
(69,23,true)
(72,23,true)
(75,23,true)
(79,23,true)
(82,23,true)
(95,23,true)
(99,23,true)
(103,23,true)
(109,23,true)
(112,23,true)
(115,23,true)
(116,23,true)
(127,23,true)
(130,23,true)
(131,23,true)
(132,23,true)
(135,23,true)
(139,23,true)
(147,23,true)
(154,23,true)
(155,23,true)
(156,23,true)
(157,23,true)
(158,23,true)
(159,23,true)
(161,23,true)
(166,23,true)
(168,23,true)
(174,23,true)
(175,23,true)
(178,23,true)
(191,23,true)
(198,23,true)
(199,23,true)
(201,23,true)
(203,23,true)
(206,23,true)
(210,23,true)
(216,23,true)
(219,23,true)
(221,23,true)
(228,23,true)
(229,23,true)
(231,23,true)
(239,23,true)
(250,23,true)
(253,23,true)
(255,23,true)
(262,23,true)
(263,23,true)
(268,23,true)
(269,23,true)
(274,23,false)
(277,23,true)
(282,23,true)
(284,23,true)
(285,23,true)
(288,23,true)
(294,23,true)
(298,23,true)
(0,24,false)
(1,24,false)
(2,24,false)
(3,24,false)
(6,24,false)
(7,24,false)
(9,24,false)
(10,24,false)
(13,24,false)
(15,24,false)
(17,24,false)
(19,24,false)
(20,24,false)
(27,24,false)
(28,24,false)
(31,24,false)
(38,24,false)
(44,24,false)
(47,24,false)
(48,24,false)
(49,24,false)
(52,24,false)
(53,24,false)
(55,24,false)
(56,24,false)
(61,24,true)
(67,24,true)
(69,24,true)
(76,24,true)
(77,24,true)
(80,24,true)
(81,24,true)
(83,24,true)
(84,24,true)
(86,24,true)
(99,24,true)
(103,24,false)
(105,24,true)
(106,24,true)
(110,24,true)
(114,24,true)
(115,24,true)
(116,24,true)
(124,24,true)
(127,24,true)
(130,24,true)
(131,24,true)
(136,24,true)
(137,24,true)
(138,24,true)
(145,24,true)
(146,24,true)
(148,24,true)
(165,24,true)
(166,24,true)
(168,24,true)
(172,24,true)
(177,24,true)
(190,24,true)
(192,24,true)
(193,24,true)
(200,24,true)
(202,24,true)
(213,24,true)
(220,24,true)
(221,24,true)
(223,24,true)
(227,24,true)
(232,24,true)
(245,24,true)
(246,24,true)
(249,24,true)
(250,24,true)
(253,24,true)
(254,24,true)
(261,24,true)
(262,24,true)
(263,24,true)
(267,24,true)
(269,24,true)
(277,24,true)
(285,24,true)
(286,24,true)
(288,24,true)
(292,24,true)
(296,24,true)
(2,25,false)
(3,25,false)
(5,25,false)
(7,25,false)
(12,25,false)
(14,25,false)
(23,25,false)
(36,25,false)
(39,25,false)
(44,25,false)
(53,25,false)
(54,25,false)
(55,25,true)
(57,25,false)
(59,25,false)
(64,25,true)
(66,25,true)
(77,25,true)
(80,25,true)
(83,25,true)
(85,25,true)
(90,25,true)
(91,25,true)
(92,25,true)
(95,25,true)
(98,25,true)
(99,25,true)
(100,25,true)
(101,25,true)
(103,25,true)
(107,25,true)
(111,25,true)
(114,25,true)
(118,25,true)
(121,25,false)
(124,25,true)
(125,25,true)
(127,25,true)
(128,25,true)
(132,25,true)
(134,25,true)
(135,25,true)
(141,25,true)
(143,25,true)
(151,25,true)
(154,25,true)
(161,25,true)
(162,25,true)
(164,25,true)
(166,25,true)
(171,25,true)
(173,25,true)
(179,25,true)
(188,25,true)
(189,25,true)
(200,25,true)
(202,25,true)
(203,25,true)
(204,25,true)
(205,25,true)
(212,25,true)
(214,25,true)
(218,25,true)
(224,25,true)
(226,25,true)
(227,25,true)
(228,25,true)
(231,25,true)
(233,25,true)
(234,25,true)
(236,25,true)
(238,25,true)
(239,25,true)
(241,25,true)
(246,25,true)
(250,25,true)
(253,25,true)
(255,25,true)
(256,25,true)
(257,25,true)
(266,25,true)
(276,25,true)
(286,25,true)
(288,25,true)
(290,25,true)
(294,25,true)
(296,25,true)
(298,25,true)
(2,26,false)
(9,26,false)
(11,26,false)
(16,26,false)
(25,26,false)
(37,26,false)
(45,26,false)
(49,26,false)
(50,26,false)
(53,26,false)
(55,26,true)
(57,26,true)
(62,26,true)
(64,26,true)
(66,26,true)
(68,26,true)
(69,26,true)
(73,26,true)
(75,26,true)
(77,26,true)
(78,26,true)
(79,26,true)
(80,26,true)
(84,26,true)
(86,26,true)
(91,26,true)
(92,26,true)
(95,26,false)
(98,26,true)
(100,26,true)
(113,26,true)
(121,26,true)
(123,26,true)
(131,26,true)
(133,26,true)
(135,26,true)
(136,26,true)
(144,26,true)
(145,26,true)
(146,26,true)
(147,26,true)
(148,26,true)
(153,26,true)
(156,26,false)
(160,26,true)
(161,26,true)
(163,26,false)
(167,26,true)
(169,26,true)
(171,26,true)
(172,26,true)
(174,26,true)
(187,26,true)
(197,26,true)
(200,26,true)
(201,26,true)
(202,26,true)
(212,26,true)
(214,26,true)
(215,26,true)
(217,26,true)
(228,26,true)
(230,26,true)
(234,26,true)
(236,26,true)
(248,26,true)
(254,26,true)
(264,26,true)
(265,26,true)
(266,26,true)
(272,26,true)
(274,26,true)
(277,26,true)
(280,26,true)
(286,26,true)
(294,26,true)
(3,27,false)
(13,27,false)
(18,27,false)
(19,27,false)
(22,27,true)
(25,27,false)
(26,27,false)
(27,27,false)
(32,27,false)
(33,27,false)
(39,27,false)
(46,27,false)
(58,27,false)
(61,27,true)
(64,27,true)
(65,27,true)
(70,27,true)
(71,27,true)
(78,27,true)
(80,27,true)
(82,27,true)
(86,27,true)
(87,27,true)
(88,27,true)
(91,27,false)
(92,27,true)
(95,27,true)
(97,27,true)
(102,27,true)
(105,27,true)
(107,27,true)
(108,27,true)
(138,27,true)
(140,27,true)
(151,27,true)
(161,27,true)
(164,27,true)
(172,27,true)
(174,27,true)
(175,27,true)
(184,27,true)
(185,27,true)
(186,27,true)
(191,27,true)
(193,27,true)
(195,27,true)
(198,27,true)
(199,27,true)
(211,27,true)
(212,27,true)
(219,27,true)
(226,27,false)
(227,27,true)
(228,27,true)
(236,27,true)
(237,27,true)
(239,27,true)
(242,27,true)
(243,27,true)
(248,27,true)
(252,27,true)
(253,27,true)
(256,27,true)
(258,27,true)
(262,27,true)
(263,27,false)
(267,27,true)
(277,27,true)
(281,27,true)
(282,27,true)
(291,27,true)
(299,27,true)
(2,28,false)
(5,28,false)
(17,28,false)
(18,28,false)
(25,28,false)
(31,28,false)
(32,28,false)
(35,28,false)
(40,28,false)
(50,28,false)
(51,28,false)
(52,28,false)
(59,28,false)
(62,28,true)
(63,28,true)
(68,28,true)
(69,28,true)
(74,28,true)
(81,28,true)
(82,28,true)
(87,28,true)
(91,28,true)
(94,28,true)
(95,28,true)
(96,28,true)
(104,28,true)
(106,28,true)
(108,28,true)
(112,28,true)
(114,28,true)
(123,28,true)
(125,28,true)
(126,28,true)
(128,28,true)
(131,28,true)
(132,28,true)
(133,28,true)
(140,28,true)
(144,28,true)
(152,28,true)
(160,28,true)
(161,28,true)
(162,28,true)
(163,28,true)
(165,28,true)
(168,28,true)
(169,28,true)
(178,28,true)
(179,28,true)
(188,28,false)
(191,28,true)
(193,28,true)
(196,28,true)
(197,28,true)
(203,28,true)
(211,28,true)
(214,28,true)
(217,28,true)
(221,28,true)
(222,28,true)
(223,28,true)
(224,28,true)
(236,28,true)
(258,28,true)
(274,28,true)
(276,28,true)
(277,28,false)
(289,28,true)
(299,28,true)
(9,29,false)
(15,29,false)
(16,29,false)
(21,29,false)
(22,29,true)
(24,29,false)
(31,29,false)
(35,29,false)
(37,29,false)
(41,29,false)
(42,29,false)
(44,29,false)
(56,29,false)
(61,29,true)
(65,29,true)
(66,29,true)
(69,29,true)
(74,29,true)
(77,29,true)
(78,29,true)
(79,29,true)
(83,29,true)
(85,29,true)
(91,29,true)
(95,29,true)
(97,29,true)
(102,29,true)
(111,29,true)
(114,29,true)
(131,29,true)
(134,29,true)
(135,29,true)
(137,29,true)
(141,29,true)
(142,29,true)
(143,29,true)
(145,29,true)
(151,29,true)
(152,29,true)
(154,29,true)
(158,29,true)
(160,29,true)
(163,29,true)
(169,29,true)
(173,29,true)
(178,29,true)
(191,29,true)
(193,29,true)
(202,29,true)
(207,29,true)
(211,29,true)
(215,29,true)
(216,29,true)
(218,29,true)
(224,29,true)
(228,29,true)
(229,29,true)
(230,29,true)
(237,29,true)
(239,29,true)
(240,29,true)
(246,29,true)
(247,29,true)
(250,29,true)
(251,29,true)
(255,29,true)
(279,29,true)
(280,29,true)
(1,30,false)
(8,30,false)
(12,30,true)
(14,30,false)
(24,30,false)
(31,30,false)
(33,30,false)
(38,30,false)
(39,30,false)
(40,30,false)
(41,30,true)
(44,30,false)
(45,30,false)
(48,30,false)
(52,30,false)
(57,30,false)
(67,30,true)
(72,30,true)
(73,30,true)
(82,30,true)
(83,30,true)
(87,30,true)
(90,30,true)
(95,30,true)
(102,30,true)
(106,30,true)
(109,30,true)
(110,30,true)
(120,30,true)
(123,30,true)
(126,30,true)
(128,30,true)
(129,30,false)
(135,30,true)
(153,30,true)
(166,30,true)
(169,30,false)
(171,30,true)
(174,30,true)
(175,30,true)
(178,30,true)
(183,30,true)
(186,30,true)
(189,30,true)
(197,30,true)
(202,30,true)
(207,30,true)
(210,30,true)
(212,30,true)
(217,30,true)
(226,30,true)
(244,30,true)
(247,30,true)
(250,30,true)
(253,30,false)
(258,30,true)
(267,30,true)
(268,30,true)
(275,30,true)
(277,30,true)
(279,30,true)
(280,30,true)
(282,30,true)
(284,30,true)
(288,30,true)
(293,30,true)
(294,30,true)
(295,30,true)
(296,30,true)
(297,30,true)
(298,30,true)
(2,31,false)
(6,31,false)
(12,31,false)
(13,31,false)
(14,31,false)
(15,31,false)
(16,31,false)
(20,31,false)
(21,31,false)
(22,31,false)
(26,31,false)
(32,31,false)
(33,31,false)
(38,31,false)
(43,31,false)
(48,31,false)
(49,31,false)
(51,31,false)
(54,31,false)
(64,31,true)
(65,31,false)
(69,31,true)
(71,31,true)
(72,31,true)
(80,31,true)
(82,31,true)
(92,31,true)
(94,31,true)
(95,31,true)
(97,31,true)
(102,31,true)
(104,31,true)
(106,31,true)
(108,31,true)
(113,31,true)
(116,31,true)
(124,31,true)
(126,31,true)
(129,31,true)
(133,31,true)
(136,31,true)
(143,31,true)
(144,31,true)
(145,31,true)
(146,31,true)
(149,31,true)
(152,31,true)
(155,31,true)
(157,31,true)
(158,31,true)
(160,31,true)
(167,31,true)
(171,31,true)
(176,31,true)
(180,31,true)
(181,31,true)
(182,31,true)
(183,31,true)
(184,31,true)
(185,31,true)
(197,31,true)
(202,31,true)
(203,31,true)
(206,31,true)
(216,31,true)
(217,31,true)
(218,31,false)
(226,31,true)
(229,31,true)
(233,31,true)
(236,31,true)
(246,31,true)
(247,31,true)
(248,31,true)
(251,31,true)
(252,31,true)
(254,31,true)
(258,31,true)
(260,31,true)
(268,31,true)
(269,31,true)
(275,31,true)
(286,31,true)
(287,31,true)
(288,31,true)
(297,31,true)
(298,31,true)
(6,32,false)
(8,32,false)
(9,32,false)
(18,32,false)
(21,32,false)
(22,32,false)
(23,32,false)
(25,32,false)
(28,32,true)
(29,32,false)
(31,32,false)
(40,32,false)
(58,32,false)
(63,32,true)
(67,32,true)
(68,32,true)
(89,32,true)
(91,32,true)
(94,32,true)
(105,32,true)
(113,32,true)
(123,32,true)
(126,32,true)
(129,32,true)
(131,32,true)
(133,32,true)
(140,32,true)
(141,32,true)
(142,32,true)
(143,32,true)
(146,32,true)
(149,32,true)
(153,32,true)
(162,32,true)
(163,32,true)
(169,32,true)
(172,32,true)
(179,32,true)
(181,32,true)
(182,32,true)
(188,32,true)
(193,32,true)
(203,32,true)
(204,32,true)
(205,32,true)
(223,32,true)
(235,32,true)
(237,32,true)
(247,32,true)
(248,32,false)
(255,32,true)
(256,32,true)
(257,32,true)
(258,32,false)
(261,32,true)
(267,32,true)
(269,32,true)
(276,32,true)
(279,32,true)
(283,32,true)
(285,32,true)
(287,32,true)
(289,32,true)
(290,32,true)
(294,32,true)
(295,32,true)
(299,32,true)
(3,33,false)
(5,33,false)
(10,33,false)
(12,33,false)
(20,33,false)
(24,33,false)
(27,33,false)
(30,33,false)
(31,33,false)
(36,33,false)
(38,33,false)
(46,33,true)
(51,33,false)
(52,33,false)
(53,33,false)
(56,33,true)
(67,33,true)
(70,33,false)
(72,33,true)
(73,33,true)
(74,33,true)
(75,33,true)
(84,33,true)
(94,33,true)
(95,33,true)
(103,33,true)
(112,33,true)
(116,33,true)
(120,33,true)
(129,33,true)
(130,33,true)
(133,33,true)
(137,33,true)
(141,33,true)
(144,33,true)
(146,33,true)
(153,33,true)
(156,33,true)
(160,33,true)
(167,33,true)
(169,33,true)
(178,33,true)
(179,33,true)
(183,33,true)
(194,33,true)
(205,33,true)
(207,33,true)
(209,33,true)
(213,33,true)
(215,33,true)
(217,33,true)
(222,33,true)
(227,33,true)
(239,33,true)
(242,33,true)
(249,33,false)
(250,33,true)
(263,33,true)
(269,33,true)
(271,33,true)
(273,33,true)
(274,33,true)
(276,33,true)
(280,33,true)
(285,33,true)
(289,33,true)
(290,33,true)
(1,34,false)
(2,34,false)
(3,34,false)
(14,34,false)
(16,34,false)
(29,34,false)
(30,34,false)
(33,34,false)
(47,34,true)
(50,34,true)
(51,34,false)
(54,34,false)
(58,34,false)
(59,34,false)
(60,34,true)
(61,34,true)
(65,34,true)
(66,34,true)
(68,34,true)
(79,34,true)
(81,34,true)
(82,34,true)
(96,34,false)
(101,34,true)
(102,34,true)
(105,34,true)
(110,34,true)
(112,34,false)
(115,34,true)
(121,34,true)
(126,34,true)
(131,34,true)
(132,34,true)
(135,34,true)
(142,34,true)
(146,34,true)
(150,34,true)
(154,34,false)
(159,34,true)
(177,34,false)
(180,34,true)
(195,34,true)
(196,34,true)
(201,34,false)
(205,34,true)
(206,34,true)
(208,34,true)
(213,34,true)
(214,34,true)
(215,34,true)
(217,34,true)
(225,34,true)
(232,34,true)
(245,34,true)
(246,34,true)
(247,34,true)
(250,34,true)
(261,34,true)
(262,34,true)
(263,34,true)
(268,34,true)
(277,34,true)
(285,34,true)
(291,34,false)
(295,34,true)
(296,34,true)
(1,35,false)
(3,35,false)
(4,35,false)
(12,35,true)
(14,35,false)
(21,35,false)
(26,35,false)
(39,35,false)
(40,35,false)
(46,35,false)
(47,35,false)
(48,35,false)
(56,35,false)
(57,35,true)
(58,35,false)
(59,35,false)
(63,35,true)
(69,35,true)
(70,35,true)
(76,35,true)
(77,35,true)
(78,35,true)
(79,35,true)
(84,35,true)
(85,35,true)
(86,35,true)
(90,35,true)
(95,35,true)
(96,35,true)
(97,35,true)
(98,35,true)
(102,35,true)
(103,35,false)
(105,35,true)
(115,35,true)
(116,35,true)
(118,35,true)
(119,35,true)
(121,35,true)
(122,35,true)
(124,35,true)
(135,35,true)
(136,35,true)
(144,35,true)
(151,35,true)
(154,35,true)
(157,35,true)
(172,35,true)
(176,35,true)
(180,35,true)
(182,35,true)
(187,35,true)
(191,35,true)
(197,35,true)
(202,35,true)
(203,35,true)
(211,35,true)
(217,35,true)
(221,35,true)
(228,35,true)
(236,35,true)
(237,35,true)
(240,35,true)
(241,35,true)
(253,35,true)
(255,35,true)
(256,35,true)
(257,35,true)
(261,35,true)
(263,35,false)
(264,35,true)
(267,35,true)
(269,35,true)
(271,35,true)
(279,35,true)
(280,35,true)
(283,35,true)
(296,35,true)
(298,35,true)
(2,36,false)
(9,36,false)
(17,36,false)
(19,36,false)
(23,36,false)
(26,36,false)
(30,36,false)
(31,36,false)
(42,36,false)
(44,36,false)
(45,36,true)
(55,36,false)
(56,36,false)
(60,36,true)
(62,36,true)
(63,36,false)
(77,36,false)
(79,36,true)
(81,36,true)
(82,36,true)
(83,36,true)
(90,36,true)
(92,36,true)
(96,36,true)
(100,36,true)
(106,36,true)
(107,36,true)
(109,36,false)
(110,36,true)
(112,36,true)
(113,36,true)
(124,36,true)
(126,36,true)
(129,36,true)
(132,36,true)
(136,36,true)
(146,36,true)
(166,36,true)
(169,36,true)
(175,36,true)
(181,36,true)
(187,36,true)
(193,36,false)
(196,36,true)
(201,36,true)
(206,36,true)
(207,36,true)
(209,36,true)
(210,36,true)
(211,36,false)
(213,36,true)
(214,36,true)
(219,36,true)
(225,36,true)
(227,36,true)
(234,36,true)
(240,36,true)
(242,36,true)
(250,36,true)
(252,36,true)
(256,36,true)
(257,36,true)
(259,36,true)
(273,36,true)
(277,36,true)
(281,36,true)
(283,36,true)
(299,36,true)
(0,37,false)
(1,37,false)
(2,37,false)
(7,37,false)
(22,37,false)
(43,37,false)
(47,37,true)
(54,37,false)
(55,37,false)
(57,37,false)
(59,37,false)
(67,37,true)
(71,37,true)
(76,37,true)
(78,37,true)
(83,37,false)
(85,37,true)
(89,37,true)
(102,37,true)
(106,37,true)
(107,37,true)
(112,37,true)
(113,37,false)
(114,37,true)
(117,37,true)
(118,37,true)
(126,37,true)
(130,37,true)
(132,37,false)
(138,37,true)
(139,37,true)
(140,37,true)
(144,37,true)
(147,37,true)
(153,37,true)
(156,37,true)
(158,37,true)
(161,37,true)
(162,37,true)
(174,37,true)
(181,37,true)
(183,37,true)
(184,37,true)
(189,37,true)
(195,37,true)
(199,37,true)
(200,37,true)
(206,37,true)
(207,37,true)
(210,37,true)
(219,37,true)
(222,37,true)
(224,37,true)
(237,37,true)
(239,37,true)
(240,37,true)
(241,37,true)
(242,37,true)
(248,37,true)
(251,37,true)
(252,37,true)
(266,37,false)
(273,37,true)
(282,37,true)
(284,37,true)
(285,37,true)
(10,38,true)
(11,38,false)
(15,38,false)
(22,38,false)
(24,38,false)
(25,38,false)
(29,38,false)
(33,38,false)
(37,38,false)
(43,38,true)
(48,38,true)
(50,38,true)
(53,38,false)
(56,38,false)
(59,38,false)
(72,38,true)
(75,38,true)
(78,38,false)
(79,38,true)
(82,38,true)
(85,38,true)
(95,38,true)
(97,38,true)
(100,38,true)
(105,38,true)
(106,38,true)
(110,38,true)
(117,38,false)
(126,38,true)
(127,38,true)
(128,38,false)
(131,38,true)
(132,38,true)
(136,38,true)
(142,38,true)
(146,38,true)
(148,38,true)
(156,38,true)
(158,38,true)
(162,38,true)
(168,38,true)
(176,38,true)
(182,38,true)
(183,38,true)
(184,38,true)
(186,38,true)
(187,38,true)
(189,38,true)
(191,38,true)
(193,38,false)
(195,38,true)
(202,38,false)
(205,38,false)
(215,38,true)
(218,38,true)
(232,38,true)
(255,38,true)
(257,38,true)
(259,38,true)
(260,38,true)
(261,38,true)
(262,38,true)
(264,38,true)
(267,38,true)
(273,38,true)
(280,38,true)
(287,38,true)
(294,38,true)
(1,39,false)
(3,39,false)
(7,39,false)
(8,39,false)
(13,39,false)
(14,39,false)
(18,39,false)
(19,39,false)
(22,39,false)
(24,39,false)
(26,39,false)
(28,39,false)
(30,39,false)
(36,39,false)
(39,39,false)
(41,39,false)
(44,39,false)
(45,39,false)
(46,39,false)
(49,39,false)
(52,39,false)
(57,39,false)
(61,39,true)
(65,39,true)
(79,39,true)
(88,39,true)
(90,39,true)
(92,39,true)
(101,39,true)
(104,39,true)
(105,39,true)
(117,39,true)
(118,39,true)
(120,39,true)
(121,39,true)
(127,39,true)
(130,39,true)
(131,39,true)
(134,39,true)
(136,39,true)
(141,39,true)
(144,39,true)
(149,39,true)
(153,39,true)
(170,39,true)
(173,39,true)
(174,39,false)
(177,39,true)
(187,39,true)
(188,39,true)
(191,39,true)
(194,39,true)
(196,39,false)
(198,39,true)
(205,39,true)
(206,39,false)
(209,39,true)
(211,39,true)
(213,39,true)
(214,39,true)
(237,39,true)
(246,39,true)
(247,39,true)
(250,39,true)
(252,39,true)
(253,39,true)
(255,39,true)
(259,39,true)
(260,39,true)
(263,39,true)
(265,39,true)
(267,39,true)
(271,39,true)
(281,39,true)
(282,39,true)
(287,39,true)
(292,39,true)
(293,39,false)
(295,39,true)
(296,39,true)
(4,40,false)
(11,40,false)
(16,40,false)
(21,40,false)
(23,40,false)
(29,40,false)
(49,40,false)
(58,40,false)
(65,40,true)
(66,40,true)
(68,40,true)
(71,40,true)
(84,40,true)
(91,40,true)
(92,40,true)
(93,40,true)
(94,40,true)
(97,40,true)
(103,40,true)
(104,40,true)
(110,40,true)
(124,40,true)
(132,40,true)
(154,40,true)
(156,40,true)
(164,40,true)
(165,40,true)
(166,40,false)
(175,40,true)
(178,40,true)
(179,40,true)
(182,40,true)
(186,40,true)
(187,40,true)
(189,40,true)
(191,40,true)
(197,40,true)
(199,40,true)
(201,40,true)
(208,40,true)
(210,40,false)
(212,40,true)
(214,40,true)
(217,40,true)
(218,40,true)
(220,40,true)
(231,40,true)
(232,40,true)
(235,40,true)
(236,40,true)
(241,40,true)
(246,40,true)
(254,40,true)
(255,40,true)
(258,40,true)
(260,40,true)
(265,40,true)
(270,40,false)
(281,40,true)
(284,40,true)
(289,40,true)
(295,40,true)
(297,40,true)
(3,41,false)
(5,41,false)
(7,41,false)
(15,41,false)
(20,41,false)
(31,41,false)
(34,41,false)
(39,41,false)
(51,41,false)
(57,41,false)
(66,41,true)
(68,41,true)
(73,41,true)
(76,41,true)
(89,41,true)
(97,41,true)
(99,41,true)
(101,41,true)
(102,41,true)
(104,41,false)
(105,41,true)
(110,41,true)
(111,41,true)
(112,41,true)
(113,41,true)
(116,41,true)
(118,41,true)
(120,41,true)
(121,41,false)
(124,41,true)
(125,41,true)
(127,41,true)
(133,41,false)
(134,41,true)
(141,41,true)
(143,41,true)
(145,41,true)
(151,41,true)
(165,41,true)
(167,41,true)
(170,41,true)
(173,41,true)
(174,41,true)
(178,41,true)
(179,41,true)
(182,41,true)
(183,41,true)
(187,41,true)
(189,41,true)
(190,41,true)
(192,41,true)
(207,41,true)
(208,41,true)
(210,41,true)
(221,41,true)
(222,41,true)
(223,41,true)
(226,41,true)
(227,41,true)
(232,41,true)
(233,41,true)
(234,41,true)
(241,41,true)
(242,41,true)
(243,41,true)
(245,41,true)
(249,41,true)
(251,41,false)
(253,41,false)
(254,41,true)
(256,41,true)
(260,41,true)
(261,41,true)
(265,41,true)
(267,41,true)
(274,41,true)
(277,41,true)
(284,41,true)
(285,41,true)
(289,41,true)
(291,41,true)
(299,41,true)
(3,42,false)
(8,42,false)
(17,42,false)
(22,42,false)
(23,42,false)
(31,42,false)
(36,42,false)
(38,42,false)
(43,42,false)
(52,42,false)
(57,42,false)
(61,42,true)
(64,42,true)
(69,42,true)
(73,42,true)
(76,42,true)
(77,42,true)
(80,42,true)
(82,42,true)
(86,42,true)
(88,42,true)
(89,42,true)
(94,42,true)
(96,42,true)
(97,42,true)
(100,42,true)
(102,42,true)
(106,42,true)
(111,42,true)
(114,42,true)
(120,42,true)
(125,42,true)
(126,42,true)
(130,42,true)
(139,42,true)
(141,42,true)
(143,42,true)
(144,42,true)
(145,42,true)
(146,42,true)
(148,42,true)
(154,42,true)
(162,42,true)
(167,42,true)
(172,42,false)
(173,42,true)
(178,42,true)
(183,42,true)
(186,42,true)
(193,42,true)
(198,42,true)
(201,42,true)
(207,42,true)
(208,42,false)
(214,42,true)
(216,42,true)
(221,42,false)
(227,42,true)
(235,42,true)
(237,42,true)
(239,42,true)
(242,42,true)
(243,42,true)
(247,42,true)
(253,42,true)
(258,42,true)
(264,42,true)
(265,42,true)
(267,42,true)
(268,42,true)
(270,42,true)
(273,42,true)
(279,42,true)
(288,42,true)
(289,42,true)
(291,42,true)
(295,42,true)
(0,43,false)
(2,43,false)
(5,43,false)
(9,43,false)
(12,43,false)
(13,43,false)
(20,43,false)
(24,43,false)
(26,43,false)
(34,43,false)
(45,43,false)
(51,43,false)
(52,43,false)
(55,43,false)
(61,43,true)
(62,43,true)
(63,43,true)
(67,43,true)
(72,43,false)
(78,43,true)
(85,43,true)
(86,43,true)
(91,43,true)
(100,43,true)
(105,43,true)
(107,43,true)
(109,43,true)
(115,43,true)
(119,43,true)
(120,43,true)
(125,43,true)
(126,43,true)
(128,43,true)
(130,43,true)
(134,43,true)
(145,43,true)
(149,43,true)
(151,43,true)
(154,43,true)
(155,43,true)
(168,43,true)
(169,43,true)
(170,43,true)
(174,43,true)
(191,43,true)
(199,43,true)
(200,43,true)
(212,43,true)
(217,43,true)
(219,43,true)
(225,43,true)
(226,43,true)
(227,43,true)
(232,43,true)
(236,43,true)
(242,43,true)
(245,43,true)
(246,43,true)
(248,43,true)
(260,43,true)
(263,43,true)
(264,43,true)
(268,43,true)
(269,43,true)
(271,43,true)
(273,43,true)
(275,43,true)
(280,43,true)
(283,43,true)
(284,43,false)
(289,43,true)
(295,43,true)
(9,44,false)
(16,44,false)
(19,44,false)
(25,44,false)
(27,44,false)
(32,44,false)
(36,44,false)
(42,44,false)
(49,44,false)
(53,44,false)
(56,44,false)
(62,44,true)
(64,44,true)
(67,44,true)
(69,44,true)
(72,44,true)
(74,44,true)
(76,44,true)
(78,44,true)
(81,44,true)
(91,44,true)
(106,44,true)
(111,44,true)
(123,44,true)
(128,44,true)
(131,44,true)
(140,44,true)
(143,44,true)
(144,44,true)
(145,44,true)
(152,44,true)
(163,44,false)
(167,44,true)
(169,44,true)
(179,44,true)
(182,44,true)
(187,44,true)
(188,44,true)
(195,44,true)
(205,44,true)
(206,44,true)
(210,44,true)
(211,44,true)
(213,44,true)
(216,44,true)
(224,44,true)
(233,44,true)
(236,44,true)
(248,44,true)
(252,44,true)
(263,44,false)
(267,44,true)
(269,44,false)
(282,44,true)
(286,44,true)
(287,44,true)
(290,44,true)
(293,44,true)
(294,44,true)
(295,44,true)
(0,45,false)
(1,45,false)
(13,45,false)
(15,45,false)
(18,45,false)
(22,45,false)
(26,45,false)
(29,45,false)
(30,45,false)
(35,45,false)
(37,45,false)
(38,45,false)
(39,45,false)
(44,45,false)
(45,45,false)
(47,45,true)
(51,45,false)
(54,45,false)
(56,45,false)
(59,45,false)
(62,45,true)
(67,45,true)
(69,45,true)
(74,45,true)
(75,45,true)
(78,45,true)
(82,45,true)
(83,45,true)
(88,45,true)
(89,45,true)
(90,45,true)
(99,45,true)
(106,45,true)
(108,45,true)
(109,45,true)
(114,45,true)
(119,45,true)
(120,45,true)
(132,45,false)
(137,45,true)
(138,45,true)
(141,45,true)
(148,45,true)
(149,45,true)
(151,45,true)
(156,45,true)
(159,45,true)
(163,45,true)
(176,45,false)
(181,45,true)
(184,45,true)
(188,45,true)
(190,45,true)
(192,45,true)
(194,45,true)
(197,45,true)
(203,45,true)
(205,45,true)
(207,45,true)
(213,45,true)
(216,45,true)
(222,45,true)
(227,45,true)
(228,45,true)
(230,45,true)
(234,45,true)
(235,45,true)
(247,45,true)
(253,45,false)
(254,45,false)
(262,45,true)
(271,45,true)
(272,45,true)
(285,45,true)
(287,45,true)
(288,45,true)
(290,45,true)
(294,45,true)
(296,45,false)
(297,45,true)
(1,46,false)
(2,46,false)
(4,46,false)
(7,46,false)
(14,46,false)
(20,46,false)
(27,46,false)
(33,46,false)
(35,46,false)
(40,46,false)
(43,46,false)
(44,46,false)
(47,46,false)
(53,46,true)
(57,46,false)
(64,46,true)
(65,46,true)
(68,46,true)
(69,46,true)
(70,46,true)
(74,46,true)
(75,46,true)
(81,46,true)
(86,46,true)
(93,46,true)
(97,46,false)
(101,46,true)
(106,46,true)
(109,46,true)
(111,46,true)
(115,46,true)
(120,46,true)
(124,46,true)
(125,46,true)
(129,46,true)
(130,46,true)
(135,46,true)
(136,46,true)
(144,46,true)
(148,46,true)
(151,46,true)
(154,46,true)
(155,46,true)
(156,46,true)
(159,46,true)
(160,46,true)
(172,46,true)
(179,46,true)
(180,46,true)
(193,46,true)
(194,46,true)
(198,46,false)
(203,46,true)
(205,46,true)
(206,46,true)
(209,46,true)
(211,46,true)
(223,46,true)
(232,46,true)
(239,46,true)
(241,46,true)
(250,46,true)
(252,46,true)
(254,46,true)
(258,46,true)
(263,46,true)
(264,46,true)
(268,46,true)
(269,46,true)
(276,46,false)
(287,46,true)
(289,46,true)
(290,46,true)
(291,46,true)
(298,46,true)
(299,46,true)
(2,47,false)
(4,47,false)
(10,47,true)
(20,47,false)
(21,47,false)
(23,47,false)
(37,47,false)
(39,47,false)
(41,47,false)
(42,47,false)
(44,47,false)
(47,47,false)
(50,47,false)
(53,47,false)
(55,47,false)
(56,47,false)
(68,47,true)
(70,47,false)
(73,47,true)
(76,47,true)
(77,47,true)
(80,47,true)
(83,47,true)
(86,47,true)
(89,47,true)
(93,47,true)
(97,47,true)
(107,47,false)
(117,47,true)
(118,47,true)
(127,47,true)
(143,47,true)
(148,47,true)
(150,47,true)
(163,47,true)
(164,47,true)
(167,47,true)
(170,47,true)
(177,47,true)
(182,47,true)
(185,47,true)
(194,47,true)
(196,47,true)
(203,47,true)
(205,47,true)
(208,47,true)
(209,47,true)
(214,47,true)
(215,47,true)
(219,47,true)
(223,47,true)
(224,47,true)
(237,47,true)
(255,47,true)
(257,47,true)
(262,47,true)
(268,47,true)
(270,47,true)
(277,47,true)
(284,47,true)
(286,47,true)
(287,47,true)
(289,47,true)
(290,47,true)
(291,47,true)
(296,47,true)
(298,47,true)

(26,44)
(191,34)
(11,33)
(169,38)
(171,4)
(0,41)
(193,43)
(263,37)
(103,10)
(152,42)
(140,29)
(221,25)
(143,23)
(21,34)
(28,47)
(68,37)
(297,42)
(17,34)
(285,47)
(55,4)
(292,8)
(128,16)
(168,36)
(233,33)
(239,2)
(64,10)
(283,25)
(135,17)
(213,19)
(253,11)
(142,13)
(131,25)
(44,37)
(33,3)
(205,26)
(103,38)
(83,39)
(240,41)
(3,2)
(13,2)
(209,9)
(118,17)
(285,9)
(181,20)
(81,17)
(113,35)
(242,20)
(151,9)
(292,34)
(252,47)
(249,35)
(188,40)
(165,20)
(69,27)
(183,15)
(40,5)
(112,18)
(246,6)
(218,33)
(239,14)
(200,18)
(68,3)
(167,18)
(182,22)
(135,28)
(146,43)
(86,2)
(55,2)
(230,23)
(200,31)
(5,47)
(109,38)
(113,46)
(203,38)
(260,30)
(203,39)
(80,40)
(52,40)
(122,29)
(84,42)
(114,46)
(78,25)
(270,28)
(76,40)
(23,35)
(177,28)
(65,23)
(119,40)
(229,43)
(58,31)
(21,3)
(181,19)
(239,43)
(246,12)
(34,36)
(51,10)
(93,36)
(220,12)
(292,25)
(42,30)
(28,30)
(233,21)
(175,6)
(236,11)
(43,1)
(113,4)
(189,28)
(39,3)
(148,33)
(153,12)
(232,4)
(34,0)
(298,7)
(196,29)
(133,4)
(274,34)
(253,1)
(142,1)
(293,32)
(124,18)
(282,11)
(181,44)
(177,18)
(23,3)
(90,9)
(64,19)
(158,36)
(291,17)
(249,39)
(109,32)
(265,38)
(180,22)
(154,26)
(244,40)
(122,34)
(237,3)
(29,26)
(265,45)
(174,25)
(57,13)
(273,26)
(108,14)
(25,3)
(21,24)
(120,12)
(20,7)
(93,32)
(252,34)
(4,15)
(268,17)
(88,46)
(140,47)
(192,33)
(158,40)
(77,8)
(81,0)
(193,11)
(147,14)
(228,41)
(93,15)
(298,8)
(108,15)
(242,1)
(32,36)
(225,19)
(180,45)
(15,39)
(266,41)
(234,33)
(72,11)
(292,11)
(91,16)
(39,7)
(226,47)
(134,26)
(299,26)
(77,27)
(136,12)
(49,12)
(211,2)
(18,33)
(107,29)
(111,17)
(48,14)
(51,11)
(48,11)
(286,41)
(187,37)
(74,1)
(61,18)
(114,4)
(86,20)
(261,37)
(282,4)
(141,13)
(146,14)
(280,8)
(109,10)
(60,29)
(237,30)
(153,21)
(206,26)
(131,40)
(288,36)
(106,26)
(299,10)
(178,25)
(3,17)
(69,37)
(182,3)
(188,33)
(239,40)
(143,3)
(51,17)
(16,17)
(194,1)
(202,12)
(90,46)
(22,36)
(268,37)
(98,9)
(219,15)
(176,10)
(12,3)
(99,34)
(188,35)
(235,25)
(35,22)
(74,23)
(44,38)
(191,20)
(153,18)
(139,18)
(139,26)
(276,16)
(113,17)
(190,29)
(202,44)
(290,11)
(159,10)
(163,40)
(32,43)
(254,12)
(173,13)
(245,29)
(212,14)
(172,25)
(185,45)
(81,33)
(273,34)
(294,16)
(295,29)
(220,9)
(52,3)
(142,5)
(228,18)
(23,23)
(164,6)
(292,9)
(253,36)
(34,19)
(33,44)
(33,28)
(34,20)
(272,10)
(80,20)
(264,41)
(63,8)
(216,34)
(24,44)
(105,1)
(11,6)
(6,47)
(177,37)
(272,29)
(201,7)
(261,4)
(14,32)
(10,34)
(179,47)
(25,13)
(38,29)
(271,42)
(201,3)
(11,44)
(14,27)
(137,12)
(64,34)
(64,43)
(119,26)
(215,13)
(105,10)
(1,42)
(30,9)
(23,9)
(94,6)
(42,6)
(77,31)
(255,9)
(96,41)
(32,25)
(173,34)
(185,22)
(179,21)
(288,22)
(243,17)
(249,21)
(148,23)
(46,22)
(155,13)
(131,13)
(28,10)
(104,10)
(132,13)
(34,15)
(175,1)
(9,45)
(180,2)
(231,38)
(209,27)
(119,27)
(108,47)
(286,43)
(20,19)
(145,2)
(27,12)
(281,17)
(173,11)
(41,37)
(38,41)
(213,14)
(99,46)
(147,41)
(48,25)
(117,1)
(90,32)
(117,41)
(81,42)
(297,24)
(188,31)
(28,29)
(19,14)
(164,26)
(182,26)
(39,15)
(280,32)
(254,19)
(256,2)
(104,47)
(121,4)
(274,0)
(240,14)
(275,23)
(152,4)
(214,1)
(181,7)
(205,16)
(136,29)
(33,16)
(208,10)
(260,12)
(59,4)
(218,45)
(234,28)
(11,15)
(128,5)
(167,34)
(221,32)
(274,40)
(149,3)
(132,12)
(43,10)
(226,2)
(293,38)
(140,4)
(97,10)
(145,5)
(65,11)
(190,23)
(5,44)
(15,15)
(14,13)
(256,31)
(21,33)
(110,32)
(276,31)
(295,10)
(2,8)
(93,33)
(92,2)
(145,39)
(99,2)
(20,11)
(194,42)
(271,9)
(243,8)
(183,19)
(55,6)
(161,11)
(92,32)
(294,42)
(130,30)
(63,7)
(298,39)
(266,10)
(233,37)
(18,40)
(1,22)
(279,39)
(197,11)
(176,26)
(119,18)
(283,26)
(207,27)
(286,1)
(101,3)
(295,25)
(96,24)
(64,40)
(28,15)
(273,7)
(6,3)
(263,25)
(218,14)
(177,10)
(239,35)
(262,16)
(119,37)
(292,13)
(20,18)
(237,10)
(63,20)
(212,31)
(291,0)
(164,33)
(157,40)
(73,27)
(289,6)
(82,46)
(186,5)
(244,29)
(221,8)
(268,0)
(30,41)
(243,13)
(244,5)
(148,20)
(195,29)
(296,36)
(69,17)
(136,41)
(222,24)
(221,33)
(188,19)
(258,6)
(191,15)
(240,39)
(151,26)
(105,17)
(268,19)
(182,14)
(285,35)
(217,32)
(176,16)
(107,2)
(65,10)
(19,22)
(146,6)
(96,18)
(23,18)
(103,39)
(181,46)
(24,46)
(56,28)
(291,12)
(239,12)
(169,39)
(179,29)
(199,1)
(112,16)
(62,46)
(276,7)
(53,2)
(148,34)
(94,39)
(215,35)
(101,14)
(296,40)
(198,16)
(185,24)
(253,40)
(133,29)
(87,31)
(183,20)
(189,26)
(45,34)
(284,18)
(168,45)
(3,11)
(22,1)
(295,7)
(193,17)
(264,3)
(27,39)
(274,9)
(117,16)
(143,40)
(110,4)
(277,7)
(46,2)
(240,40)
(245,1)
(148,2)
(220,5)
(216,8)
(92,1)
(208,25)
(162,12)
(137,9)
(43,4)
(20,27)
(283,8)
(256,20)
(99,17)
(184,28)
(257,17)
(45,27)
(142,19)
(42,17)
(58,36)
(120,3)
(126,14)
(7,34)
(12,14)
(12,7)
(192,16)
(89,33)
(267,18)
(168,26)
(209,19)
(65,7)
(188,42)
(233,26)
(9,10)
(87,1)
(6,2)
(167,25)
(122,31)
(198,32)
(289,5)
(210,11)
(112,25)
(194,28)
(107,12)
(148,0)
(168,37)
(11,5)
(264,0)
(117,5)
(127,8)
(259,14)
(19,23)
(281,13)
(251,11)
(254,44)
(57,28)
(131,4)
(276,47)
(246,17)
(96,13)
(164,12)
(94,2)
(223,19)
(53,0)
(251,30)
(182,15)
(90,8)
(251,0)
(249,44)
(272,39)
(253,38)
(287,23)
(54,18)
(53,27)
(280,16)
(273,9)
(223,12)
(261,5)
(231,0)
(262,9)
(85,45)
(157,8)
(190,11)
(3,20)
(146,22)
(286,4)
(218,26)
(28,16)
(2,2)
(220,36)
(60,12)
(211,10)
(267,47)
(26,16)
(275,14)
(262,32)
(105,42)
(175,33)
(136,10)
(146,13)
(232,10)
(237,6)
(0,38)
(77,11)
(249,43)
(186,11)
(17,9)
(129,5)
(104,19)
(147,38)
(163,13)
(181,16)
(156,36)
(141,40)
(199,44)
(71,1)
(33,43)
(174,10)
(257,7)
(97,26)
(253,8)
(242,31)
(105,30)
(45,20)
(58,45)
(52,25)
(124,4)
(256,26)
(221,7)
(91,37)
(62,33)
(118,7)
(67,23)
(34,13)
(223,25)
(261,20)
(236,16)
(152,21)
(11,16)
(141,43)
(158,2)
(149,23)
(152,33)
(13,29)
(110,33)
(206,14)
(81,26)
(123,24)
(226,14)
(125,37)
(54,1)
(241,2)
(49,29)
(220,25)
(265,17)
(49,7)
(146,40)
(6,18)
(282,21)
(11,22)
(102,26)
(19,8)
(16,28)
(140,13)
(154,8)
(45,7)
(197,29)
(162,6)
(35,15)
(123,40)
(151,17)
(100,47)
(275,39)
(269,30)
(133,17)
(142,16)
(86,17)
(272,32)
(48,0)
(245,38)
(32,17)
(265,28)
(215,22)
(206,15)
(173,15)
(192,25)
(182,19)
(296,42)
(69,12)
(256,24)
(294,33)
(264,44)
(229,10)
(232,15)
(58,4)
(54,3)
(150,32)
(236,32)
(269,6)
(141,37)
(198,25)
(9,35)
(151,31)
(6,30)
(113,43)
(75,10)
(183,43)
(220,13)
(40,16)
(118,30)
(183,8)
(232,32)
(7,18)
(10,37)
(204,33)
(83,46)
(195,31)
(119,38)
(57,16)
(42,14)
(160,44)
(156,29)
(42,15)
(90,5)
(113,29)
(16,15)
(80,46)
(112,22)
(280,37)
(36,30)
(16,27)
(32,16)
(181,25)
(127,14)
(98,32)
(98,38)
(206,20)
(273,5)
(69,10)
(67,19)
(79,13)
(205,31)
(223,26)
(5,31)
(246,10)
(215,7)
(32,10)
(102,21)
(277,25)
(173,17)
(44,23)
(158,3)
(74,36)
(106,10)
(242,13)
(215,40)
(273,44)
(290,35)
(248,29)
(177,43)
(235,33)
(231,32)
(155,20)
(149,25)
(84,2)
(107,26)
(224,6)
(250,37)
(159,19)
(266,6)
(236,6)
(128,14)
(208,32)
(256,10)
(212,19)
(61,26)
(264,5)
(35,27)
(247,27)
(268,11)
(254,21)
(299,5)
(130,26)
(286,32)
(99,13)
(207,13)
(101,31)
(244,38)
(30,43)
(0,29)
(296,37)
(0,26)
(260,9)
(134,13)
(251,21)
(72,34)
(61,23)
(286,42)
(194,44)
(15,5)
(80,15)
(274,15)
(238,41)
(15,23)
(182,33)
(140,10)
(52,14)
(279,34)
(117,19)
(195,25)
(227,9)
(193,9)
(275,6)
(299,12)
(142,4)
(185,44)
(59,36)
(25,35)
(7,13)
(38,18)
(56,41)
(83,26)
(50,2)
(191,4)
(178,12)
(267,15)
(19,35)
(9,28)
(147,32)
(164,31)
(106,41)
(89,25)
(54,16)
(179,42)
(72,19)
(101,40)
(150,13)
(137,11)
(279,1)
(85,20)
(186,32)
(287,14)
(193,12)
(71,4)
(261,16)
(78,12)
(187,25)
(4,23)
(268,21)
(7,43)
(97,13)
(73,43)
(12,36)
(45,14)
(173,27)
(123,4)
(20,26)
(73,16)
(159,40)
(31,16)
(47,21)
(99,11)
(269,16)
(4,37)
(4,42)
(39,46)
(165,6)
(230,4)
(132,44)
(247,38)
(255,3)
(299,31)
(139,27)
(205,17)
(108,29)
(0,0)
(3,28)
(72,16)
(4,19)
(138,7)
(295,1)
(163,34)
(38,5)
(286,6)
(45,3)
(132,22)
(112,38)
(176,20)
(271,14)
(186,46)
(214,30)
(180,9)
(262,33)
(205,12)
(241,8)
(104,8)
(155,12)
(299,37)
(60,46)
(294,40)
(90,31)
(276,9)
(111,38)
(63,22)
(164,30)
(41,28)
(107,4)
(24,11)
(191,25)
(146,10)
(132,15)
(75,4)
(165,47)
(181,29)
(83,35)
(178,18)
(292,22)
(56,14)
(287,37)
(84,13)
(7,8)
(276,13)
(31,44)
(241,28)
(285,46)
(277,29)
(63,40)
(71,9)
(227,20)
(8,37)
(156,32)
(111,31)
(223,30)
(193,0)
(176,2)
(159,31)
(169,8)
(146,3)
(84,3)
(267,3)
(284,2)
(257,21)
(39,21)
(236,5)
(130,16)
(136,27)
(266,19)
(195,36)
(11,18)
(169,21)
(69,43)
(284,10)
(209,40)
(33,39)
(86,10)
(198,3)
(107,22)
(5,18)
(234,6)
(260,34)
(146,45)
(88,14)
(256,37)
(41,4)
(110,22)
(28,34)
(194,41)
(36,10)
(0,25)
(250,3)
(40,6)
(181,13)
(70,2)
(78,36)
(229,5)
(51,7)
(237,22)
(111,34)
(22,30)
(57,12)
(166,27)
(237,18)
(174,1)
(119,23)
(144,22)
(284,46)
(148,9)
(264,13)
(130,6)
(248,17)
(249,1)
(67,29)
(56,13)
(70,4)
(166,18)
(107,21)
(15,6)
(117,32)
(214,14)
(118,29)
(214,31)
(285,27)
(46,31)
(80,7)
(111,33)
(30,32)
(200,0)
(140,8)
(266,24)
(261,42)
(54,24)
(105,31)
(262,17)
(129,41)
(163,18)
(100,10)
(217,4)
(259,10)
(111,20)
(88,32)
(158,32)
(12,34)
(276,21)
(178,37)
(67,28)
(227,40)
(151,2)
(88,31)
(62,29)
(99,7)
(215,28)
(203,6)
(196,15)
(129,42)
(117,30)
(123,0)
(213,2)
(141,36)
(78,18)
(204,37)
(261,9)
(254,39)
(33,20)
(89,18)
(118,32)
(33,7)
(274,29)
(48,17)
(214,5)
(261,23)
(93,39)
(68,9)
(64,2)
(296,26)
(136,11)
(256,28)
(126,15)
(173,43)
(131,8)
(227,12)
(200,9)
(153,7)
(158,10)
(72,7)
(64,21)
(140,30)
(72,20)
(179,34)
(84,44)
(272,25)
(196,40)
(95,18)
(272,27)
(22,46)
(30,46)
(170,46)
(158,41)
(152,2)
(96,7)
(193,30)
(223,9)
(262,6)
(298,27)
(177,35)
(80,33)
(261,28)
(187,23)
(82,0)
(230,36)
(116,14)
(37,25)
(234,18)
(11,29)
(199,29)
(84,21)
(165,18)
(267,34)
(118,11)
(95,47)
(217,3)
(199,3)
(264,15)
(164,32)
(291,40)
(31,7)
(210,31)
(6,9)
(184,7)
(212,4)
(113,27)
(110,43)
(224,33)
(54,41)
(229,47)
(230,27)
(89,1)
(73,24)
(200,30)
(212,8)
(270,6)
(31,35)
(186,26)
(50,0)
(175,22)
(243,10)
(9,16)
(201,20)
(59,47)
(256,44)
(142,33)
(235,5)
(145,33)
(251,15)
(86,11)
(61,47)
(79,9)
(40,39)
(116,37)
(138,8)
(101,9)
(256,42)
(65,5)
(267,25)
(204,27)
(227,26)
(259,2)
(98,14)
(200,23)
(77,46)
(239,34)
(85,26)
(236,19)
(190,46)
(243,11)
(258,14)
(200,27)
(48,5)
(225,29)
(27,26)
(194,31)
(266,27)
(156,30)
(64,4)
(101,7)
(34,37)
(191,19)
(268,25)
(205,37)
(292,47)
(47,25)
(144,10)
(143,16)
(162,24)
(238,27)
(298,6)
(26,4)
(220,19)
(18,47)
(6,19)
(71,20)
(130,13)
(99,12)
(73,36)
(31,23)
(125,35)
(23,33)
(128,47)
(49,19)
(156,18)
(176,41)
(192,32)
(176,39)
(45,16)
(85,21)
(94,5)
(92,37)
(207,3)
(170,28)
(283,15)
(132,20)
(57,4)
(259,41)
(51,32)
(200,46)
(92,11)
(288,29)
(121,37)
(230,47)
(9,33)
(140,31)
(187,16)
(25,42)
(213,4)
(47,42)
(102,2)
(190,0)
(79,0)
(33,10)
(168,25)
(185,15)
(129,35)
(86,44)
(162,4)
(208,2)
(225,9)
(163,16)
(86,15)
(100,37)
(167,16)
(48,33)
(286,37)
(204,3)
(130,10)
(182,27)
(66,46)
(188,5)
(138,46)
(7,16)
(233,23)
(180,36)
(31,14)
(25,47)
(281,18)
(215,20)
(222,39)
(120,26)
(263,21)
(297,23)
(143,18)
(201,16)
(124,38)
(25,39)
(80,34)
(5,5)
(165,8)
(197,1)
(162,11)
(170,31)
(54,26)
(57,8)
(206,17)
(61,15)
(79,28)
(3,1)
(118,24)
(201,12)
(177,2)
(76,16)
(224,30)
(72,14)
(230,43)
(235,39)
(276,2)
(3,12)
(104,4)
(246,22)
(201,11)
(73,29)
(237,25)
(298,42)
(245,6)
(285,39)
(232,20)
(170,44)
(131,42)
(232,30)
(172,1)
(250,43)
(58,22)
(120,0)
(1,0)
(161,18)
(36,15)
(177,0)
(247,15)
(188,43)
(73,15)
(31,12)
(203,12)
(2,12)
(148,44)
(232,3)
(59,15)
(247,26)
(54,42)
(295,9)
(41,10)
(266,21)
(233,24)
(259,25)
(96,5)
(119,10)
(183,14)
(102,39)
(237,28)
(229,24)
(201,27)
(238,4)
(91,24)
(118,21)
(161,17)
(184,8)
(55,5)
(252,14)
(197,5)
(9,13)
(152,5)
(150,8)
(188,38)
(230,30)
(270,13)
(17,37)
(26,6)
(225,45)
(206,2)
(266,11)
(176,6)
(55,17)
(97,37)
(110,26)
(102,33)
(231,35)
(88,15)
(4,39)
(256,39)
(3,19)
(4,14)
(232,6)
(173,4)
(62,8)
(65,21)
(168,12)
(112,15)
(245,26)
(290,1)
(85,11)
(96,0)
(124,20)
(147,8)
(238,33)
(22,47)
(260,20)
(123,5)
(262,36)
(173,18)
(19,46)
(44,35)
(63,14)
(298,11)
(133,37)
(296,32)
(262,35)
(141,5)
(74,32)
(291,28)
(61,6)
(283,24)
(258,3)
(201,21)
(200,5)
(233,29)
(89,23)
(106,18)
(109,31)
(1,36)
(28,27)
(173,2)
(6,41)
(293,0)
(25,24)
(11,46)
(58,5)
(259,20)
(71,19)
(114,33)
(45,15)
(200,1)
(277,10)
(205,8)
(76,32)
(231,5)
(167,21)
(230,37)
(185,8)
(109,33)
(229,6)
(76,10)
(17,47)
(46,0)
(101,11)
(155,4)
(86,39)
(238,23)
(293,16)
(67,2)
(120,23)
(188,24)
(39,23)
(96,26)
(198,20)
(124,44)
(183,26)
(294,47)
(36,4)
(294,11)
(267,5)
(148,1)
(259,0)
(214,44)
(298,32)
(181,23)
(61,32)
(242,17)
(289,34)
(161,6)
(14,40)
(191,17)
(121,46)
(88,26)
(122,23)
(8,11)
(275,5)
(286,8)
(205,7)
(157,42)
(99,38)
(257,9)
(71,8)
(176,1)
(221,2)
(51,23)
(289,4)
(191,22)
(290,6)
(107,11)
(36,24)
(40,12)
(235,1)
(146,21)
(136,9)
(95,7)
(40,36)
(262,28)
(13,44)
(185,39)
(208,44)
(90,40)
(98,2)
(176,18)
(184,40)
(128,4)
(296,22)
(93,18)
(148,36)
(77,38)
(85,47)
(135,19)
(176,28)
(259,37)
(254,37)
(103,34)
(12,45)
(16,3)
(21,46)
(14,38)
(109,29)
(108,1)
(3,47)
(290,3)
(283,45)
(198,22)
(136,32)
(137,38)
(263,11)
(39,6)
(87,4)
(10,5)
(211,16)
(89,29)
(41,27)
(299,45)
(156,31)
(267,2)
(293,12)
(242,46)
(25,17)
(120,17)
(134,1)
(30,24)
(192,4)
(119,21)
(110,31)
(2,42)
(197,33)
(299,43)
(35,17)
(105,26)
(297,26)
(94,8)
(193,1)
(60,41)
(34,7)
(134,40)
(6,8)
(111,26)
(176,22)
(46,9)
(238,37)
(194,30)
(71,2)
(187,1)
(169,2)
(139,45)
(55,21)
(44,17)
(3,36)
(253,32)
(246,41)
(132,14)
(175,28)
(250,14)
(115,45)
(224,26)
(221,0)
(5,26)
(22,2)
(107,8)
(202,41)
(253,5)
(241,14)
(286,36)
(249,16)
(130,36)
(217,22)
(41,25)
(221,44)
(115,9)
(169,25)
(124,2)
(265,37)
(74,39)
(219,11)
(46,29)
(218,27)
(292,4)
(86,45)
(239,36)
(115,30)
(204,41)
(79,2)
(284,44)
(180,30)
(29,25)
(21,41)
(11,11)
(252,0)
(16,36)
(233,8)
(11,34)
(251,9)
(6,40)
(238,30)
(14,42)
(282,32)
(128,31)
(140,24)
(95,2)
(6,7)
(218,35)
(60,39)
(70,5)
(252,17)
(222,13)
(16,8)
(237,36)
(51,35)
(262,37)
(16,47)
(260,35)
(254,23)
(91,13)
(290,40)
(34,23)
(224,13)
(213,31)
(211,20)
(240,22)
(267,33)
(257,6)
(198,38)
(177,22)
(83,9)
(197,6)
(210,21)
(58,33)
(255,10)
(29,7)
(86,22)
(241,17)
(199,46)
(263,40)
(184,47)
(15,8)
(154,27)
(125,12)
(38,43)
(203,5)
(234,39)
(188,9)
(186,18)
(107,28)
(154,9)
(228,47)
(97,3)
(26,15)
(20,32)
(49,41)
(213,21)
(261,7)
(55,1)
(136,14)
(244,33)
(283,38)
(165,39)
(201,19)
(28,5)
(178,5)
(231,10)
(231,6)
(43,6)
(131,17)
(151,13)
(45,35)
(266,31)
(256,6)
(157,37)
(152,30)
(199,8)
(120,8)
(53,1)
(53,13)
(267,46)
(13,11)
(80,41)
(254,43)
(46,43)
(88,24)
(8,24)
(113,47)
(182,29)
(43,2)
(44,11)
(75,3)
(34,5)
(178,19)
(95,45)
(75,43)
(128,12)
(100,28)
(188,3)
(71,41)
(0,23)
(239,4)
(235,11)
(91,9)
(290,39)
(249,46)
(98,7)
(135,0)
(191,47)
(278,41)
(3,5)
(61,44)
(257,33)
(286,16)
(111,10)
(176,42)
(273,24)
(8,13)
(40,42)
(270,11)
(201,35)
(288,15)
(13,16)
(291,30)
(15,10)
(293,26)
(172,37)
(286,28)
(180,38)
(206,33)
(284,27)
(178,21)
(244,11)
(250,21)
(205,41)
(186,35)
(263,42)
(228,5)
(35,43)
(137,40)
(237,43)
(181,26)
(246,38)
(246,27)
(233,34)
(78,20)
(56,46)
(265,34)
(293,10)
(107,31)
(148,31)
(104,15)
(147,40)
(136,37)
(281,31)
(55,39)
(285,15)
(45,9)
(20,28)
(190,1)
(134,32)
(298,34)
(195,45)
(267,0)
(106,35)
(111,6)
(199,42)
(156,9)
(85,0)
(51,30)
(172,12)
(35,3)
(211,43)
(105,14)
(187,10)
(93,20)
(9,17)
(165,30)
(190,28)
(90,37)
(123,41)
(291,22)
(160,25)
(47,7)
(84,20)
(9,1)
(3,7)
(43,15)
(8,3)
(178,24)
(111,35)
(56,20)
(151,8)
(178,6)
(104,25)
(236,21)
(95,42)
(197,43)
(252,18)
(248,33)
(220,42)
(240,46)
(268,27)
(126,9)
(110,21)
(95,41)
(195,24)
(223,16)
(68,23)
(189,5)
(146,18)
(176,29)
(103,31)
(57,7)
(247,41)
(107,13)
(23,41)
(88,29)
(93,8)
(81,38)
(41,36)
(130,9)
(18,0)
(179,0)
(290,17)
(261,19)
(154,17)
(74,14)
(41,5)
(96,17)
(275,17)
(69,40)
(176,40)
(66,8)
(265,32)
(241,20)
(138,6)
(259,29)
(31,43)
(60,25)
(221,46)
(212,35)
(93,14)
(57,3)
(247,11)
(91,42)
(168,30)
(197,25)
(61,10)
(218,47)
(37,39)
(35,14)
(227,19)
(293,27)
(48,47)
(147,36)
(167,23)
(86,4)
(294,24)
(269,9)
(20,10)
(107,23)
(170,1)
(297,43)
(113,1)
(244,37)
(216,7)
(35,8)
(20,22)
(196,25)
(115,37)
(95,1)
(266,3)
(80,17)
(267,9)
(13,1)
(62,34)
(138,12)
(163,23)
(57,21)
(62,7)
(34,6)
(294,43)
(236,36)
(156,4)
(57,38)
(52,7)
(55,22)
(284,28)
(296,29)
(25,5)
(208,9)
(38,34)
(95,34)
(14,16)
(8,7)
(237,9)
(159,36)
(183,7)
(219,25)
(252,2)
(230,42)
(3,30)
(192,17)
(7,31)
(93,6)
(224,3)
(102,44)
(56,39)
(296,31)
(235,43)
(38,17)
(28,9)
(81,35)
(112,11)
(180,33)
(34,42)
(229,14)
(220,41)
(220,7)
(284,14)
(80,16)
(173,0)
(42,8)
(94,7)
(125,26)
(260,47)
(251,13)
(4,32)
(290,24)
(56,23)
(73,17)
(214,22)
(193,8)
(171,42)
(101,15)
(204,9)
(298,1)
(76,21)
(210,15)
(85,32)
(161,43)
(200,47)
(127,46)
(125,4)
(198,28)
(238,35)
(122,46)
(102,45)
(152,25)
(8,20)
(129,25)
(125,39)
(216,39)
(7,28)
(130,15)
(154,24)
(35,36)
(20,23)
(282,26)
(244,46)
(95,20)
(70,39)
(248,5)
(173,44)
(144,29)
(51,39)
(122,3)
(47,3)
(82,16)
(213,27)
(13,13)
(184,20)
(71,34)
(154,4)
(261,46)
(242,24)
(42,38)
(32,40)
(105,25)
(237,7)
(32,46)
(168,33)
(268,32)
(50,19)
(113,28)
(3,8)
(115,29)
(261,31)
(134,23)
(114,13)
(46,25)
(68,12)
(216,43)
(225,26)
(220,43)
(95,19)
(65,43)
(164,28)
(291,11)
(108,19)
(193,44)
(83,13)
(59,11)
(123,29)
(297,15)
(248,2)
(57,34)
(237,2)
(39,40)
(217,23)
(176,11)
(105,2)
(130,11)
(182,23)
(1,4)
(95,44)
(11,37)
(169,27)
(269,28)
(250,2)
(127,12)
(2,27)
(81,18)
(199,35)
(160,3)
(242,18)
(104,12)
(245,33)
(254,38)
(63,12)
(238,28)
(15,11)
(78,24)
(204,30)
(1,31)
(36,22)
(255,41)
(292,19)
(21,0)
(243,39)
(37,2)
(25,21)
(218,36)
(191,24)
(138,11)
(174,12)
(80,6)
(288,16)
(123,3)
(193,25)
(58,15)
(110,1)
(249,4)
(209,31)
(203,24)
(219,9)
(277,33)
(132,27)
(122,1)
(133,47)
(115,44)
(161,31)
(115,10)
(185,40)
(256,3)
(277,16)
(150,22)
(173,22)
(22,21)
(279,22)
(48,4)
(192,8)
(217,25)
(236,10)
(63,33)
(171,37)
(259,27)
(116,3)
(210,32)
(216,12)
(23,20)
(179,38)
(237,11)
(98,43)
(156,42)
(126,12)
(61,31)
(80,38)
(295,3)
(205,11)
(48,7)
(44,42)
(260,14)
(47,30)
(183,34)
(141,21)
(59,41)
(148,22)
(262,26)
(183,6)
(82,20)
(264,4)
(289,30)
(288,4)
(260,42)
(46,11)
(127,11)
(298,13)
(151,11)
(169,19)
(104,46)
(112,32)
(104,43)
(122,28)
(84,14)
(100,7)
(234,3)
(12,29)
(20,14)
(263,36)
(284,42)
(286,15)
(106,27)
(196,18)
(261,25)
(39,10)
(212,18)
(136,28)
(287,30)
(164,9)
(137,32)
(157,43)
(231,41)
(158,7)
(253,20)
(119,24)
(129,47)
(217,44)
(190,12)
(208,27)
(85,27)
(296,28)
(137,30)
(203,18)
(10,45)
(47,6)
(100,29)
(72,42)
(215,45)
(204,2)
(85,33)
(25,37)
(51,29)
(122,27)
(54,33)
(3,32)
(275,4)
(175,9)
(266,44)
(220,2)
(228,20)
(96,10)
(63,3)
(282,14)
(6,36)
(154,15)
(81,15)
(79,33)
(270,10)
(43,40)
(5,30)
(258,36)
(209,23)
(145,17)
(21,45)
(194,29)
(70,9)
(58,3)
(238,7)
(82,26)
(41,20)
(246,14)
(59,13)
(55,8)
(98,23)
(52,37)
(250,45)
(279,11)
(113,15)
(256,17)
(95,37)
(289,15)
(200,16)
(101,43)
(55,32)
(192,10)
(36,7)
(226,21)
(121,23)
(21,4)
(92,46)
(189,31)
(180,1)
(186,47)
(263,47)
(229,46)
(292,42)
(234,10)
(145,34)
(215,16)
(238,1)
(161,40)
(107,7)
(73,13)
(56,5)
(6,35)
(17,3)
(39,18)
(221,43)
(244,31)
(283,39)
(8,35)
(208,35)
(59,2)
(23,26)
(256,11)
(207,28)
(44,13)
(252,43)
(178,27)
(154,2)
(286,35)
(210,25)
(13,25)
(176,46)
(15,44)
(264,7)
(152,41)
(273,21)
(221,27)
(137,23)
(263,28)
(167,35)
(8,22)
(166,41)
(82,12)
(160,14)
(105,40)
(80,13)
(241,3)
(171,36)
(295,28)
(215,5)
(204,44)
(13,47)
(185,4)
(258,11)
(161,32)
(97,15)
(80,37)
(117,9)
(76,34)
(55,9)
(86,14)
(77,13)
(7,3)
(34,22)
(67,20)
(180,21)
(130,45)
(250,20)
(120,16)
(222,15)
(262,40)
(78,32)
(16,13)
(36,29)
(93,23)
(46,4)
(33,1)
(296,1)
(14,33)
(287,9)
(182,34)
(226,22)
(275,47)
(153,25)
(91,31)
(52,44)
(69,2)
(44,34)
(114,40)
(214,9)
(102,13)
(112,26)
(77,17)
(197,27)
(299,16)
(164,46)
(186,6)
(241,4)
(138,41)
(188,11)
(97,7)
(137,34)
(100,31)
(9,12)
(65,15)
(110,20)
(153,47)
(143,19)
(277,12)
(128,15)
(98,36)
(164,10)
(253,17)
(44,43)
(55,11)
(39,19)
(169,24)
(145,18)
(8,16)
(137,27)
(13,40)
(212,2)
(74,5)
(220,31)
(95,36)
(198,13)
(174,42)
(123,34)
(216,33)
(123,7)
(285,21)
(29,16)
(265,18)
(183,10)
(60,28)
(146,41)
(20,4)
(281,30)
(164,36)
(155,39)
(231,27)
(223,36)
(204,39)
(294,3)
(41,19)
(136,34)
(88,11)
(8,26)
(116,22)
(62,13)
(277,44)
(185,43)
(174,17)
(132,9)
(26,40)
(227,32)
(9,19)
(64,14)
(204,42)
(1,20)
(239,17)
(155,47)
(110,6)
(206,8)
(55,13)
(75,7)
(167,1)
(297,17)
(178,3)
(156,7)
(50,16)
(42,13)
(100,2)
(211,15)
(58,43)
(70,16)
(60,16)
(183,22)
(81,25)
(61,36)
(10,26)
(272,37)
(58,23)
(95,22)
(226,19)
(286,34)
(271,4)
(97,4)
(76,12)
(174,22)
(28,43)
(43,34)
(103,43)
(65,0)
(265,20)
(62,5)
(99,3)
(287,10)
(81,43)
(265,47)
(26,12)
(256,19)
(48,28)
(140,39)
(298,22)
(0,22)
(209,8)
(63,26)
(206,5)
(54,10)
(249,9)
(199,13)
(206,38)
(56,19)
(204,16)
(198,45)
(46,37)
(297,41)
(17,46)
(290,19)
(108,21)
(215,12)
(58,38)
(134,18)
(166,7)
(173,35)
(102,11)
(77,28)
(97,34)
(159,3)
(6,15)
(278,33)
(216,6)
(105,9)
(77,44)
(177,41)
(26,25)
(142,41)
(47,1)
(0,40)
(240,30)
(4,41)
(19,42)
(158,16)
(274,12)
(143,17)
(198,10)
(168,16)
(288,17)
(71,5)
(81,41)
(199,25)
(283,17)
(15,33)
(50,32)
(134,24)
(18,1)
(73,7)
(94,36)
(44,26)
(287,8)
(17,8)
(113,22)
(142,7)
(214,15)
(219,40)
(36,6)
(28,11)
(159,2)
(54,9)
(142,43)
(214,19)
(294,8)
(260,4)
(257,12)
(99,47)
(286,21)
(174,33)
(90,20)
(90,27)
(165,43)
(266,42)
(104,3)
(135,42)
(290,34)
(0,1)
(294,9)
(137,5)
(36,16)
(208,33)
(10,35)
(245,5)
(247,35)
(99,28)
(93,4)
(98,8)
(294,12)
(119,39)
(240,26)
(80,28)
(30,31)
(141,46)
(66,35)
(20,6)
(157,26)
(121,0)
(251,18)
(187,14)
(110,27)
(270,38)
(204,34)
(162,30)
(203,42)
(157,11)
(278,39)
(172,2)
(101,6)
(155,34)
(21,43)
(1,9)
(210,0)
(24,27)
(39,24)
(220,30)
(272,0)
(142,37)
(185,36)
(36,9)
(48,9)
(128,46)
(189,9)
(107,9)
(209,38)
(186,17)
(281,43)
(293,25)
(219,28)
(155,16)
(264,8)
(280,27)
(41,34)
(218,20)
(220,47)
(207,5)
(265,23)
(271,17)
(211,26)
(181,0)
(191,33)
(84,6)
(167,10)
(250,31)
(269,15)
(93,26)
(150,3)
(215,4)
(32,14)
(58,25)
(177,26)
(210,13)
(98,24)
(261,18)
(293,17)
(93,17)
(17,10)
(155,9)
(135,31)
(129,11)
(187,45)
(55,0)
(24,40)
(223,7)
(26,30)
(105,20)
(167,28)
(230,10)
(133,16)
(119,12)
(113,14)
(218,23)
(266,36)
(18,11)
(211,13)
(73,19)
(154,16)
(5,9)
(69,13)
(136,13)
(126,20)
(68,13)
(130,29)
(1,7)
(213,30)
(204,19)
(24,10)
(88,0)
(232,45)
(235,26)
(106,33)
(25,6)
(221,16)
(193,34)
(192,14)
(256,22)
(40,14)
(172,40)
(178,2)
(222,11)
(168,8)
(102,24)
(219,31)
(25,25)
(217,45)
(101,29)
(290,29)
(192,21)
(153,24)
(97,19)
(102,20)
(209,26)
(160,27)
(86,32)
(144,34)
(289,38)
(41,33)
(188,41)
(12,26)
(157,46)
(39,5)
(210,8)
(91,10)
(62,39)
(99,36)
(56,30)
(109,37)
(32,21)
(179,26)
(102,46)
(124,5)
(193,31)
(214,38)
(245,10)
(283,41)
(269,5)
(262,41)
(174,29)
(30,7)
(194,36)
(75,9)
(269,12)
(115,4)
(37,11)
(251,39)
(212,34)
(241,23)
(249,25)
(280,44)
(124,10)
(16,25)
(86,19)
(276,35)
(195,30)
(94,11)
(94,30)
(163,17)
(123,20)
(156,3)
(18,35)
(32,45)
(70,43)
(52,9)
(200,40)
(140,7)
(212,23)
(78,15)
(4,28)
(273,14)
(177,46)
(20,30)
(264,39)
(18,41)
(161,35)
(120,19)
(16,16)
(220,26)
(190,8)
(45,44)
(66,31)
(227,22)
(276,38)
(281,24)
(85,31)
(142,26)
(29,44)
(66,23)
(181,15)
(144,25)
(198,37)
(6,25)
(172,33)
(137,44)
(252,26)
(141,15)
(198,17)
(22,14)
(27,10)
(213,41)
(124,21)
(286,12)
(66,24)
(115,7)
(267,16)
(201,15)
(69,25)
(265,24)
(20,39)
(62,20)
(140,16)
(93,43)
(92,5)
(214,6)
(297,9)
(34,45)
(224,42)
(251,1)
(20,37)
(31,34)
(252,23)
(32,41)
(67,14)
(92,20)
(85,16)
(270,8)
(131,11)
(239,45)
(171,44)
(127,5)
(72,8)
(207,15)
(175,45)
(153,20)
(19,18)
(41,40)
(52,6)
(223,8)
(154,5)
(166,4)
(180,23)
(174,8)
(0,47)
(167,46)
(159,18)
(34,47)
(280,23)
(192,3)
(282,38)
(174,11)
(50,5)
(243,19)
(137,43)
(5,8)
(147,27)
(203,3)
(232,5)
(202,13)
(27,20)
(277,6)
(82,47)
(258,9)
(72,18)
(209,42)
(134,38)
(130,44)
(67,36)
(290,37)
(263,32)
(154,14)
(170,18)
(170,29)
(179,45)
(36,23)
(3,15)
(190,42)
(223,39)
(236,34)
(8,17)
(84,36)
(241,31)
(5,29)
(144,47)
(192,30)
(167,9)
(252,19)
(49,36)
(103,47)
(143,21)
(118,40)
(290,4)
(187,21)
(267,21)
(28,25)
(172,19)
(284,33)
(259,33)
(269,7)
(269,17)
(107,1)
(29,14)
(96,2)
(190,5)
(129,2)
(128,17)
(33,41)
(29,29)
(106,25)
(293,45)
(77,5)
(244,44)
(117,24)
(1,26)
(230,38)
(158,34)
(1,40)
(273,25)
(65,41)
(12,11)
(177,7)
(92,24)
(49,14)
(284,13)
(257,27)
(161,44)
(96,20)
(149,33)
(280,46)
(115,25)
(276,41)
(213,7)
(257,40)
(4,44)
(31,19)
(145,16)
(209,34)
(204,47)
(42,27)
(158,1)
(257,29)
(282,8)
(202,16)
(13,8)
(175,37)
(95,39)
(117,40)
(243,28)
(76,30)
(227,11)
(131,27)
(297,12)
(34,25)
(246,13)
(277,37)
(199,26)
(255,31)
(267,36)
(7,47)
(161,41)
(49,16)
(11,19)
(208,39)
(100,23)
(228,22)
(249,38)
(23,27)
(67,31)
(74,43)
(296,8)
(15,2)
(287,16)
(14,26)
(141,1)
(121,5)
(92,10)
(99,6)
(173,23)
(146,23)
(203,13)
(67,5)
(8,28)
(71,21)
(42,43)
(64,20)
(176,37)
(147,29)
(128,9)
(71,33)
(180,39)
(15,16)
(29,8)
(133,45)
(110,45)
(109,26)
(106,40)
(288,39)
(113,16)
(118,1)
(240,2)
(75,29)
(127,28)
(140,40)
(131,18)
(261,6)
(178,26)
(95,40)
(23,39)
(97,25)
(214,43)
(177,25)
(255,19)
(153,44)
(273,31)
(202,20)
(112,45)
(170,11)
(79,15)
(299,35)
(19,43)
(58,18)
(41,11)
(216,35)
(89,40)
(92,43)
(267,10)
(240,20)
(245,11)
(259,17)
(96,44)
(111,18)
(75,27)
(174,18)
(10,21)
(71,17)
(255,27)
(30,28)
(282,9)
(191,18)
(77,21)
(176,12)
(34,31)
(297,8)
(169,4)
(191,45)
(282,28)
(299,25)
(246,7)
(44,18)
(160,41)
(174,46)
(240,43)
(73,31)
(115,12)
(203,4)
(240,25)
(0,20)
(25,15)
(198,29)
(142,30)
(24,17)
(209,5)
(34,35)
(16,37)
(103,14)
(43,29)
(283,12)
(45,46)
(67,22)
(179,3)
(209,41)
(241,19)
(201,30)
(35,10)
(94,17)
(68,35)
(8,21)
(110,39)
(110,16)
(235,46)
(3,29)
(215,18)
(73,21)
(114,1)
(211,47)
(204,17)
(166,32)
(250,9)
(139,6)
(21,44)
(267,43)
(93,37)
(15,20)
(257,34)
(17,26)
(108,5)
(274,17)
(155,26)
(236,29)
(94,46)
(196,32)
(31,25)
(114,30)
(215,17)
(298,19)
(41,8)
(68,16)
(107,24)
(80,32)
(160,35)
(83,38)
(269,26)
(153,46)
(79,27)
(142,20)
(286,46)
(171,13)
(196,27)
(127,19)
(163,10)
(259,34)
(96,3)
(51,3)
(36,26)
(32,24)
(50,22)
(208,31)
(99,10)
(213,20)
(68,1)
(75,6)
(108,42)
(212,22)
(271,21)
(48,10)
(155,29)
(59,12)
(42,41)
(11,14)
(264,6)
(230,28)
(173,28)
(200,22)
(73,22)
(118,33)
(165,26)
(42,45)
(288,41)
(239,19)
(230,24)
(109,27)
(87,19)
(30,10)
(64,39)
(266,7)
(167,40)
(36,28)
(103,5)
(81,40)
(287,3)
(181,10)
(233,30)
(255,43)
(115,5)
(113,44)
(37,16)
(243,43)
(85,22)
(177,17)
(263,5)
(77,3)
(196,42)
(102,4)
(139,9)
(163,24)
(13,34)
(6,33)
(55,29)
(74,2)
(16,23)
(207,25)
(108,34)
(298,16)
(260,37)
(6,10)
(225,39)
(140,33)
(114,27)
(191,12)
(220,39)
(143,36)
(140,46)
(99,19)
(207,34)
(23,29)
(124,42)
(32,35)
(253,29)
(277,22)
(31,40)
(74,11)
(241,27)
(260,2)
(147,46)
(4,9)
(245,46)
(58,24)
(237,23)
(37,33)
(52,27)
(79,41)
(170,23)
(0,31)
(253,0)
(123,23)
(95,24)
(203,33)
(44,41)
(291,23)
(67,8)
(218,3)
(216,9)
(86,6)
(278,10)
(274,30)
(58,17)
(241,45)
(223,6)
(100,0)
(212,17)
(231,18)
(102,15)
(197,23)
(135,44)
(142,25)
(234,5)
(207,43)
(184,46)
(255,42)
(251,43)
(177,38)
(34,9)
(5,38)
(283,33)
(205,30)
(10,25)
(215,30)
(194,8)
(144,41)
(104,6)
(266,46)
(151,44)
(143,24)
(267,12)
(14,4)
(125,47)
(298,2)
(109,19)
(152,38)
(200,29)
(149,22)
(290,13)
(33,4)
(153,28)
(147,25)
(31,47)
(94,21)
(100,20)
(105,16)
(225,41)
(94,25)
(289,26)
(114,23)
(203,21)
(264,45)
(114,18)
(181,43)
(276,40)
(201,24)
(121,16)
(15,37)
(256,40)
(243,3)
(111,40)
(67,7)
(203,7)
(285,28)
(37,30)
(232,8)
(77,6)
(45,37)
(202,28)
(84,30)
(3,23)
(77,7)
(2,17)
(36,38)
(75,18)
(78,7)
(104,32)
(271,23)
(221,5)
(97,32)
(185,2)
(299,47)
(241,11)
(221,31)
(256,13)
(46,46)
(216,38)
(91,12)
(200,11)
(55,46)
(290,22)
(251,33)
(74,3)
(47,28)
(204,13)
(52,21)
(168,14)
(153,40)
(182,8)
(283,40)
(277,14)
(84,11)
(242,29)
(128,21)
(216,37)
(65,35)
(48,6)
(73,45)
(74,31)
(266,18)
(5,36)
(160,10)
(25,12)
(235,38)
(187,34)
(56,10)
(78,13)
(243,33)
(264,40)
(205,35)
(81,29)
(244,23)
(113,23)
(15,47)
(120,11)
(154,44)
(150,9)
(286,33)
(190,3)
(186,36)
(231,31)
(28,37)
(107,33)
(223,37)
(26,2)
(17,13)
(101,44)
(206,47)
(266,17)
(86,16)
(40,25)
(60,21)
(184,44)
(78,40)
(285,20)
(58,47)
(42,24)
(164,44)
(108,32)
(151,18)
(126,18)
(191,14)
(110,14)
(200,20)
(243,16)
(131,2)
(148,6)
(162,29)
(250,5)
(249,28)
(169,34)
(184,9)
(121,8)
(132,39)
(195,40)
(272,41)
(192,38)
(108,40)
(153,43)
(173,32)
(279,33)
(123,11)
(89,21)
(283,16)
(73,11)
(20,29)
(145,20)
(186,45)
(181,1)
(223,13)
(214,24)
(89,13)
(0,34)
(278,44)
(76,31)
(205,24)
(175,42)
(233,17)
(207,17)
(245,31)
(32,26)
(93,38)
(89,35)
(134,33)
(127,37)
(178,7)
(262,42)
(243,37)
(218,30)
(134,46)
(144,14)
(234,29)
(52,34)
(158,46)
(188,30)
(25,46)
(50,37)
(295,4)
(51,9)
(216,2)
(148,25)
(258,34)
(24,12)
(93,28)
(214,46)
(20,45)
(86,38)
(237,34)
(8,47)
(63,30)
(113,38)
(114,36)
(211,1)
(167,22)
(43,5)
(181,34)
(93,10)
(63,29)
(268,13)
(33,11)
(51,25)
(251,46)
(281,28)
(28,26)
(285,7)
(148,18)
(181,39)
(294,7)
(139,11)
(73,12)
(227,30)
(131,33)
(99,32)
(121,2)
(20,2)
(165,10)
(44,3)
(133,30)
(281,38)
(218,39)
(144,20)
(20,16)
(135,14)
(223,44)
(261,27)
(17,0)
(179,17)
(155,25)
(260,33)
(171,32)
(106,5)
(55,42)
(189,34)
(104,35)
(192,20)
(81,37)
(93,12)
(74,7)
(67,41)
(51,26)
(270,34)
(100,35)
(215,39)
(7,22)
(140,36)
(252,35)
(240,32)
(268,16)
(78,19)
(135,2)
(64,22)
(236,41)
(82,7)
(245,13)
(182,10)
(240,45)
(150,33)
(84,45)
(135,5)
(104,24)
(198,43)
(115,6)
(38,15)
(33,37)
(100,40)
(48,15)
(259,19)
(14,7)
(33,47)
(193,7)
(46,17)
(226,9)
(14,41)
(137,39)
(262,31)
(273,1)
(148,27)
(26,19)
(139,31)
(128,7)
(168,6)
(222,3)
(209,43)
(110,28)
(137,31)
(125,3)
(230,13)
(252,30)
(286,27)
(161,30)
(181,12)
(141,30)
(32,34)
(84,46)
(64,47)
(88,22)
(263,16)
(248,34)
(80,5)
(278,31)
(0,4)
(119,8)
(193,26)
(275,16)
(178,47)
(281,47)
(289,25)
(36,45)
(191,10)
(89,9)
(166,17)
(197,15)
(130,19)
(226,16)
(52,36)
(82,32)
(175,34)
(38,37)
(237,15)
(100,11)
(112,17)
(231,46)
(147,12)
(74,30)
(213,10)
(89,31)
(60,30)
(195,17)
(63,9)
(103,18)
(239,38)
(254,18)
(140,23)
(265,8)
(146,29)
(100,14)
(197,41)
(194,34)
(59,23)
(198,34)
(108,38)
(263,30)
(232,39)
(238,24)
(276,26)
(240,33)
(150,6)
(103,6)
(23,38)
(130,28)
(5,24)
(272,42)
(264,2)
(182,9)
(280,13)
(299,33)
(47,16)
(161,14)
(176,43)
(149,20)
(127,31)
(173,47)
(200,38)
(58,29)
(101,24)
(41,44)
(129,17)
(248,9)
(202,39)
(169,17)
(99,33)
(125,21)
(237,45)
(241,38)
(239,8)
(216,0)
(290,41)
(215,27)
(270,29)
(222,12)
(107,34)
(102,16)
(4,34)
(150,25)
(260,23)
(173,10)
(220,10)
(69,9)
(76,26)
(34,44)
(250,12)
(282,34)
(31,31)
(63,24)
(167,36)
(175,14)
(21,23)
(116,30)
(19,31)
(285,31)
(252,21)
(160,32)
(191,32)
(21,22)
(258,33)
(270,32)
(236,18)
(158,39)
(240,42)
(203,44)
(226,24)
(253,44)
(137,16)
(65,18)
(254,27)
(2,7)
(191,11)
(273,32)
(37,15)
(248,23)
(218,18)
(7,44)
(98,41)
(259,31)
(214,10)
(235,16)
(272,21)
(146,11)
(28,23)
(29,41)
(283,47)
(122,15)
(130,25)
(246,18)
(74,19)
(0,33)
(187,7)
(175,43)
(148,30)
(167,43)
(147,10)
(94,26)
(237,20)
(153,2)
(196,22)
(290,8)
(279,44)
(222,29)
(222,31)
(57,24)
(19,6)
(264,30)
(2,18)
(179,19)
(150,40)
(191,26)
(186,14)
(279,38)
(23,28)
(210,28)
(258,25)
(280,39)
(128,13)
(90,7)
(13,19)
(55,28)
(234,42)
(87,40)
(109,42)
(113,7)
(292,41)
(207,20)
(1,12)
(211,9)
(246,45)
(27,42)
(85,17)
(9,30)
(210,38)
(125,9)
(82,41)
(35,25)
(133,36)
(38,9)
(204,7)
(295,21)
(39,26)
(254,15)
(169,42)
(116,26)
(6,28)
(79,1)
(269,11)
(178,46)
(223,18)
(281,10)
(267,6)
(258,12)
(71,18)
(165,33)
(92,38)
(237,41)
(71,25)
(44,33)
(9,31)
(251,38)
(216,3)
(113,6)
(296,14)
(26,14)
(130,32)
(202,19)
(154,28)
(220,8)
(138,19)
(278,43)
(227,17)
(87,39)
(101,28)
(145,21)
(226,15)
(121,29)
(230,12)
(194,25)
(218,42)
(42,21)
(45,28)
(276,36)
(180,26)
(268,29)
(203,20)
(24,5)
(269,10)
(113,10)
(177,3)
(167,39)
(74,16)
(201,29)
(75,28)
(227,21)
(144,5)
(152,39)
(86,9)
(250,4)
(273,19)
(24,13)
(274,8)
(287,29)
(295,27)
(12,24)
(296,21)
(81,4)
(48,39)
(0,32)
(237,8)
(249,40)
(56,26)
(67,39)
(21,18)
(136,16)
(183,32)
(182,45)
(247,24)
(13,35)
(71,6)
(82,11)
(154,31)
(185,37)
(274,36)
(124,8)
(260,15)
(203,10)
(178,17)
(161,39)
(62,35)
(215,36)
(93,41)
(245,18)
(244,39)
(17,38)
(140,45)
(63,34)
(142,22)
(111,22)
(59,18)
(79,20)
(223,23)
(189,35)
(90,26)
(54,30)
(243,30)
(1,47)
(285,42)
(167,7)
(92,14)
(202,8)
(1,15)
(294,1)
(226,29)
(203,40)
(147,7)
(176,21)
(35,39)
(99,37)
(176,14)
(248,28)
(13,15)
(89,28)
(108,46)
(278,30)
(285,13)
(268,15)
(106,19)
(61,25)
(244,21)
(161,29)
(117,26)
(109,0)
(78,6)
(186,7)
(164,7)
(192,39)
(217,18)
(234,8)
(220,14)
(240,10)
(143,26)
(106,7)
(100,8)
(139,30)
(22,17)
(164,41)
(17,23)
(141,44)
(55,31)
(114,22)
(185,13)
(264,16)
(238,42)
(120,44)
(177,30)
(7,12)
(244,15)
(220,15)
(187,3)
(243,7)
(92,34)
(114,43)
(15,36)
(183,16)
(40,7)
(226,33)
(122,26)
(232,0)
(190,33)
(229,40)
(177,27)
(263,20)
(23,30)
(181,22)
(124,3)
(207,23)
(12,5)
(233,12)
(289,19)
(244,36)
(242,4)
(207,12)
(198,31)
(195,7)
(11,25)
(88,19)
(106,14)
(156,25)
(177,32)
(98,5)
(37,5)
(166,12)
(131,12)
(189,1)
(189,39)
(7,17)
(9,38)
(134,30)
(58,41)
(194,19)
(16,39)
(259,24)
(108,41)
(167,0)
(26,23)
(138,47)
(15,25)
(48,22)
(151,15)
(96,25)
(146,35)
(97,45)
(240,7)
(281,37)
(239,21)
(272,47)
(256,43)
(97,8)
(158,17)
(88,35)
(194,3)
(130,38)
(43,30)
(135,10)
(131,43)
(192,5)
(11,24)
(209,32)
(157,47)
(162,13)
(232,14)
(131,7)
(126,35)
(112,24)
(81,23)
(94,35)
(52,32)
(192,47)
(143,15)
(100,24)
(125,23)
(162,18)
(119,30)
(299,44)
(67,25)
(261,39)
(277,38)
(197,19)
(239,7)
(162,22)
(150,5)
(45,47)
(216,16)
(84,10)
(216,41)
(284,21)
(24,42)
(145,6)
(38,14)
(68,24)
(228,39)
(266,34)
(184,10)
(116,11)
(22,44)
(270,35)
(250,38)
(220,33)
(57,40)
(62,0)
(299,23)
(50,31)
(244,28)
(228,28)
(78,17)
(50,36)
(150,0)
(28,28)
(106,8)
(72,4)
(280,15)
(211,23)
(210,26)
(134,36)
(274,24)
(273,41)
(149,35)
(269,40)
(277,21)
(155,45)
(113,39)
(185,19)
(177,23)
(156,24)
(211,5)
(67,15)
(264,17)
(211,33)
(129,16)
(192,15)
(73,14)
(20,12)
(47,11)
(137,15)
(285,19)
(238,21)
(294,18)
(214,16)
(207,31)
(137,41)
(272,43)
(256,30)
(261,30)
(296,33)
(130,34)
(3,26)
(45,29)
(216,47)
(103,3)
(221,6)
(49,47)
(180,14)
(87,47)
(196,0)
(150,41)
(207,7)
(40,45)
(20,35)
(178,9)
(53,8)
(75,39)
(59,26)
(76,33)
(85,34)
(46,12)
(173,26)
(163,15)
(120,32)
(84,12)
(269,38)
(283,11)
(253,34)
(26,8)
(46,44)
(195,4)
(27,6)
(293,42)
(191,31)
(101,32)
(82,43)
(247,47)
(161,9)
(116,20)
(145,28)
(141,38)
(49,37)
(44,21)
(41,32)
(82,35)
(129,38)
