300 Users
48 Files
3500 Transactions
2 Maximum Connections
1 Cycle Length per Upload-Download
0 Warm-up Transactions
0.400000 Zipf constant
5 Pre-Trusted Users
120 Well-Behaved (Good) Users
180 Purely Malicious Users
0 Feedback Skewing Users
0 Malignant Providing Users
0 Disguised Malicous Users
0 Sybil Attack Users
true Intelligent Trans. Generation
1561015005698 Trace Generation Seed

(0.087160,0.000000,1,false)
(0.039870,0.000000,1,false)
(0.003474,0.000000,1,false)
(0.018103,0.000000,1,false)
(0.018845,0.000000,1,false)
(0.016943,0.000000,1,false)
(0.013273,0.000000,1,false)
(0.040541,0.000000,1,false)
(0.043017,0.000000,1,false)
(0.082644,0.000000,1,false)
(0.093418,0.000000,1,false)
(0.048653,0.000000,1,false)
(0.038650,0.000000,1,false)
(0.006702,0.000000,1,false)
(0.090629,0.000000,1,false)
(0.093800,0.000000,1,false)
(0.089546,0.000000,1,false)
(0.034779,0.000000,1,false)
(0.090700,0.000000,1,false)
(0.012922,0.000000,1,false)
(0.009225,0.000000,1,false)
(0.050886,0.000000,1,false)
(0.007867,0.000000,1,false)
(0.009476,0.000000,1,false)
(0.028849,0.000000,1,false)
(0.007509,0.000000,1,false)
(0.044246,0.000000,1,false)
(0.076979,0.000000,1,false)
(0.008962,0.000000,1,false)
(0.039643,0.000000,1,false)
(0.064562,0.000000,1,false)
(0.070848,0.000000,1,false)
(0.042981,0.000000,1,false)
(0.077463,0.000000,1,false)
(0.027578,0.000000,1,false)
(0.084302,0.000000,1,false)
(0.030602,0.000000,1,false)
(0.099010,0.000000,1,false)
(0.064947,0.000000,1,false)
(0.012374,0.000000,1,false)
(0.012689,0.000000,1,false)
(0.019064,0.000000,1,false)
(0.000661,0.000000,1,false)
(0.094355,0.000000,1,false)
(0.075692,0.000000,1,false)
(0.093291,0.000000,1,false)
(0.059822,0.000000,1,false)
(0.009535,0.000000,1,false)
(0.053295,0.000000,1,false)
(0.027764,0.000000,1,false)
(0.024164,0.000000,1,false)
(0.063645,0.000000,1,false)
(0.075737,0.000000,1,false)
(0.023151,0.000000,1,false)
(0.053564,0.000000,1,false)
(0.044172,0.000000,1,false)
(0.043110,0.000000,1,false)
(0.050118,0.000000,1,false)
(0.007741,0.000000,1,false)
(0.041534,0.000000,1,false)
(0.027979,0.000000,1,false)
(0.047925,0.000000,1,false)
(0.070359,0.000000,1,false)
(0.030089,0.000000,1,false)
(0.044774,0.000000,1,false)
(0.061717,0.000000,1,false)
(0.099011,0.000000,1,false)
(0.078065,0.000000,1,false)
(0.058650,0.000000,1,false)
(0.085675,0.000000,1,false)
(0.098817,0.000000,1,false)
(0.008674,0.000000,1,false)
(0.044921,0.000000,1,false)
(0.058990,0.000000,1,false)
(0.044844,0.000000,1,false)
(0.066079,0.000000,1,false)
(0.051635,0.000000,1,false)
(0.069499,0.000000,1,false)
(0.059106,0.000000,1,false)
(0.049314,0.000000,1,false)
(0.062542,0.000000,1,false)
(0.055903,0.000000,1,false)
(0.081615,0.000000,1,false)
(0.064869,0.000000,1,false)
(0.005392,0.000000,1,false)
(0.063613,0.000000,1,false)
(0.061733,0.000000,1,false)
(0.014374,0.000000,1,false)
(0.001450,0.000000,1,false)
(0.001556,0.000000,1,false)
(0.036061,0.000000,1,false)
(0.077664,0.000000,1,false)
(0.006054,0.000000,1,false)
(0.067722,0.000000,1,false)
(0.052129,0.000000,1,false)
(0.073485,0.000000,1,false)
(0.047232,0.000000,1,false)
(0.059700,0.000000,1,false)
(0.043374,0.000000,1,false)
(0.080177,0.000000,1,false)
(0.029585,0.000000,1,false)
(0.063191,0.000000,1,false)
(0.060172,0.000000,1,false)
(0.076931,0.000000,1,false)
(0.034084,0.000000,1,false)
(0.016194,0.000000,1,false)
(0.014183,0.000000,1,false)
(0.022515,0.000000,1,false)
(0.010884,0.000000,1,false)
(0.079536,0.000000,1,false)
(0.098781,0.000000,1,false)
(0.022888,0.000000,1,false)
(0.031910,0.000000,1,false)
(0.005409,0.000000,1,false)
(0.007061,0.000000,1,false)
(0.051684,0.000000,1,false)
(0.042731,0.000000,1,false)
(0.084752,0.000000,1,false)
(0.080741,0.000000,1,false)
(0.078276,0.000000,1,false)
(0.029084,0.000000,1,false)
(0.071607,0.000000,1,false)
(0.088186,0.000000,1,false)
(0.026990,0.000000,1,false)
(0.092464,0.000000,1,false)
(0.027983,0.000000,1,false)
(0.047877,0.000000,1,false)
(0.038004,0.000000,1,false)
(0.011266,0.000000,1,false)
(0.006288,0.000000,1,false)
(0.084821,0.000000,1,false)
(0.025562,0.000000,1,false)
(0.049278,0.000000,1,false)
(0.088066,0.000000,1,false)
(0.031732,0.000000,1,false)
(0.032361,0.000000,1,false)
(0.061654,0.000000,1,false)
(0.027550,0.000000,1,false)
(0.064228,0.000000,1,false)
(0.060305,0.000000,1,false)
(0.040032,0.000000,1,false)
(0.006454,0.000000,1,false)
(0.089888,0.000000,1,false)
(0.017324,0.000000,1,false)
(0.033074,0.000000,1,false)
(0.092459,0.000000,1,false)
(0.094675,0.000000,1,false)
(0.057505,0.000000,1,false)
(0.076464,0.000000,1,false)
(0.008030,0.000000,1,false)
(0.087065,0.000000,1,false)
(0.007551,0.000000,1,false)
(0.067286,0.000000,1,false)
(0.058440,0.000000,1,false)
(0.070165,0.000000,1,false)
(0.066396,0.000000,1,false)
(0.021692,0.000000,1,false)
(0.038342,0.000000,1,false)
(0.015145,0.000000,1,false)
(0.036814,0.000000,1,false)
(0.061913,0.000000,1,false)
(0.034724,0.000000,1,false)
(0.005540,0.000000,1,false)
(0.097911,0.000000,1,false)
(0.088912,0.000000,1,false)
(0.070760,0.000000,1,false)
(0.071256,0.000000,1,false)
(0.055656,0.000000,1,false)
(0.010365,0.000000,1,false)
(0.089854,0.000000,1,false)
(0.033582,0.000000,1,false)
(0.014923,0.000000,1,false)
(0.010151,0.000000,1,false)
(0.062078,0.000000,1,false)
(0.038060,0.000000,1,false)
(0.001015,0.000000,1,false)
(0.065161,0.000000,1,false)
(0.006257,0.000000,1,false)
(0.060772,0.000000,1,false)
(0.021207,0.000000,1,false)
(0.961996,1.000000,0,true)
(0.939923,1.000000,0,true)
(0.964609,1.000000,0,true)
(0.902398,1.000000,0,true)
(0.999959,1.000000,0,true)
(0.902074,1.000000,0,false)
(0.936664,1.000000,0,false)
(0.978586,1.000000,0,false)
(0.931783,1.000000,0,false)
(0.908442,1.000000,0,false)
(0.962634,1.000000,0,false)
(0.924217,1.000000,0,false)
(0.928753,1.000000,0,false)
(0.967808,1.000000,0,false)
(0.969783,1.000000,0,false)
(0.950688,1.000000,0,false)
(0.903986,1.000000,0,false)
(0.915627,1.000000,0,false)
(0.925870,1.000000,0,false)
(0.984257,1.000000,0,false)
(0.996629,1.000000,0,false)
(0.978369,1.000000,0,false)
(0.915378,1.000000,0,false)
(0.913448,1.000000,0,false)
(0.955930,1.000000,0,false)
(0.998042,1.000000,0,false)
(0.937633,1.000000,0,false)
(0.947321,1.000000,0,false)
(0.949830,1.000000,0,false)
(0.922895,1.000000,0,false)
(0.959219,1.000000,0,false)
(0.980754,1.000000,0,false)
(0.974995,1.000000,0,false)
(0.906116,1.000000,0,false)
(0.966290,1.000000,0,false)
(0.997184,1.000000,0,false)
(0.994286,1.000000,0,false)
(0.962044,1.000000,0,false)
(0.922451,1.000000,0,false)
(0.995401,1.000000,0,false)
(0.973706,1.000000,0,false)
(0.909048,1.000000,0,false)
(0.944792,1.000000,0,false)
(0.905016,1.000000,0,false)
(0.933711,1.000000,0,false)
(0.979622,1.000000,0,false)
(0.964486,1.000000,0,false)
(0.955124,1.000000,0,false)
(0.969505,1.000000,0,false)
(0.901663,1.000000,0,false)
(0.939027,1.000000,0,false)
(0.982465,1.000000,0,false)
(0.931590,1.000000,0,false)
(0.950036,1.000000,0,false)
(0.930771,1.000000,0,false)
(0.909036,1.000000,0,false)
(0.991330,1.000000,0,false)
(0.934697,1.000000,0,false)
(0.960839,1.000000,0,false)
(0.984631,1.000000,0,false)
(0.946627,1.000000,0,false)
(0.930536,1.000000,0,false)
(0.988784,1.000000,0,false)
(0.977202,1.000000,0,false)
(0.950108,1.000000,0,false)
(0.965002,1.000000,0,false)
(0.956586,1.000000,0,false)
(0.903178,1.000000,0,false)
(0.966296,1.000000,0,false)
(0.962248,1.000000,0,false)
(0.970609,1.000000,0,false)
(0.921090,1.000000,0,false)
(0.985256,1.000000,0,false)
(0.997144,1.000000,0,false)
(0.977078,1.000000,0,false)
(0.964803,1.000000,0,false)
(0.938082,1.000000,0,false)
(0.938965,1.000000,0,false)
(0.915457,1.000000,0,false)
(0.967628,1.000000,0,false)
(0.974318,1.000000,0,false)
(0.962893,1.000000,0,false)
(0.909771,1.000000,0,false)
(0.925314,1.000000,0,false)
(0.973042,1.000000,0,false)
(0.977702,1.000000,0,false)
(0.980498,1.000000,0,false)
(0.964600,1.000000,0,false)
(0.967842,1.000000,0,false)
(0.960077,1.000000,0,false)
(0.929070,1.000000,0,false)
(0.924530,1.000000,0,false)
(0.971268,1.000000,0,false)
(0.999975,1.000000,0,false)
(0.963349,1.000000,0,false)
(0.920119,1.000000,0,false)
(0.986599,1.000000,0,false)
(0.947294,1.000000,0,false)
(0.995602,1.000000,0,false)
(0.942263,1.000000,0,false)
(0.993893,1.000000,0,false)
(0.907809,1.000000,0,false)
(0.954592,1.000000,0,false)
(0.953913,1.000000,0,false)
(0.993262,1.000000,0,false)
(0.965952,1.000000,0,false)
(0.910307,1.000000,0,false)
(0.970586,1.000000,0,false)
(0.981219,1.000000,0,false)
(0.913443,1.000000,0,false)
(0.913667,1.000000,0,false)
(0.963152,1.000000,0,false)
(0.925647,1.000000,0,false)
(0.936146,1.000000,0,false)
(0.904233,1.000000,0,false)
(0.992656,1.000000,0,false)
(0.991604,1.000000,0,false)
(0.956734,1.000000,0,false)
(0.936513,1.000000,0,false)
(0.980556,1.000000,0,false)

(0,0,false)
(1,0,false)
(3,0,false)
(4,0,false)
(5,0,false)
(6,0,false)
(7,0,false)
(8,0,false)
(11,0,false)
(12,0,false)
(13,0,false)
(14,0,false)
(15,0,false)
(16,0,false)
(17,0,false)
(19,0,false)
(20,0,false)
(22,0,false)
(24,0,false)
(25,0,false)
(27,0,true)
(28,0,false)
(29,0,false)
(30,0,false)
(31,0,false)
(32,0,false)
(33,0,false)
(34,0,false)
(36,0,false)
(37,0,true)
(38,0,false)
(39,0,false)
(40,0,false)
(44,0,false)
(48,0,false)
(49,0,false)
(50,0,false)
(51,0,false)
(52,0,false)
(53,0,false)
(55,0,false)
(56,0,false)
(57,0,false)
(58,0,false)
(60,0,false)
(62,0,false)
(63,0,false)
(64,0,false)
(65,0,false)
(66,0,false)
(68,0,false)
(69,0,false)
(70,0,false)
(71,0,false)
(72,0,false)
(73,0,false)
(74,0,false)
(75,0,true)
(76,0,false)
(78,0,false)
(79,0,false)
(80,0,false)
(81,0,false)
(82,0,false)
(83,0,false)
(84,0,false)
(85,0,false)
(86,0,false)
(87,0,false)
(89,0,false)
(90,0,false)
(91,0,false)
(94,0,false)
(95,0,false)
(96,0,false)
(97,0,false)
(98,0,false)
(99,0,false)
(100,0,false)
(101,0,false)
(102,0,false)
(103,0,false)
(104,0,false)
(106,0,false)
(107,0,false)
(108,0,false)
(109,0,false)
(110,0,false)
(111,0,false)
(112,0,false)
(113,0,false)
(114,0,false)
(115,0,true)
(116,0,false)
(117,0,false)
(118,0,false)
(120,0,false)
(121,0,false)
(123,0,false)
(125,0,false)
(126,0,false)
(128,0,false)
(129,0,false)
(130,0,false)
(132,0,false)
(133,0,false)
(135,0,false)
(136,0,false)
(138,0,false)
(139,0,false)
(142,0,false)
(143,0,false)
(144,0,false)
(145,0,false)
(146,0,false)
(147,0,false)
(148,0,false)
(151,0,false)
(152,0,false)
(154,0,false)
(155,0,false)
(157,0,false)
(158,0,false)
(159,0,false)
(160,0,false)
(161,0,false)
(163,0,false)
(165,0,false)
(166,0,true)
(167,0,false)
(168,0,false)
(169,0,false)
(170,0,false)
(171,0,false)
(172,0,false)
(173,0,false)
(174,0,false)
(175,0,false)
(176,0,false)
(178,0,false)
(180,0,true)
(181,0,true)
(182,0,true)
(183,0,true)
(184,0,true)
(187,0,true)
(188,0,true)
(190,0,true)
(191,0,true)
(192,0,true)
(193,0,true)
(194,0,true)
(195,0,true)
(196,0,true)
(197,0,true)
(198,0,true)
(199,0,true)
(200,0,true)
(201,0,true)
(203,0,true)
(205,0,true)
(206,0,true)
(208,0,true)
(209,0,true)
(210,0,true)
(211,0,true)
(213,0,true)
(214,0,true)
(215,0,true)
(218,0,true)
(219,0,true)
(220,0,true)
(221,0,true)
(223,0,true)
(224,0,true)
(225,0,true)
(226,0,true)
(227,0,true)
(229,0,true)
(230,0,true)
(231,0,true)
(232,0,true)
(234,0,true)
(237,0,true)
(238,0,true)
(240,0,true)
(241,0,true)
(242,0,true)
(244,0,true)
(245,0,true)
(247,0,true)
(248,0,true)
(250,0,true)
(252,0,true)
(255,0,true)
(256,0,true)
(257,0,true)
(258,0,true)
(260,0,true)
(261,0,true)
(263,0,true)
(264,0,true)
(266,0,true)
(267,0,true)
(268,0,true)
(269,0,true)
(270,0,true)
(272,0,true)
(274,0,true)
(276,0,true)
(277,0,false)
(278,0,true)
(279,0,true)
(280,0,true)
(281,0,true)
(284,0,true)
(285,0,true)
(286,0,true)
(288,0,true)
(289,0,true)
(291,0,true)
(292,0,true)
(293,0,true)
(294,0,true)
(295,0,true)
(296,0,true)
(297,0,true)
(299,0,true)
(1,1,false)
(2,1,false)
(6,1,false)
(8,1,false)
(9,1,true)
(11,1,false)
(15,1,false)
(16,1,false)
(19,1,false)
(20,1,false)
(23,1,false)
(26,1,false)
(27,1,false)
(29,1,false)
(30,1,false)
(31,1,false)
(33,1,false)
(35,1,false)
(36,1,false)
(37,1,false)
(38,1,false)
(41,1,false)
(42,1,false)
(43,1,false)
(44,1,true)
(45,1,false)
(46,1,false)
(47,1,false)
(48,1,false)
(49,1,false)
(51,1,false)
(52,1,false)
(57,1,false)
(59,1,false)
(61,1,false)
(62,1,false)
(63,1,false)
(64,1,false)
(67,1,false)
(71,1,false)
(72,1,false)
(74,1,false)
(75,1,true)
(80,1,true)
(81,1,false)
(82,1,false)
(83,1,false)
(87,1,false)
(90,1,false)
(91,1,false)
(92,1,false)
(93,1,false)
(94,1,false)
(95,1,false)
(98,1,false)
(99,1,false)
(102,1,false)
(104,1,false)
(105,1,false)
(106,1,false)
(109,1,false)
(111,1,false)
(112,1,false)
(114,1,false)
(115,1,false)
(116,1,false)
(117,1,false)
(119,1,false)
(121,1,false)
(122,1,false)
(123,1,false)
(124,1,false)
(125,1,false)
(126,1,false)
(127,1,false)
(128,1,false)
(129,1,false)
(132,1,false)
(133,1,false)
(135,1,false)
(137,1,false)
(140,1,false)
(142,1,false)
(143,1,false)
(144,1,false)
(146,1,true)
(148,1,false)
(150,1,false)
(151,1,false)
(152,1,false)
(153,1,true)
(154,1,true)
(155,1,false)
(156,1,false)
(157,1,false)
(159,1,false)
(161,1,false)
(162,1,false)
(165,1,false)
(166,1,true)
(168,1,false)
(169,1,false)
(171,1,false)
(172,1,false)
(173,1,false)
(174,1,false)
(176,1,false)
(177,1,false)
(179,1,false)
(181,1,true)
(182,1,true)
(184,1,true)
(185,1,true)
(188,1,true)
(189,1,true)
(190,1,true)
(191,1,true)
(192,1,true)
(193,1,true)
(194,1,true)
(195,1,true)
(196,1,true)
(197,1,true)
(198,1,true)
(199,1,true)
(200,1,true)
(202,1,false)
(204,1,true)
(205,1,true)
(207,1,true)
(208,1,true)
(209,1,true)
(210,1,true)
(211,1,true)
(212,1,true)
(213,1,true)
(215,1,true)
(216,1,true)
(217,1,true)
(218,1,false)
(219,1,true)
(220,1,true)
(222,1,true)
(223,1,true)
(228,1,true)
(229,1,true)
(231,1,true)
(232,1,true)
(233,1,true)
(234,1,true)
(235,1,true)
(237,1,true)
(239,1,true)
(240,1,true)
(243,1,true)
(245,1,true)
(246,1,true)
(247,1,true)
(248,1,true)
(250,1,true)
(252,1,true)
(254,1,true)
(256,1,true)
(257,1,true)
(258,1,true)
(259,1,true)
(261,1,true)
(263,1,false)
(264,1,true)
(265,1,true)
(266,1,true)
(267,1,true)
(269,1,true)
(271,1,true)
(272,1,true)
(273,1,true)
(274,1,true)
(275,1,true)
(276,1,true)
(278,1,true)
(280,1,true)
(285,1,true)
(286,1,true)
(289,1,true)
(291,1,true)
(293,1,true)
(294,1,true)
(296,1,true)
(297,1,true)
(298,1,true)
(299,1,true)
(1,2,false)
(6,2,false)
(7,2,false)
(9,2,false)
(11,2,true)
(14,2,false)
(15,2,false)
(16,2,false)
(17,2,false)
(18,2,false)
(20,2,false)
(21,2,false)
(23,2,false)
(25,2,false)
(26,2,false)
(27,2,false)
(28,2,false)
(30,2,false)
(31,2,false)
(33,2,false)
(35,2,false)
(37,2,false)
(38,2,false)
(39,2,false)
(40,2,false)
(41,2,false)
(42,2,false)
(44,2,false)
(45,2,false)
(46,2,false)
(47,2,false)
(49,2,false)
(51,2,false)
(53,2,false)
(54,2,false)
(56,2,false)
(57,2,false)
(58,2,false)
(59,2,false)
(61,2,false)
(62,2,true)
(63,2,false)
(65,2,false)
(68,2,false)
(69,2,false)
(70,2,true)
(73,2,false)
(75,2,false)
(76,2,true)
(77,2,false)
(78,2,false)
(79,2,false)
(81,2,false)
(82,2,false)
(83,2,false)
(84,2,false)
(87,2,false)
(88,2,false)
(89,2,false)
(90,2,false)
(91,2,false)
(92,2,false)
(93,2,false)
(95,2,false)
(96,2,false)
(100,2,false)
(101,2,false)
(102,2,false)
(106,2,false)
(109,2,false)
(110,2,false)
(111,2,false)
(112,2,false)
(113,2,false)
(116,2,false)
(117,2,false)
(118,2,false)
(119,2,false)
(121,2,false)
(122,2,false)
(123,2,false)
(124,2,true)
(125,2,false)
(126,2,false)
(127,2,false)
(128,2,false)
(130,2,false)
(132,2,false)
(135,2,false)
(137,2,false)
(141,2,false)
(142,2,false)
(145,2,false)
(146,2,false)
(150,2,false)
(151,2,false)
(152,2,false)
(153,2,false)
(155,2,false)
(157,2,false)
(158,2,false)
(159,2,false)
(161,2,false)
(164,2,false)
(165,2,false)
(167,2,false)
(168,2,false)
(169,2,false)
(170,2,false)
(172,2,false)
(174,2,false)
(175,2,false)
(176,2,false)
(177,2,false)
(178,2,false)
(179,2,false)
(180,2,true)
(182,2,true)
(185,2,true)
(187,2,true)
(188,2,true)
(189,2,true)
(190,2,true)
(191,2,true)
(192,2,true)
(193,2,true)
(196,2,true)
(197,2,true)
(198,2,true)
(200,2,true)
(205,2,true)
(206,2,true)
(211,2,true)
(212,2,true)
(213,2,true)
(214,2,true)
(215,2,true)
(216,2,true)
(217,2,true)
(218,2,true)
(221,2,true)
(222,2,true)
(223,2,true)
(224,2,true)
(225,2,true)
(229,2,true)
(232,2,true)
(233,2,true)
(234,2,true)
(235,2,true)
(236,2,true)
(238,2,true)
(239,2,true)
(240,2,true)
(241,2,true)
(243,2,true)
(245,2,true)
(246,2,true)
(247,2,true)
(248,2,true)
(251,2,true)
(252,2,true)
(255,2,true)
(257,2,true)
(259,2,true)
(260,2,true)
(262,2,true)
(263,2,true)
(264,2,true)
(265,2,true)
(270,2,true)
(271,2,true)
(273,2,true)
(274,2,true)
(275,2,true)
(278,2,true)
(279,2,true)
(281,2,true)
(283,2,true)
(285,2,true)
(287,2,true)
(289,2,true)
(292,2,true)
(295,2,true)
(296,2,true)
(297,2,true)
(298,2,false)
(299,2,true)
(1,3,false)
(3,3,false)
(4,3,false)
(6,3,false)
(8,3,false)
(10,3,false)
(13,3,false)
(14,3,false)
(16,3,false)
(17,3,false)
(18,3,false)
(21,3,false)
(26,3,false)
(27,3,false)
(28,3,false)
(36,3,false)
(40,3,false)
(41,3,false)
(43,3,false)
(44,3,false)
(51,3,false)
(54,3,false)
(55,3,false)
(56,3,false)
(58,3,false)
(66,3,false)
(67,3,false)
(68,3,false)
(70,3,false)
(71,3,false)
(73,3,false)
(75,3,false)
(77,3,false)
(78,3,false)
(89,3,false)
(90,3,false)
(92,3,false)
(93,3,false)
(98,3,false)
(99,3,false)
(100,3,false)
(101,3,false)
(104,3,false)
(108,3,false)
(109,3,false)
(110,3,false)
(111,3,false)
(115,3,false)
(117,3,false)
(120,3,false)
(121,3,false)
(122,3,false)
(125,3,false)
(126,3,false)
(127,3,false)
(129,3,false)
(131,3,false)
(132,3,false)
(133,3,false)
(135,3,false)
(136,3,false)
(137,3,false)
(141,3,false)
(144,3,false)
(147,3,false)
(149,3,false)
(152,3,true)
(154,3,false)
(155,3,false)
(156,3,false)
(161,3,false)
(162,3,false)
(163,3,false)
(164,3,false)
(165,3,false)
(166,3,false)
(167,3,false)
(169,3,false)
(173,3,false)
(174,3,false)
(175,3,false)
(179,3,false)
(181,3,true)
(182,3,true)
(183,3,false)
(184,3,true)
(185,3,true)
(186,3,true)
(190,3,true)
(197,3,true)
(198,3,true)
(199,3,true)
(201,3,true)
(206,3,false)
(209,3,true)
(210,3,true)
(213,3,true)
(214,3,true)
(215,3,true)
(216,3,true)
(217,3,false)
(221,3,true)
(222,3,false)
(223,3,true)
(225,3,true)
(226,3,true)
(227,3,false)
(230,3,true)
(232,3,true)
(233,3,true)
(236,3,true)
(237,3,true)
(238,3,true)
(239,3,true)
(240,3,true)
(241,3,true)
(246,3,true)
(247,3,true)
(248,3,true)
(250,3,true)
(254,3,true)
(255,3,true)
(256,3,true)
(257,3,false)
(258,3,true)
(259,3,true)
(260,3,true)
(262,3,true)
(263,3,true)
(265,3,true)
(267,3,true)
(270,3,true)
(271,3,true)
(272,3,true)
(275,3,true)
(277,3,true)
(280,3,true)
(281,3,true)
(282,3,true)
(285,3,true)
(291,3,true)
(292,3,true)
(293,3,true)
(297,3,true)
(299,3,true)
(4,4,false)
(5,4,false)
(6,4,false)
(7,4,true)
(9,4,false)
(12,4,false)
(14,4,false)
(17,4,false)
(18,4,false)
(19,4,false)
(25,4,false)
(29,4,false)
(31,4,false)
(32,4,false)
(33,4,false)
(34,4,false)
(37,4,false)
(39,4,false)
(40,4,false)
(41,4,false)
(42,4,false)
(43,4,true)
(44,4,true)
(45,4,false)
(46,4,false)
(47,4,false)
(48,4,false)
(50,4,false)
(52,4,false)
(53,4,false)
(54,4,false)
(55,4,false)
(57,4,false)
(61,4,false)
(62,4,false)
(63,4,false)
(64,4,false)
(65,4,false)
(69,4,false)
(72,4,false)
(73,4,false)
(80,4,false)
(82,4,false)
(84,4,false)
(85,4,false)
(86,4,false)
(87,4,false)
(91,4,true)
(92,4,false)
(93,4,false)
(94,4,false)
(95,4,true)
(96,4,false)
(97,4,false)
(98,4,false)
(100,4,false)
(101,4,false)
(103,4,false)
(104,4,false)
(105,4,false)
(109,4,false)
(113,4,false)
(114,4,false)
(116,4,false)
(120,4,false)
(122,4,false)
(125,4,false)
(126,4,false)
(127,4,false)
(130,4,false)
(131,4,false)
(132,4,false)
(134,4,false)
(135,4,false)
(138,4,false)
(141,4,false)
(142,4,false)
(149,4,false)
(150,4,false)
(151,4,false)
(160,4,false)
(167,4,false)
(169,4,false)
(171,4,false)
(172,4,false)
(174,4,false)
(175,4,false)
(178,4,false)
(179,4,false)
(180,4,true)
(181,4,true)
(182,4,true)
(183,4,true)
(192,4,true)
(193,4,true)
(194,4,true)
(197,4,true)
(198,4,true)
(200,4,true)
(206,4,true)
(210,4,true)
(211,4,true)
(214,4,true)
(215,4,true)
(218,4,true)
(219,4,true)
(220,4,true)
(222,4,true)
(223,4,true)
(225,4,true)
(226,4,true)
(230,4,true)
(233,4,false)
(235,4,true)
(236,4,true)
(242,4,true)
(244,4,true)
(245,4,true)
(247,4,false)
(248,4,true)
(249,4,true)
(250,4,true)
(252,4,true)
(255,4,true)
(256,4,true)
(258,4,true)
(259,4,true)
(263,4,true)
(264,4,true)
(265,4,true)
(266,4,true)
(267,4,true)
(268,4,true)
(270,4,true)
(274,4,true)
(275,4,true)
(276,4,true)
(277,4,true)
(278,4,true)
(279,4,true)
(281,4,true)
(285,4,true)
(286,4,true)
(288,4,true)
(290,4,true)
(292,4,false)
(294,4,true)
(296,4,true)
(0,5,false)
(3,5,false)
(5,5,false)
(6,5,false)
(10,5,false)
(11,5,false)
(12,5,false)
(15,5,false)
(18,5,false)
(19,5,false)
(20,5,false)
(21,5,false)
(26,5,false)
(29,5,false)
(31,5,true)
(32,5,false)
(36,5,false)
(37,5,false)
(40,5,false)
(42,5,false)
(43,5,false)
(44,5,false)
(46,5,false)
(50,5,false)
(51,5,false)
(52,5,false)
(53,5,false)
(55,5,false)
(56,5,false)
(57,5,false)
(58,5,false)
(60,5,false)
(62,5,false)
(63,5,false)
(65,5,false)
(67,5,false)
(71,5,false)
(72,5,false)
(73,5,false)
(74,5,false)
(76,5,false)
(79,5,false)
(80,5,false)
(81,5,false)
(84,5,false)
(87,5,false)
(88,5,false)
(94,5,false)
(95,5,false)
(96,5,false)
(102,5,false)
(105,5,false)
(107,5,false)
(109,5,false)
(111,5,false)
(112,5,false)
(114,5,false)
(118,5,false)
(119,5,true)
(128,5,false)
(129,5,false)
(132,5,false)
(134,5,false)
(137,5,false)
(138,5,false)
(142,5,false)
(143,5,false)
(145,5,false)
(146,5,false)
(147,5,false)
(148,5,false)
(152,5,false)
(153,5,false)
(154,5,false)
(155,5,false)
(156,5,false)
(157,5,false)
(160,5,false)
(164,5,true)
(166,5,false)
(168,5,false)
(169,5,false)
(173,5,false)
(174,5,false)
(176,5,false)
(179,5,false)
(180,5,true)
(190,5,true)
(191,5,true)
(192,5,true)
(193,5,true)
(195,5,true)
(197,5,true)
(198,5,false)
(200,5,true)
(202,5,true)
(207,5,true)
(208,5,true)
(210,5,true)
(212,5,true)
(213,5,true)
(216,5,true)
(220,5,true)
(223,5,true)
(225,5,true)
(226,5,true)
(228,5,true)
(229,5,true)
(230,5,false)
(231,5,true)
(234,5,true)
(235,5,true)
(238,5,true)
(239,5,true)
(241,5,true)
(242,5,true)
(243,5,true)
(245,5,true)
(247,5,true)
(248,5,true)
(250,5,true)
(251,5,true)
(252,5,true)
(254,5,true)
(258,5,true)
(259,5,true)
(260,5,true)
(261,5,true)
(262,5,true)
(263,5,true)
(270,5,true)
(271,5,true)
(275,5,true)
(277,5,true)
(278,5,true)
(279,5,true)
(283,5,true)
(286,5,true)
(288,5,true)
(290,5,true)
(291,5,true)
(292,5,true)
(295,5,true)
(298,5,true)
(299,5,true)
(0,6,false)
(1,6,false)
(3,6,true)
(4,6,false)
(6,6,false)
(8,6,false)
(10,6,false)
(11,6,false)
(12,6,false)
(13,6,false)
(14,6,true)
(17,6,false)
(18,6,false)
(21,6,false)
(22,6,false)
(24,6,false)
(25,6,true)
(27,6,false)
(32,6,false)
(33,6,false)
(34,6,false)
(39,6,false)
(40,6,false)
(44,6,false)
(46,6,false)
(47,6,false)
(50,6,false)
(53,6,false)
(54,6,false)
(55,6,false)
(57,6,false)
(59,6,false)
(60,6,false)
(62,6,false)
(63,6,false)
(72,6,false)
(74,6,false)
(75,6,false)
(77,6,true)
(78,6,true)
(79,6,false)
(82,6,false)
(83,6,false)
(85,6,false)
(89,6,false)
(92,6,false)
(94,6,false)
(101,6,false)
(102,6,false)
(103,6,false)
(108,6,false)
(109,6,false)
(110,6,false)
(111,6,false)
(112,6,false)
(115,6,false)
(120,6,false)
(121,6,false)
(122,6,false)
(123,6,false)
(127,6,false)
(129,6,false)
(132,6,false)
(134,6,false)
(135,6,false)
(138,6,true)
(139,6,false)
(140,6,false)
(144,6,false)
(145,6,false)
(147,6,false)
(149,6,false)
(152,6,false)
(153,6,false)
(158,6,false)
(161,6,false)
(162,6,false)
(166,6,false)
(168,6,false)
(169,6,true)
(170,6,false)
(171,6,false)
(173,6,false)
(174,6,false)
(175,6,false)
(176,6,false)
(177,6,false)
(178,6,false)
(180,6,true)
(184,6,true)
(191,6,true)
(192,6,true)
(196,6,true)
(198,6,true)
(205,6,true)
(206,6,true)
(209,6,true)
(212,6,true)
(215,6,true)
(216,6,true)
(218,6,true)
(220,6,true)
(221,6,true)
(223,6,true)
(227,6,true)
(228,6,true)
(229,6,true)
(235,6,true)
(237,6,true)
(245,6,true)
(246,6,true)
(248,6,true)
(250,6,true)
(257,6,true)
(258,6,true)
(259,6,true)
(263,6,true)
(264,6,true)
(267,6,true)
(274,6,true)
(276,6,true)
(279,6,true)
(280,6,true)
(281,6,true)
(283,6,true)
(284,6,true)
(285,6,true)
(287,6,true)
(294,6,false)
(298,6,true)
(1,7,false)
(4,7,false)
(13,7,false)
(14,7,true)
(15,7,true)
(18,7,false)
(26,7,false)
(27,7,false)
(28,7,false)
(29,7,false)
(30,7,false)
(40,7,false)
(42,7,false)
(45,7,false)
(47,7,true)
(48,7,false)
(49,7,false)
(53,7,false)
(60,7,false)
(62,7,false)
(63,7,false)
(64,7,false)
(67,7,false)
(69,7,false)
(71,7,false)
(72,7,false)
(75,7,false)
(76,7,false)
(78,7,false)
(80,7,false)
(86,7,false)
(90,7,false)
(96,7,false)
(97,7,false)
(99,7,false)
(102,7,false)
(103,7,false)
(105,7,false)
(107,7,false)
(109,7,false)
(110,7,false)
(111,7,false)
(112,7,false)
(113,7,false)
(114,7,false)
(115,7,false)
(118,7,false)
(121,7,false)
(124,7,false)
(128,7,false)
(137,7,false)
(139,7,true)
(143,7,false)
(144,7,false)
(145,7,false)
(146,7,false)
(150,7,false)
(151,7,false)
(153,7,false)
(157,7,false)
(161,7,false)
(169,7,false)
(170,7,false)
(171,7,false)
(172,7,false)
(173,7,false)
(175,7,false)
(176,7,false)
(181,7,true)
(184,7,true)
(188,7,true)
(192,7,false)
(193,7,true)
(194,7,true)
(198,7,true)
(203,7,true)
(209,7,true)
(210,7,true)
(211,7,true)
(212,7,true)
(214,7,true)
(220,7,true)
(224,7,true)
(226,7,false)
(227,7,true)
(228,7,true)
(230,7,true)
(233,7,true)
(235,7,true)
(237,7,true)
(239,7,true)
(240,7,true)
(241,7,true)
(243,7,true)
(245,7,true)
(246,7,true)
(250,7,true)
(253,7,true)
(254,7,true)
(255,7,true)
(258,7,true)
(261,7,true)
(265,7,true)
(266,7,true)
(270,7,true)
(271,7,true)
(273,7,true)
(277,7,true)
(280,7,true)
(281,7,true)
(283,7,true)
(284,7,true)
(285,7,true)
(287,7,true)
(289,7,true)
(291,7,true)
(292,7,true)
(298,7,true)
(299,7,true)
(2,8,false)
(6,8,false)
(7,8,false)
(8,8,false)
(9,8,false)
(11,8,false)
(14,8,false)
(18,8,false)
(19,8,false)
(21,8,false)
(24,8,false)
(26,8,false)
(27,8,true)
(28,8,false)
(32,8,false)
(33,8,false)
(35,8,false)
(36,8,false)
(38,8,false)
(39,8,false)
(41,8,false)
(42,8,false)
(49,8,false)
(50,8,false)
(52,8,false)
(55,8,false)
(56,8,false)
(58,8,false)
(61,8,false)
(68,8,false)
(69,8,false)
(72,8,false)
(77,8,false)
(80,8,false)
(81,8,false)
(82,8,false)
(83,8,false)
(92,8,false)
(93,8,false)
(95,8,false)
(96,8,false)
(97,8,false)
(100,8,false)
(103,8,false)
(105,8,false)
(106,8,false)
(107,8,false)
(108,8,false)
(110,8,true)
(113,8,false)
(115,8,false)
(117,8,false)
(119,8,false)
(123,8,false)
(125,8,false)
(126,8,false)
(131,8,false)
(132,8,false)
(133,8,false)
(137,8,false)
(139,8,true)
(141,8,false)
(144,8,false)
(146,8,false)
(148,8,false)
(150,8,false)
(151,8,false)
(152,8,false)
(155,8,false)
(158,8,false)
(161,8,true)
(162,8,false)
(163,8,true)
(167,8,false)
(169,8,false)
(172,8,false)
(175,8,false)
(186,8,true)
(188,8,true)
(191,8,true)
(192,8,true)
(197,8,true)
(198,8,true)
(199,8,true)
(200,8,true)
(202,8,true)
(203,8,true)
(204,8,true)
(211,8,true)
(215,8,true)
(218,8,true)
(221,8,true)
(222,8,true)
(226,8,true)
(229,8,true)
(232,8,true)
(246,8,true)
(247,8,true)
(248,8,true)
(250,8,true)
(251,8,true)
(252,8,true)
(253,8,true)
(256,8,true)
(257,8,true)
(260,8,true)
(261,8,true)
(262,8,false)
(263,8,false)
(265,8,true)
(266,8,true)
(268,8,true)
(269,8,true)
(272,8,true)
(273,8,true)
(275,8,true)
(279,8,true)
(288,8,true)
(289,8,true)
(290,8,true)
(291,8,true)
(292,8,true)
(299,8,true)
(1,9,false)
(3,9,false)
(6,9,false)
(9,9,false)
(10,9,false)
(12,9,false)
(18,9,true)
(21,9,false)
(22,9,false)
(24,9,false)
(25,9,false)
(26,9,false)
(27,9,false)
(28,9,false)
(29,9,false)
(30,9,false)
(31,9,false)
(33,9,false)
(34,9,false)
(42,9,false)
(43,9,false)
(45,9,false)
(49,9,false)
(50,9,false)
(52,9,false)
(56,9,false)
(57,9,false)
(58,9,false)
(63,9,false)
(66,9,false)
(74,9,false)
(75,9,false)
(78,9,false)
(83,9,false)
(86,9,false)
(87,9,false)
(88,9,false)
(89,9,false)
(96,9,false)
(98,9,false)
(100,9,false)
(103,9,false)
(104,9,false)
(105,9,false)
(106,9,false)
(108,9,false)
(109,9,false)
(113,9,false)
(117,9,false)
(120,9,false)
(122,9,false)
(124,9,false)
(125,9,false)
(127,9,false)
(129,9,false)
(130,9,false)
(132,9,false)
(133,9,false)
(137,9,false)
(139,9,false)
(141,9,false)
(142,9,false)
(143,9,false)
(146,9,false)
(149,9,false)
(152,9,false)
(154,9,false)
(155,9,false)
(156,9,false)
(165,9,false)
(170,9,false)
(172,9,false)
(173,9,false)
(174,9,false)
(176,9,false)
(179,9,false)
(180,9,true)
(181,9,true)
(185,9,true)
(186,9,true)
(188,9,true)
(189,9,true)
(190,9,true)
(191,9,true)
(192,9,true)
(194,9,true)
(195,9,true)
(199,9,true)
(204,9,true)
(206,9,true)
(207,9,true)
(212,9,true)
(213,9,true)
(215,9,true)
(217,9,true)
(218,9,true)
(222,9,true)
(223,9,false)
(224,9,true)
(229,9,false)
(234,9,true)
(236,9,true)
(238,9,true)
(239,9,true)
(241,9,true)
(244,9,true)
(248,9,true)
(250,9,true)
(255,9,true)
(258,9,true)
(259,9,true)
(260,9,true)
(261,9,true)
(266,9,true)
(267,9,true)
(271,9,true)
(272,9,true)
(273,9,true)
(277,9,true)
(278,9,true)
(279,9,true)
(285,9,true)
(286,9,true)
(287,9,true)
(288,9,true)
(291,9,true)
(292,9,true)
(295,9,true)
(298,9,true)
(299,9,true)
(4,10,false)
(5,10,false)
(6,10,false)
(9,10,false)
(14,10,false)
(15,10,false)
(19,10,false)
(20,10,false)
(29,10,false)
(30,10,false)
(31,10,false)
(32,10,false)
(36,10,false)
(37,10,false)
(39,10,false)
(44,10,false)
(45,10,false)
(49,10,false)
(54,10,false)
(55,10,false)
(62,10,false)
(63,10,false)
(68,10,false)
(75,10,false)
(84,10,false)
(86,10,false)
(88,10,false)
(92,10,false)
(94,10,false)
(95,10,false)
(96,10,false)
(101,10,false)
(105,10,false)
(107,10,false)
(110,10,false)
(112,10,false)
(113,10,false)
(117,10,true)
(118,10,false)
(123,10,false)
(124,10,false)
(125,10,false)
(128,10,false)
(129,10,false)
(132,10,false)
(133,10,false)
(139,10,false)
(140,10,false)
(143,10,false)
(145,10,false)
(149,10,false)
(150,10,false)
(152,10,false)
(155,10,false)
(156,10,false)
(157,10,false)
(158,10,false)
(159,10,false)
(160,10,false)
(165,10,false)
(167,10,false)
(169,10,false)
(173,10,false)
(179,10,false)
(181,10,true)
(183,10,true)
(184,10,true)
(188,10,true)
(189,10,true)
(195,10,true)
(199,10,true)
(205,10,true)
(206,10,true)
(208,10,true)
(211,10,true)
(212,10,true)
(214,10,true)
(217,10,true)
(220,10,true)
(221,10,true)
(227,10,true)
(228,10,true)
(229,10,true)
(231,10,true)
(235,10,true)
(236,10,true)
(245,10,true)
(247,10,true)
(248,10,true)
(249,10,true)
(250,10,true)
(252,10,true)
(253,10,true)
(258,10,true)
(261,10,true)
(262,10,false)
(264,10,true)
(266,10,true)
(270,10,true)
(271,10,true)
(272,10,true)
(277,10,true)
(278,10,true)
(280,10,true)
(283,10,true)
(284,10,true)
(286,10,true)
(289,10,true)
(292,10,true)
(293,10,true)
(296,10,true)
(2,11,false)
(12,11,false)
(13,11,false)
(18,11,false)
(28,11,false)
(29,11,false)
(35,11,false)
(38,11,false)
(41,11,false)
(45,11,false)
(48,11,false)
(51,11,false)
(52,11,false)
(57,11,false)
(58,11,false)
(61,11,false)
(63,11,false)
(68,11,false)
(71,11,false)
(74,11,false)
(81,11,false)
(90,11,false)
(94,11,false)
(97,11,false)
(98,11,false)
(103,11,false)
(104,11,false)
(108,11,false)
(110,11,false)
(116,11,false)
(120,11,false)
(121,11,false)
(125,11,false)
(126,11,false)
(127,11,false)
(128,11,false)
(132,11,false)
(136,11,false)
(139,11,false)
(142,11,false)
(143,11,false)
(146,11,false)
(148,11,false)
(150,11,false)
(158,11,false)
(159,11,false)
(160,11,false)
(163,11,false)
(169,11,false)
(170,11,false)
(174,11,false)
(177,11,false)
(178,11,false)
(179,11,false)
(180,11,true)
(181,11,true)
(185,11,false)
(187,11,true)
(190,11,true)
(191,11,true)
(193,11,true)
(197,11,true)
(198,11,true)
(199,11,true)
(201,11,true)
(204,11,true)
(206,11,true)
(211,11,true)
(218,11,true)
(222,11,true)
(226,11,true)
(228,11,true)
(237,11,true)
(238,11,false)
(239,11,true)
(241,11,true)
(244,11,true)
(246,11,true)
(247,11,true)
(248,11,true)
(252,11,true)
(253,11,true)
(254,11,true)
(255,11,true)
(256,11,true)
(257,11,true)
(258,11,true)
(266,11,true)
(267,11,true)
(268,11,true)
(271,11,true)
(274,11,true)
(275,11,true)
(277,11,true)
(279,11,true)
(281,11,true)
(282,11,true)
(283,11,true)
(285,11,true)
(293,11,false)
(295,11,true)
(297,11,true)
(2,12,false)
(9,12,true)
(10,12,false)
(11,12,false)
(12,12,false)
(17,12,false)
(24,12,false)
(27,12,false)
(29,12,false)
(37,12,false)
(38,12,false)
(40,12,false)
(41,12,false)
(44,12,false)
(52,12,false)
(57,12,true)
(61,12,false)
(62,12,false)
(68,12,false)
(73,12,false)
(82,12,false)
(83,12,false)
(84,12,false)
(85,12,false)
(91,12,false)
(92,12,false)
(93,12,false)
(94,12,false)
(97,12,false)
(99,12,true)
(101,12,false)
(105,12,false)
(115,12,false)
(117,12,false)
(119,12,false)
(122,12,false)
(124,12,false)
(125,12,false)
(128,12,false)
(129,12,false)
(130,12,false)
(133,12,false)
(136,12,false)
(142,12,false)
(148,12,false)
(155,12,false)
(159,12,false)
(167,12,false)
(168,12,false)
(174,12,false)
(176,12,false)
(179,12,false)
(181,12,true)
(182,12,true)
(185,12,true)
(191,12,true)
(192,12,false)
(194,12,false)
(197,12,true)
(198,12,true)
(199,12,true)
(211,12,false)
(212,12,true)
(215,12,true)
(216,12,true)
(217,12,true)
(219,12,true)
(220,12,true)
(221,12,false)
(227,12,true)
(230,12,true)
(232,12,true)
(242,12,true)
(245,12,true)
(246,12,true)
(248,12,true)
(250,12,true)
(251,12,true)
(255,12,true)
(256,12,true)
(257,12,true)
(258,12,true)
(260,12,true)
(263,12,true)
(265,12,true)
(268,12,true)
(269,12,true)
(274,12,true)
(275,12,true)
(278,12,true)
(279,12,true)
(281,12,true)
(287,12,true)
(293,12,true)
(296,12,true)
(5,13,true)
(8,13,false)
(9,13,false)
(11,13,false)
(12,13,false)
(17,13,false)
(20,13,false)
(21,13,false)
(22,13,false)
(23,13,false)
(24,13,false)
(25,13,false)
(26,13,false)
(31,13,false)
(33,13,false)
(37,13,false)
(38,13,false)
(44,13,false)
(45,13,true)
(46,13,false)
(48,13,false)
(55,13,false)
(57,13,false)
(58,13,false)
(62,13,false)
(69,13,false)
(71,13,false)
(74,13,false)
(83,13,false)
(93,13,false)
(96,13,false)
(97,13,false)
(98,13,false)
(99,13,false)
(100,13,false)
(101,13,false)
(103,13,false)
(105,13,false)
(108,13,false)
(110,13,false)
(112,13,false)
(113,13,false)
(114,13,false)
(117,13,false)
(120,13,false)
(123,13,false)
(125,13,false)
(126,13,false)
(127,13,false)
(133,13,false)
(135,13,false)
(137,13,false)
(139,13,false)
(141,13,false)
(150,13,false)
(151,13,false)
(152,13,false)
(153,13,false)
(158,13,false)
(159,13,false)
(165,13,false)
(171,13,false)
(172,13,false)
(173,13,false)
(181,13,true)
(183,13,true)
(186,13,false)
(189,13,true)
(191,13,false)
(194,13,true)
(196,13,false)
(197,13,true)
(198,13,true)
(200,13,true)
(203,13,true)
(205,13,true)
(206,13,true)
(210,13,true)
(212,13,true)
(213,13,true)
(217,13,true)
(218,13,true)
(219,13,true)
(222,13,true)
(225,13,true)
(226,13,true)
(227,13,true)
(228,13,true)
(232,13,true)
(234,13,true)
(235,13,true)
(236,13,true)
(239,13,true)
(240,13,true)
(243,13,true)
(244,13,true)
(245,13,true)
(246,13,true)
(252,13,true)
(255,13,true)
(256,13,true)
(257,13,true)
(263,13,true)
(266,13,true)
(270,13,true)
(273,13,true)
(277,13,true)
(287,13,true)
(289,13,false)
(290,13,true)
(292,13,true)
(295,13,true)
(297,13,true)
(298,13,true)
(299,13,true)
(1,14,false)
(5,14,false)
(7,14,true)
(14,14,false)
(15,14,false)
(17,14,false)
(18,14,false)
(20,14,false)
(33,14,false)
(35,14,false)
(37,14,false)
(45,14,false)
(53,14,false)
(56,14,false)
(59,14,true)
(61,14,false)
(63,14,false)
(69,14,false)
(70,14,true)
(71,14,false)
(72,14,false)
(73,14,false)
(74,14,false)
(78,14,true)
(79,14,false)
(80,14,false)
(83,14,false)
(89,14,false)
(92,14,false)
(94,14,false)
(97,14,false)
(108,14,false)
(111,14,false)
(114,14,false)
(115,14,false)
(119,14,false)
(124,14,false)
(125,14,false)
(126,14,false)
(128,14,false)
(130,14,false)
(132,14,false)
(134,14,false)
(139,14,false)
(143,14,false)
(149,14,false)
(156,14,false)
(161,14,false)
(165,14,false)
(166,14,false)
(170,14,false)
(172,14,false)
(177,14,false)
(187,14,true)
(189,14,true)
(193,14,true)
(195,14,true)
(196,14,true)
(197,14,true)
(206,14,true)
(209,14,true)
(212,14,true)
(217,14,true)
(218,14,true)
(220,14,true)
(226,14,true)
(227,14,false)
(228,14,true)
(229,14,true)
(230,14,true)
(232,14,false)
(236,14,true)
(239,14,true)
(241,14,true)
(242,14,true)
(245,14,true)
(246,14,true)
(248,14,true)
(253,14,true)
(263,14,true)
(264,14,true)
(269,14,true)
(275,14,true)
(277,14,true)
(279,14,true)
(283,14,true)
(290,14,false)
(291,14,true)
(294,14,true)
(297,14,true)
(0,15,false)
(4,15,false)
(6,15,false)
(7,15,false)
(9,15,false)
(10,15,true)
(11,15,false)
(12,15,false)
(13,15,false)
(17,15,false)
(18,15,false)
(21,15,false)
(27,15,false)
(29,15,false)
(30,15,false)
(38,15,false)
(40,15,false)
(44,15,true)
(45,15,false)
(49,15,false)
(50,15,false)
(52,15,false)
(58,15,false)
(61,15,false)
(63,15,false)
(68,15,false)
(71,15,false)
(73,15,false)
(75,15,false)
(76,15,false)
(83,15,false)
(84,15,false)
(86,15,false)
(88,15,false)
(89,15,false)
(93,15,false)
(100,15,false)
(102,15,false)
(104,15,false)
(107,15,false)
(108,15,false)
(111,15,false)
(113,15,false)
(117,15,false)
(120,15,false)
(121,15,false)
(126,15,false)
(127,15,false)
(130,15,false)
(131,15,false)
(133,15,false)
(134,15,false)
(137,15,false)
(138,15,true)
(141,15,false)
(142,15,false)
(144,15,false)
(147,15,false)
(148,15,false)
(152,15,false)
(154,15,false)
(156,15,false)
(160,15,false)
(163,15,false)
(168,15,false)
(169,15,false)
(174,15,false)
(176,15,false)
(180,15,true)
(183,15,true)
(186,15,true)
(189,15,false)
(193,15,true)
(194,15,true)
(195,15,true)
(199,15,true)
(200,15,true)
(203,15,true)
(207,15,true)
(209,15,true)
(222,15,true)
(233,15,true)
(236,15,true)
(238,15,true)
(242,15,true)
(244,15,true)
(245,15,true)
(248,15,true)
(252,15,true)
(253,15,true)
(255,15,false)
(259,15,false)
(265,15,true)
(266,15,true)
(267,15,true)
(268,15,true)
(270,15,true)
(272,15,true)
(275,15,true)
(278,15,true)
(283,15,true)
(292,15,true)
(0,16,false)
(4,16,false)
(7,16,false)
(8,16,false)
(10,16,false)
(11,16,false)
(13,16,false)
(14,16,false)
(19,16,false)
(20,16,false)
(27,16,false)
(28,16,false)
(34,16,false)
(36,16,false)
(38,16,false)
(40,16,false)
(44,16,false)
(56,16,false)
(57,16,false)
(60,16,false)
(61,16,false)
(62,16,false)
(63,16,false)
(64,16,false)
(68,16,false)
(69,16,false)
(70,16,false)
(71,16,false)
(72,16,false)
(77,16,false)
(79,16,false)
(82,16,false)
(84,16,false)
(88,16,false)
(94,16,false)
(96,16,false)
(99,16,false)
(101,16,false)
(103,16,false)
(105,16,false)
(110,16,false)
(113,16,false)
(125,16,false)
(126,16,false)
(127,16,false)
(130,16,false)
(132,16,false)
(133,16,false)
(139,16,false)
(141,16,false)
(143,16,false)
(147,16,false)
(148,16,false)
(149,16,false)
(152,16,false)
(156,16,false)
(158,16,false)
(160,16,false)
(165,16,false)
(166,16,false)
(169,16,false)
(174,16,false)
(176,16,false)
(177,16,false)
(178,16,false)
(184,16,true)
(188,16,true)
(196,16,true)
(197,16,true)
(199,16,true)
(205,16,true)
(206,16,true)
(209,16,true)
(214,16,true)
(216,16,true)
(218,16,true)
(220,16,true)
(226,16,true)
(233,16,true)
(237,16,true)
(241,16,true)
(242,16,true)
(248,16,true)
(250,16,true)
(251,16,true)
(254,16,true)
(257,16,true)
(258,16,true)
(265,16,true)
(276,16,true)
(279,16,true)
(281,16,true)
(289,16,true)
(296,16,true)
(5,17,false)
(12,17,false)
(16,17,false)
(17,17,false)
(20,17,false)
(23,17,false)
(26,17,false)
(28,17,false)
(34,17,false)
(37,17,false)
(38,17,false)
(39,17,false)
(40,17,false)
(47,17,false)
(49,17,false)
(59,17,false)
(66,17,false)
(68,17,true)
(69,17,true)
(70,17,false)
(71,17,false)
(74,17,false)
(75,17,false)
(77,17,false)
(86,17,false)
(87,17,false)
(88,17,false)
(90,17,true)
(92,17,false)
(94,17,false)
(96,17,false)
(98,17,false)
(99,17,false)
(104,17,false)
(106,17,false)
(107,17,false)
(110,17,false)
(112,17,false)
(118,17,false)
(119,17,true)
(124,17,false)
(125,17,true)
(127,17,false)
(130,17,false)
(133,17,false)
(136,17,false)
(138,17,false)
(140,17,false)
(141,17,false)
(144,17,false)
(156,17,false)
(158,17,false)
(173,17,false)
(179,17,false)
(180,17,true)
(181,17,true)
(184,17,true)
(185,17,true)
(186,17,true)
(187,17,true)
(188,17,true)
(191,17,true)
(192,17,true)
(201,17,true)
(206,17,true)
(211,17,true)
(214,17,true)
(215,17,true)
(222,17,true)
(225,17,true)
(232,17,true)
(236,17,true)
(239,17,true)
(240,17,true)
(245,17,true)
(248,17,true)
(256,17,true)
(259,17,true)
(261,17,true)
(262,17,true)
(263,17,true)
(268,17,true)
(276,17,true)
(277,17,true)
(289,17,false)
(293,17,true)
(296,17,true)
(297,17,true)
(7,18,false)
(9,18,false)
(11,18,false)
(12,18,false)
(15,18,false)
(16,18,false)
(17,18,false)
(24,18,false)
(28,18,false)
(35,18,false)
(40,18,false)
(41,18,false)
(46,18,false)
(47,18,false)
(48,18,false)
(51,18,false)
(54,18,false)
(56,18,false)
(57,18,false)
(58,18,false)
(62,18,false)
(63,18,false)
(65,18,false)
(68,18,false)
(69,18,false)
(72,18,false)
(74,18,false)
(75,18,false)
(76,18,false)
(77,18,false)
(81,18,false)
(83,18,false)
(85,18,false)
(87,18,false)
(89,18,false)
(91,18,false)
(95,18,false)
(96,18,false)
(106,18,true)
(111,18,false)
(112,18,false)
(114,18,false)
(116,18,false)
(121,18,false)
(125,18,false)
(127,18,false)
(130,18,false)
(133,18,false)
(134,18,false)
(144,18,false)
(145,18,true)
(149,18,false)
(151,18,false)
(152,18,false)
(156,18,false)
(157,18,false)
(159,18,false)
(168,18,false)
(177,18,false)
(178,18,false)
(179,18,false)
(182,18,true)
(206,18,false)
(212,18,true)
(214,18,true)
(217,18,true)
(218,18,true)
(229,18,true)
(230,18,true)
(233,18,true)
(234,18,true)
(239,18,true)
(241,18,true)
(243,18,true)
(244,18,true)
(245,18,true)
(247,18,true)
(248,18,true)
(249,18,true)
(251,18,true)
(253,18,true)
(254,18,true)
(264,18,true)
(271,18,true)
(273,18,true)
(278,18,true)
(280,18,true)
(281,18,true)
(286,18,true)
(289,18,true)
(296,18,true)
(299,18,true)
(3,19,false)
(6,19,false)
(9,19,true)
(10,19,false)
(12,19,false)
(13,19,false)
(17,19,false)
(22,19,false)
(23,19,false)
(30,19,false)
(31,19,false)
(35,19,false)
(37,19,false)
(42,19,false)
(49,19,false)
(54,19,false)
(55,19,false)
(65,19,true)
(70,19,false)
(78,19,false)
(80,19,false)
(82,19,false)
(85,19,false)
(93,19,false)
(95,19,false)
(99,19,true)
(111,19,false)
(112,19,false)
(113,19,false)
(122,19,false)
(126,19,false)
(128,19,false)
(131,19,false)
(135,19,false)
(138,19,false)
(149,19,false)
(150,19,false)
(153,19,false)
(155,19,false)
(156,19,false)
(159,19,false)
(161,19,false)
(162,19,false)
(163,19,false)
(166,19,false)
(168,19,false)
(169,19,true)
(174,19,false)
(177,19,false)
(181,19,true)
(183,19,true)
(184,19,true)
(187,19,true)
(191,19,true)
(194,19,true)
(196,19,true)
(199,19,true)
(211,19,true)
(213,19,true)
(214,19,true)
(216,19,true)
(217,19,true)
(219,19,true)
(223,19,true)
(228,19,true)
(235,19,true)
(240,19,true)
(242,19,true)
(244,19,true)
(250,19,true)
(256,19,true)
(262,19,true)
(264,19,true)
(270,19,true)
(271,19,true)
(273,19,true)
(276,19,true)
(280,19,true)
(282,19,true)
(287,19,true)
(292,19,true)
(299,19,true)
(3,20,false)
(4,20,false)
(9,20,false)
(11,20,false)
(26,20,false)
(28,20,false)
(29,20,false)
(33,20,false)
(38,20,false)
(43,20,false)
(44,20,false)
(48,20,false)
(51,20,false)
(55,20,false)
(57,20,false)
(61,20,false)
(64,20,false)
(67,20,false)
(68,20,false)
(72,20,false)
(74,20,false)
(77,20,false)
(80,20,false)
(82,20,false)
(84,20,false)
(88,20,false)
(89,20,false)
(90,20,false)
(95,20,false)
(99,20,false)
(100,20,false)
(105,20,false)
(106,20,false)
(111,20,false)
(116,20,false)
(119,20,false)
(120,20,false)
(123,20,false)
(126,20,false)
(130,20,false)
(131,20,false)
(136,20,false)
(139,20,true)
(141,20,false)
(142,20,false)
(144,20,false)
(145,20,false)
(152,20,true)
(153,20,false)
(155,20,false)
(161,20,false)
(163,20,false)
(166,20,false)
(167,20,false)
(169,20,true)
(172,20,false)
(176,20,false)
(178,20,false)
(182,20,true)
(183,20,true)
(188,20,true)
(191,20,true)
(192,20,true)
(196,20,true)
(197,20,false)
(198,20,true)
(202,20,true)
(205,20,true)
(207,20,true)
(209,20,true)
(217,20,true)
(218,20,true)
(219,20,true)
(222,20,true)
(225,20,true)
(227,20,false)
(231,20,true)
(237,20,true)
(238,20,true)
(242,20,true)
(245,20,true)
(252,20,true)
(254,20,false)
(256,20,true)
(258,20,true)
(261,20,true)
(264,20,true)
(265,20,true)
(270,20,true)
(276,20,true)
(277,20,true)
(278,20,true)
(280,20,true)
(284,20,true)
(290,20,true)
(293,20,true)
(294,20,true)
(296,20,true)
(297,20,true)
(6,21,false)
(8,21,false)
(12,21,false)
(15,21,false)
(21,21,false)
(23,21,false)
(27,21,false)
(29,21,false)
(38,21,false)
(40,21,false)
(41,21,false)
(46,21,false)
(48,21,false)
(51,21,false)
(55,21,false)
(61,21,false)
(64,21,false)
(67,21,false)
(71,21,false)
(72,21,false)
(78,21,false)
(88,21,false)
(91,21,false)
(93,21,false)
(94,21,false)
(96,21,false)
(98,21,false)
(100,21,false)
(101,21,false)
(102,21,true)
(107,21,false)
(108,21,false)
(111,21,false)
(112,21,false)
(118,21,false)
(129,21,false)
(131,21,false)
(135,21,false)
(150,21,false)
(156,21,false)
(159,21,false)
(160,21,false)
(162,21,false)
(166,21,false)
(172,21,false)
(183,21,true)
(194,21,true)
(199,21,true)
(204,21,true)
(206,21,true)
(209,21,true)
(213,21,true)
(218,21,false)
(223,21,true)
(224,21,true)
(227,21,true)
(244,21,true)
(247,21,true)
(250,21,true)
(251,21,true)
(261,21,true)
(262,21,true)
(269,21,true)
(273,21,true)
(275,21,true)
(279,21,true)
(281,21,true)
(293,21,true)
(296,21,true)
(1,22,false)
(2,22,false)
(7,22,false)
(11,22,false)
(20,22,false)
(22,22,false)
(24,22,false)
(25,22,false)
(26,22,false)
(27,22,false)
(28,22,false)
(29,22,false)
(30,22,false)
(38,22,false)
(45,22,false)
(46,22,false)
(49,22,false)
(56,22,false)
(58,22,false)
(59,22,false)
(73,22,false)
(74,22,false)
(76,22,false)
(88,22,false)
(89,22,false)
(90,22,false)
(92,22,false)
(104,22,false)
(105,22,false)
(106,22,false)
(108,22,false)
(109,22,false)
(110,22,false)
(113,22,false)
(117,22,false)
(119,22,false)
(129,22,false)
(133,22,false)
(137,22,false)
(138,22,false)
(140,22,false)
(142,22,false)
(145,22,false)
(146,22,false)
(148,22,false)
(152,22,false)
(154,22,false)
(157,22,false)
(160,22,false)
(162,22,false)
(163,22,false)
(167,22,false)
(168,22,false)
(169,22,false)
(170,22,true)
(171,22,false)
(177,22,false)
(178,22,false)
(181,22,true)
(182,22,true)
(197,22,false)
(200,22,true)
(204,22,true)
(207,22,true)
(210,22,true)
(213,22,true)
(218,22,true)
(226,22,true)
(228,22,true)
(234,22,true)
(242,22,true)
(248,22,true)
(250,22,true)
(252,22,true)
(253,22,true)
(254,22,true)
(258,22,true)
(264,22,true)
(270,22,false)
(279,22,true)
(280,22,true)
(282,22,true)
(283,22,true)
(288,22,true)
(292,22,true)
(295,22,true)
(2,23,false)
(3,23,false)
(4,23,false)
(5,23,false)
(6,23,false)
(7,23,false)
(10,23,true)
(12,23,false)
(18,23,false)
(20,23,false)
(24,23,false)
(27,23,false)
(28,23,false)
(29,23,false)
(31,23,false)
(37,23,false)
(38,23,false)
(39,23,false)
(52,23,true)
(55,23,false)
(57,23,false)
(58,23,false)
(60,23,false)
(62,23,false)
(67,23,false)
(68,23,false)
(69,23,false)
(71,23,false)
(74,23,false)
(78,23,false)
(80,23,false)
(81,23,true)
(82,23,false)
(84,23,false)
(86,23,false)
(87,23,false)
(93,23,false)
(94,23,false)
(96,23,false)
(98,23,false)
(99,23,false)
(102,23,false)
(103,23,false)
(104,23,false)
(105,23,false)
(106,23,false)
(115,23,false)
(118,23,false)
(120,23,false)
(121,23,false)
(122,23,false)
(125,23,false)
(127,23,false)
(128,23,false)
(131,23,false)
(132,23,false)
(134,23,false)
(136,23,false)
(137,23,false)
(144,23,false)
(147,23,false)
(148,23,false)
(153,23,false)
(157,23,false)
(160,23,false)
(161,23,false)
(162,23,false)
(168,23,false)
(171,23,false)
(176,23,false)
(189,23,true)
(193,23,true)
(194,23,true)
(195,23,true)
(196,23,true)
(198,23,true)
(205,23,true)
(206,23,true)
(207,23,true)
(208,23,true)
(222,23,true)
(224,23,true)
(230,23,true)
(240,23,true)
(241,23,true)
(245,23,true)
(246,23,true)
(247,23,true)
(250,23,true)
(251,23,true)
(255,23,true)
(258,23,true)
(261,23,true)
(262,23,true)
(265,23,true)
(268,23,true)
(271,23,true)
(272,23,true)
(280,23,true)
(294,23,true)
(1,24,false)
(5,24,false)
(7,24,false)
(10,24,false)
(11,24,false)
(13,24,false)
(14,24,false)
(15,24,false)
(17,24,false)
(19,24,false)
(21,24,false)
(28,24,false)
(32,24,true)
(35,24,false)
(37,24,false)
(38,24,false)
(48,24,false)
(56,24,false)
(59,24,false)
(60,24,false)
(64,24,false)
(65,24,false)
(66,24,false)
(80,24,false)
(84,24,false)
(86,24,false)
(89,24,false)
(96,24,false)
(101,24,false)
(104,24,false)
(107,24,false)
(111,24,false)
(122,24,false)
(126,24,false)
(128,24,false)
(134,24,false)
(139,24,false)
(142,24,false)
(145,24,false)
(146,24,false)
(153,24,false)
(154,24,true)
(158,24,false)
(164,24,false)
(165,24,false)
(168,24,false)
(170,24,false)
(175,24,false)
(176,24,false)
(177,24,false)
(182,24,true)
(183,24,true)
(191,24,true)
(195,24,false)
(196,24,true)
(198,24,true)
(200,24,true)
(202,24,true)
(205,24,true)
(208,24,true)
(215,24,true)
(216,24,true)
(218,24,true)
(219,24,true)
(223,24,true)
(224,24,true)
(226,24,true)
(227,24,true)
(228,24,true)
(230,24,true)
(233,24,true)
(241,24,true)
(242,24,true)
(247,24,true)
(250,24,true)
(252,24,true)
(254,24,true)
(256,24,true)
(267,24,true)
(268,24,true)
(271,24,true)
(277,24,true)
(280,24,true)
(285,24,true)
(286,24,true)
(291,24,true)
(292,24,true)
(294,24,true)
(297,24,true)
(10,25,false)
(13,25,false)
(14,25,false)
(15,25,false)
(22,25,false)
(28,25,false)
(30,25,false)
(31,25,false)
(38,25,false)
(40,25,false)
(41,25,false)
(42,25,false)
(59,25,true)
(69,25,false)
(72,25,false)
(74,25,false)
(75,25,false)
(78,25,false)
(87,25,false)
(100,25,false)
(102,25,false)
(107,25,false)
(111,25,false)
(112,25,false)
(121,25,false)
(122,25,false)
(128,25,false)
(131,25,false)
(132,25,false)
(146,25,false)
(147,25,true)
(148,25,false)
(152,25,false)
(154,25,false)
(157,25,false)
(160,25,false)
(166,25,false)
(170,25,false)
(173,25,false)
(174,25,false)
(177,25,false)
(181,25,false)
(184,25,true)
(185,25,true)
(191,25,true)
(202,25,true)
(203,25,true)
(206,25,true)
(211,25,true)
(212,25,true)
(222,25,true)
(231,25,true)
(232,25,true)
(234,25,true)
(237,25,true)
(242,25,true)
(243,25,true)
(252,25,true)
(253,25,true)
(254,25,true)
(255,25,true)
(260,25,true)
(262,25,false)
(266,25,true)
(268,25,true)
(272,25,true)
(274,25,true)
(278,25,true)
(281,25,true)
(285,25,true)
(295,25,true)
(296,25,true)
(2,26,false)
(6,26,false)
(8,26,false)
(13,26,false)
(21,26,false)
(28,26,false)
(46,26,false)
(47,26,false)
(52,26,false)
(55,26,false)
(56,26,false)
(58,26,false)
(63,26,false)
(70,26,false)
(77,26,false)
(78,26,false)
(86,26,false)
(87,26,false)
(90,26,false)
(96,26,true)
(102,26,true)
(108,26,false)
(109,26,false)
(111,26,false)
(115,26,false)
(120,26,false)
(124,26,false)
(127,26,false)
(129,26,false)
(130,26,false)
(136,26,false)
(143,26,false)
(148,26,true)
(150,26,false)
(153,26,false)
(154,26,false)
(159,26,false)
(163,26,false)
(164,26,false)
(166,26,false)
(171,26,false)
(176,26,false)
(182,26,true)
(188,26,true)
(193,26,true)
(198,26,true)
(200,26,true)
(202,26,true)
(205,26,true)
(211,26,true)
(216,26,true)
(220,26,true)
(223,26,true)
(227,26,true)
(230,26,true)
(232,26,true)
(233,26,true)
(234,26,true)
(248,26,true)
(249,26,true)
(252,26,true)
(253,26,true)
(255,26,true)
(257,26,false)
(258,26,true)
(268,26,true)
(270,26,true)
(281,26,true)
(289,26,true)
(290,26,true)
(291,26,true)
(292,26,true)
(294,26,true)
(299,26,true)
(2,27,false)
(4,27,false)
(5,27,false)
(8,27,false)
(11,27,false)
(18,27,false)
(22,27,false)
(27,27,false)
(29,27,false)
(31,27,false)
(32,27,false)
(33,27,false)
(37,27,false)
(38,27,false)
(39,27,false)
(41,27,false)
(45,27,false)
(47,27,false)
(48,27,false)
(53,27,false)
(55,27,false)
(60,27,false)
(61,27,false)
(70,27,false)
(75,27,false)
(91,27,false)
(95,27,false)
(96,27,false)
(100,27,false)
(101,27,false)
(103,27,false)
(106,27,false)
(107,27,false)
(115,27,false)
(123,27,false)
(124,27,false)
(129,27,false)
(137,27,false)
(153,27,false)
(158,27,false)
(163,27,false)
(178,27,false)
(180,27,true)
(189,27,false)
(192,27,true)
(195,27,true)
(199,27,true)
(215,27,true)
(218,27,true)
(220,27,true)
(221,27,true)
(222,27,true)
(225,27,true)
(226,27,true)
(229,27,true)
(231,27,true)
(232,27,true)
(233,27,false)
(242,27,true)
(253,27,true)
(254,27,true)
(256,27,true)
(265,27,true)
(266,27,true)
(272,27,true)
(273,27,true)
(274,27,false)
(278,27,true)
(282,27,true)
(284,27,true)
(290,27,true)
(292,27,true)
(296,27,true)
(298,27,true)
(5,28,false)
(16,28,true)
(17,28,false)
(20,28,false)
(36,28,false)
(38,28,true)
(42,28,false)
(43,28,false)
(50,28,false)
(56,28,false)
(59,28,false)
(63,28,false)
(68,28,false)
(69,28,false)
(71,28,false)
(72,28,false)
(87,28,false)
(90,28,false)
(92,28,false)
(93,28,false)
(94,28,false)
(97,28,false)
(104,28,false)
(105,28,false)
(111,28,false)
(112,28,false)
(114,28,false)
(122,28,false)
(132,28,true)
(135,28,true)
(137,28,false)
(142,28,false)
(152,28,false)
(153,28,false)
(154,28,true)
(160,28,false)
(162,28,false)
(163,28,false)
(164,28,false)
(171,28,true)
(173,28,false)
(174,28,false)
(177,28,false)
(178,28,false)
(179,28,false)
(195,28,true)
(196,28,true)
(200,28,true)
(216,28,true)
(217,28,true)
(218,28,true)
(234,28,true)
(236,28,true)
(244,28,true)
(245,28,true)
(249,28,true)
(251,28,true)
(255,28,true)
(256,28,true)
(263,28,true)
(264,28,true)
(266,28,true)
(276,28,true)
(280,28,true)
(285,28,true)
(292,28,true)
(295,28,true)
(297,28,true)
(298,28,true)
(4,29,false)
(11,29,false)
(14,29,false)
(19,29,false)
(23,29,false)
(25,29,false)
(34,29,false)
(35,29,false)
(36,29,false)
(48,29,false)
(53,29,false)
(54,29,false)
(56,29,false)
(57,29,false)
(58,29,false)
(65,29,false)
(67,29,false)
(68,29,true)
(74,29,true)
(78,29,false)
(82,29,false)
(83,29,false)
(85,29,false)
(94,29,false)
(96,29,false)
(97,29,false)
(104,29,false)
(105,29,false)
(107,29,false)
(114,29,false)
(115,29,false)
(122,29,false)
(123,29,false)
(126,29,false)
(130,29,false)
(134,29,false)
(142,29,false)
(144,29,false)
(146,29,false)
(148,29,false)
(153,29,false)
(158,29,false)
(162,29,false)
(163,29,false)
(174,29,false)
(180,29,true)
(181,29,true)
(187,29,true)
(189,29,true)
(190,29,true)
(193,29,true)
(195,29,true)
(196,29,true)
(203,29,true)
(205,29,true)
(208,29,true)
(215,29,true)
(221,29,true)
(225,29,true)
(226,29,true)
(227,29,true)
(228,29,true)
(230,29,true)
(234,29,false)
(235,29,true)
(238,29,true)
(242,29,true)
(244,29,true)
(245,29,true)
(247,29,true)
(248,29,true)
(250,29,true)
(252,29,true)
(265,29,true)
(267,29,true)
(271,29,true)
(275,29,true)
(283,29,true)
(284,29,true)
(288,29,true)
(289,29,true)
(291,29,true)
(296,29,true)
(8,30,false)
(16,30,false)
(17,30,false)
(23,30,false)
(24,30,false)
(26,30,true)
(29,30,true)
(35,30,false)
(42,30,false)
(44,30,false)
(46,30,false)
(53,30,false)
(56,30,false)
(69,30,false)
(70,30,true)
(72,30,false)
(73,30,false)
(89,30,false)
(94,30,false)
(96,30,false)
(99,30,false)
(101,30,false)
(109,30,true)
(111,30,false)
(112,30,false)
(115,30,true)
(134,30,false)
(136,30,false)
(138,30,false)
(143,30,false)
(150,30,false)
(155,30,false)
(180,30,true)
(184,30,true)
(185,30,true)
(196,30,true)
(199,30,true)
(205,30,true)
(206,30,true)
(213,30,true)
(220,30,true)
(235,30,true)
(243,30,true)
(244,30,true)
(247,30,true)
(251,30,false)
(253,30,true)
(257,30,true)
(258,30,true)
(265,30,true)
(272,30,true)
(273,30,true)
(282,30,true)
(284,30,true)
(286,30,false)
(290,30,true)
(292,30,true)
(293,30,true)
(294,30,true)
(295,30,true)
(296,30,true)
(297,30,true)
(0,31,false)
(2,31,false)
(4,31,false)
(7,31,false)
(10,31,false)
(13,31,false)
(16,31,false)
(19,31,false)
(20,31,false)
(31,31,false)
(36,31,false)
(38,31,false)
(42,31,false)
(45,31,false)
(46,31,false)
(53,31,false)
(54,31,false)
(62,31,false)
(63,31,false)
(68,31,false)
(79,31,false)
(80,31,false)
(84,31,false)
(88,31,false)
(89,31,false)
(90,31,false)
(93,31,false)
(103,31,false)
(110,31,false)
(119,31,false)
(125,31,false)
(130,31,false)
(133,31,false)
(146,31,false)
(150,31,false)
(151,31,false)
(162,31,false)
(170,31,false)
(172,31,false)
(176,31,false)
(181,31,true)
(182,31,true)
(185,31,true)
(189,31,true)
(208,31,true)
(210,31,true)
(226,31,true)
(227,31,true)
(228,31,true)
(231,31,true)
(233,31,true)
(236,31,false)
(242,31,true)
(251,31,true)
(255,31,true)
(256,31,true)
(270,31,false)
(276,31,true)
(278,31,true)
(279,31,true)
(281,31,true)
(294,31,true)
(295,31,true)
(0,32,false)
(3,32,false)
(4,32,false)
(5,32,false)
(8,32,false)
(20,32,false)
(23,32,false)
(29,32,false)
(31,32,false)
(36,32,false)
(38,32,false)
(46,32,false)
(57,32,false)
(60,32,false)
(67,32,true)
(69,32,false)
(72,32,false)
(80,32,false)
(81,32,false)
(86,32,false)
(90,32,false)
(92,32,false)
(93,32,false)
(95,32,false)
(96,32,false)
(98,32,false)
(109,32,false)
(111,32,false)
(113,32,false)
(114,32,false)
(115,32,false)
(118,32,false)
(120,32,false)
(122,32,false)
(127,32,false)
(133,32,false)
(137,32,false)
(144,32,false)
(145,32,false)
(146,32,false)
(147,32,false)
(149,32,false)
(151,32,false)
(153,32,false)
(155,32,false)
(169,32,false)
(173,32,false)
(174,32,false)
(175,32,false)
(179,32,false)
(189,32,true)
(190,32,true)
(200,32,true)
(201,32,true)
(202,32,true)
(215,32,true)
(217,32,true)
(221,32,true)
(222,32,true)
(225,32,true)
(231,32,true)
(241,32,true)
(248,32,true)
(252,32,true)
(253,32,true)
(256,32,true)
(263,32,true)
(266,32,true)
(272,32,true)
(277,32,true)
(282,32,true)
(289,32,true)
(291,32,true)
(294,32,true)
(297,32,true)
(0,33,false)
(4,33,false)
(5,33,false)
(19,33,false)
(20,33,false)
(21,33,false)
(23,33,false)
(25,33,false)
(26,33,false)
(28,33,false)
(29,33,false)
(34,33,false)
(37,33,false)
(38,33,false)
(44,33,false)
(51,33,false)
(53,33,false)
(57,33,false)
(59,33,false)
(68,33,false)
(73,33,false)
(77,33,false)
(82,33,false)
(84,33,false)
(93,33,false)
(96,33,false)
(101,33,false)
(104,33,false)
(109,33,false)
(113,33,false)
(120,33,false)
(122,33,false)
(123,33,false)
(125,33,false)
(135,33,false)
(139,33,false)
(140,33,false)
(142,33,false)
(144,33,false)
(146,33,false)
(147,33,true)
(151,33,false)
(153,33,false)
(156,33,false)
(162,33,false)
(163,33,true)
(164,33,false)
(170,33,false)
(171,33,false)
(173,33,false)
(175,33,false)
(178,33,false)
(179,33,false)
(182,33,true)
(195,33,true)
(196,33,false)
(203,33,true)
(204,33,true)
(206,33,true)
(209,33,true)
(220,33,true)
(227,33,true)
(228,33,true)
(229,33,true)
(232,33,true)
(242,33,true)
(243,33,true)
(246,33,true)
(247,33,true)
(249,33,true)
(251,33,true)
(252,33,true)
(262,33,true)
(263,33,true)
(264,33,true)
(265,33,true)
(272,33,true)
(286,33,true)
(298,33,true)
(15,34,false)
(23,34,false)
(24,34,false)
(35,34,false)
(36,34,false)
(42,34,false)
(43,34,false)
(61,34,false)
(66,34,false)
(67,34,false)
(68,34,false)
(77,34,false)
(91,34,true)
(99,34,false)
(102,34,false)
(103,34,false)
(109,34,false)
(116,34,false)
(125,34,false)
(128,34,false)
(131,34,false)
(134,34,false)
(140,34,false)
(141,34,false)
(147,34,false)
(148,34,false)
(149,34,false)
(151,34,false)
(153,34,false)
(158,34,false)
(160,34,false)
(167,34,false)
(169,34,false)
(177,34,false)
(180,34,true)
(199,34,true)
(200,34,true)
(205,34,true)
(215,34,true)
(221,34,true)
(222,34,true)
(224,34,true)
(226,34,true)
(244,34,true)
(245,34,true)
(249,34,true)
(258,34,true)
(268,34,true)
(269,34,true)
(272,34,true)
(275,34,true)
(281,34,true)
(282,34,true)
(285,34,true)
(294,34,true)
(295,34,true)
(297,34,true)
(0,35,false)
(1,35,false)
(4,35,false)
(9,35,false)
(10,35,false)
(30,35,false)
(39,35,false)
(42,35,false)
(49,35,false)
(50,35,false)
(51,35,false)
(54,35,false)
(55,35,false)
(65,35,false)
(68,35,false)
(69,35,false)
(71,35,false)
(82,35,false)
(86,35,false)
(96,35,false)
(98,35,false)
(101,35,false)
(102,35,false)
(103,35,false)
(104,35,false)
(109,35,false)
(118,35,true)
(122,35,false)
(125,35,false)
(127,35,false)
(140,35,false)
(141,35,false)
(142,35,false)
(149,35,false)
(151,35,false)
(157,35,false)
(162,35,false)
(168,35,false)
(172,35,false)
(173,35,false)
(186,35,true)
(187,35,true)
(188,35,true)
(189,35,true)
(190,35,true)
(191,35,true)
(193,35,true)
(194,35,true)
(197,35,true)
(203,35,true)
(215,35,true)
(219,35,true)
(222,35,true)
(224,35,true)
(225,35,true)
(236,35,true)
(239,35,true)
(245,35,true)
(249,35,true)
(253,35,true)
(256,35,true)
(260,35,true)
(261,35,true)
(275,35,true)
(285,35,true)
(286,35,true)
(288,35,true)
(289,35,true)
(1,36,false)
(2,36,false)
(4,36,false)
(13,36,false)
(16,36,false)
(21,36,false)
(23,36,false)
(26,36,false)
(31,36,false)
(36,36,false)
(40,36,false)
(42,36,false)
(45,36,false)
(49,36,false)
(53,36,false)
(54,36,false)
(55,36,false)
(57,36,false)
(59,36,false)
(62,36,false)
(63,36,false)
(64,36,false)
(66,36,false)
(67,36,false)
(68,36,false)
(69,36,false)
(70,36,false)
(75,36,false)
(77,36,false)
(79,36,false)
(83,36,false)
(85,36,false)
(88,36,false)
(99,36,false)
(101,36,false)
(107,36,false)
(108,36,false)
(110,36,false)
(111,36,false)
(114,36,false)
(119,36,false)
(121,36,false)
(126,36,false)
(129,36,false)
(130,36,false)
(135,36,false)
(138,36,false)
(139,36,true)
(143,36,false)
(146,36,false)
(148,36,false)
(150,36,false)
(155,36,false)
(165,36,false)
(177,36,false)
(188,36,true)
(196,36,true)
(198,36,false)
(199,36,true)
(203,36,true)
(218,36,true)
(223,36,true)
(228,36,true)
(231,36,true)
(232,36,true)
(234,36,true)
(238,36,true)
(242,36,true)
(243,36,true)
(245,36,true)
(252,36,true)
(258,36,true)
(261,36,true)
(269,36,true)
(272,36,true)
(276,36,true)
(278,36,true)
(296,36,true)
(0,37,false)
(1,37,false)
(16,37,false)
(18,37,false)
(21,37,false)
(24,37,false)
(25,37,false)
(31,37,false)
(46,37,false)
(61,37,false)
(63,37,false)
(66,37,false)
(74,37,true)
(75,37,false)
(78,37,false)
(81,37,false)
(87,37,false)
(89,37,false)
(95,37,false)
(96,37,false)
(100,37,false)
(102,37,false)
(104,37,false)
(105,37,false)
(106,37,false)
(107,37,false)
(108,37,false)
(110,37,false)
(111,37,false)
(115,37,false)
(120,37,false)
(122,37,false)
(123,37,false)
(129,37,false)
(134,37,false)
(140,37,false)
(144,37,false)
(146,37,false)
(147,37,false)
(148,37,false)
(149,37,false)
(150,37,false)
(151,37,false)
(153,37,false)
(158,37,false)
(162,37,false)
(165,37,false)
(170,37,false)
(171,37,false)
(173,37,false)
(180,37,true)
(184,37,true)
(186,37,true)
(187,37,true)
(188,37,true)
(191,37,true)
(195,37,true)
(197,37,true)
(202,37,true)
(203,37,true)
(204,37,true)
(205,37,true)
(206,37,true)
(209,37,true)
(210,37,true)
(215,37,true)
(217,37,true)
(219,37,true)
(224,37,true)
(226,37,true)
(250,37,true)
(252,37,true)
(257,37,true)
(261,37,true)
(265,37,true)
(269,37,true)
(274,37,true)
(277,37,true)
(278,37,true)
(282,37,true)
(284,37,true)
(294,37,true)
(0,38,false)
(3,38,false)
(4,38,false)
(6,38,false)
(16,38,false)
(17,38,false)
(19,38,false)
(36,38,false)
(42,38,false)
(52,38,true)
(53,38,false)
(55,38,false)
(57,38,false)
(65,38,false)
(68,38,false)
(69,38,false)
(71,38,false)
(76,38,false)
(79,38,false)
(83,38,false)
(87,38,false)
(88,38,false)
(91,38,false)
(94,38,false)
(104,38,false)
(106,38,false)
(119,38,false)
(121,38,false)
(126,38,false)
(127,38,false)
(128,38,false)
(129,38,false)
(131,38,false)
(145,38,false)
(152,38,false)
(165,38,false)
(168,38,false)
(170,38,false)
(171,38,false)
(176,38,false)
(184,38,true)
(185,38,true)
(189,38,true)
(192,38,false)
(193,38,true)
(194,38,true)
(199,38,false)
(201,38,true)
(202,38,true)
(204,38,true)
(206,38,false)
(210,38,false)
(214,38,true)
(219,38,true)
(224,38,true)
(231,38,true)
(234,38,false)
(237,38,true)
(239,38,true)
(244,38,true)
(246,38,true)
(247,38,true)
(248,38,true)
(251,38,true)
(254,38,true)
(257,38,true)
(263,38,true)
(267,38,true)
(270,38,true)
(278,38,true)
(287,38,true)
(290,38,true)
(291,38,true)
(295,38,true)
(296,38,true)
(2,39,false)
(5,39,false)
(9,39,false)
(11,39,false)
(16,39,false)
(17,39,false)
(21,39,false)
(24,39,false)
(28,39,false)
(39,39,false)
(44,39,false)
(48,39,true)
(52,39,false)
(54,39,false)
(55,39,false)
(64,39,false)
(81,39,false)
(83,39,true)
(98,39,false)
(102,39,true)
(107,39,false)
(117,39,false)
(118,39,false)
(120,39,false)
(131,39,false)
(144,39,false)
(145,39,true)
(146,39,false)
(147,39,true)
(156,39,false)
(158,39,false)
(159,39,false)
(163,39,false)
(166,39,false)
(168,39,false)
(174,39,false)
(180,39,true)
(182,39,true)
(188,39,true)
(190,39,true)
(191,39,true)
(200,39,true)
(204,39,true)
(206,39,true)
(208,39,true)
(209,39,true)
(211,39,true)
(212,39,true)
(213,39,false)
(221,39,false)
(223,39,true)
(229,39,true)
(230,39,true)
(233,39,true)
(234,39,false)
(238,39,true)
(249,39,true)
(255,39,true)
(258,39,true)
(259,39,true)
(262,39,true)
(267,39,true)
(268,39,true)
(269,39,true)
(279,39,true)
(281,39,true)
(286,39,true)
(289,39,false)
(293,39,true)
(294,39,true)
(297,39,true)
(1,40,false)
(3,40,false)
(5,40,false)
(11,40,false)
(12,40,false)
(14,40,true)
(19,40,false)
(21,40,false)
(22,40,false)
(23,40,false)
(26,40,false)
(35,40,false)
(39,40,false)
(43,40,false)
(44,40,false)
(46,40,true)
(54,40,false)
(59,40,true)
(61,40,false)
(63,40,false)
(65,40,false)
(68,40,false)
(69,40,false)
(70,40,false)
(73,40,false)
(79,40,false)
(80,40,false)
(82,40,false)
(99,40,false)
(103,40,false)
(107,40,false)
(125,40,false)
(126,40,false)
(127,40,false)
(128,40,false)
(132,40,false)
(133,40,false)
(144,40,false)
(151,40,false)
(155,40,false)
(161,40,false)
(162,40,false)
(163,40,true)
(167,40,false)
(170,40,false)
(175,40,false)
(177,40,false)
(186,40,true)
(192,40,true)
(195,40,true)
(201,40,true)
(205,40,true)
(210,40,true)
(211,40,true)
(212,40,true)
(214,40,true)
(220,40,true)
(222,40,true)
(227,40,true)
(233,40,true)
(244,40,true)
(251,40,true)
(253,40,true)
(264,40,true)
(267,40,true)
(268,40,true)
(280,40,true)
(281,40,true)
(289,40,true)
(295,40,true)
(298,40,true)
(0,41,false)
(1,41,false)
(27,41,false)
(43,41,false)
(44,41,false)
(49,41,false)
(51,41,false)
(55,41,false)
(64,41,false)
(85,41,false)
(93,41,false)
(102,41,false)
(104,41,false)
(105,41,false)
(108,41,false)
(114,41,false)
(125,41,false)
(129,41,false)
(134,41,false)
(138,41,false)
(139,41,false)
(141,41,false)
(151,41,false)
(154,41,false)
(157,41,false)
(162,41,false)
(172,41,false)
(176,41,false)
(180,41,true)
(183,41,true)
(187,41,true)
(194,41,true)
(197,41,true)
(212,41,true)
(217,41,true)
(221,41,true)
(222,41,true)
(224,41,true)
(233,41,true)
(237,41,true)
(240,41,true)
(241,41,true)
(262,41,true)
(264,41,true)
(268,41,true)
(276,41,true)
(284,41,true)
(285,41,true)
(290,41,true)
(297,41,true)
(2,42,false)
(7,42,false)
(8,42,false)
(19,42,false)
(28,42,false)
(34,42,false)
(35,42,false)
(40,42,false)
(41,42,false)
(45,42,false)
(46,42,false)
(49,42,false)
(56,42,false)
(64,42,false)
(66,42,false)
(70,42,false)
(77,42,false)
(80,42,false)
(82,42,false)
(83,42,false)
(86,42,false)
(87,42,false)
(100,42,false)
(106,42,false)
(117,42,false)
(122,42,false)
(129,42,false)
(132,42,false)
(134,42,false)
(135,42,false)
(136,42,false)
(138,42,false)
(140,42,false)
(143,42,false)
(150,42,false)
(161,42,false)
(162,42,false)
(166,42,false)
(168,42,false)
(172,42,false)
(180,42,true)
(181,42,true)
(185,42,true)
(195,42,true)
(215,42,true)
(219,42,true)
(222,42,true)
(226,42,true)
(230,42,true)
(231,42,true)
(232,42,true)
(234,42,true)
(237,42,false)
(245,42,true)
(247,42,true)
(259,42,true)
(264,42,true)
(266,42,true)
(273,42,true)
(274,42,true)
(282,42,true)
(283,42,true)
(298,42,true)
(7,43,false)
(10,43,false)
(12,43,false)
(13,43,false)
(14,43,true)
(26,43,false)
(30,43,false)
(32,43,false)
(39,43,false)
(41,43,false)
(43,43,false)
(44,43,false)
(55,43,false)
(56,43,false)
(59,43,false)
(61,43,false)
(69,43,false)
(74,43,false)
(84,43,false)
(93,43,false)
(96,43,true)
(100,43,false)
(101,43,false)
(110,43,false)
(114,43,false)
(120,43,false)
(121,43,false)
(124,43,false)
(125,43,false)
(129,43,false)
(132,43,false)
(133,43,false)
(143,43,false)
(150,43,false)
(166,43,false)
(168,43,false)
(169,43,false)
(176,43,false)
(181,43,true)
(182,43,true)
(183,43,true)
(184,43,true)
(186,43,true)
(190,43,true)
(192,43,true)
(195,43,true)
(202,43,true)
(208,43,true)
(218,43,true)
(229,43,true)
(230,43,true)
(236,43,true)
(241,43,true)
(243,43,true)
(247,43,true)
(250,43,true)
(256,43,true)
(259,43,true)
(265,43,true)
(268,43,true)
(270,43,true)
(278,43,true)
(282,43,false)
(290,43,true)
(291,43,true)
(293,43,true)
(298,43,true)
(299,43,true)
(6,44,false)
(16,44,false)
(18,44,false)
(23,44,false)
(24,44,false)
(35,44,false)
(49,44,false)
(61,44,false)
(65,44,false)
(67,44,false)
(71,44,false)
(72,44,false)
(84,44,false)
(89,44,false)
(104,44,false)
(128,44,false)
(132,44,false)
(136,44,false)
(138,44,true)
(141,44,false)
(146,44,false)
(147,44,false)
(148,44,false)
(150,44,false)
(151,44,false)
(168,44,false)
(171,44,false)
(182,44,true)
(183,44,true)
(184,44,true)
(187,44,true)
(190,44,true)
(208,44,true)
(215,44,true)
(224,44,true)
(230,44,true)
(231,44,true)
(233,44,true)
(234,44,true)
(245,44,true)
(249,44,true)
(256,44,true)
(259,44,true)
(264,44,true)
(265,44,true)
(274,44,true)
(275,44,true)
(286,44,true)
(288,44,true)
(289,44,true)
(291,44,true)
(292,44,true)
(299,44,true)
(0,45,false)
(11,45,false)
(15,45,false)
(17,45,false)
(18,45,false)
(20,45,false)
(21,45,false)
(31,45,false)
(35,45,false)
(38,45,false)
(44,45,false)
(45,45,false)
(52,45,false)
(57,45,false)
(59,45,false)
(73,45,false)
(79,45,false)
(101,45,false)
(103,45,false)
(115,45,false)
(116,45,false)
(121,45,false)
(138,45,false)
(143,45,false)
(154,45,false)
(155,45,false)
(159,45,false)
(161,45,false)
(168,45,false)
(170,45,false)
(171,45,false)
(174,45,false)
(176,45,false)
(179,45,false)
(181,45,true)
(187,45,true)
(189,45,true)
(201,45,true)
(202,45,true)
(206,45,true)
(220,45,true)
(223,45,true)
(224,45,true)
(230,45,true)
(236,45,true)
(240,45,true)
(245,45,true)
(250,45,true)
(261,45,true)
(267,45,true)
(269,45,true)
(270,45,true)
(272,45,true)
(273,45,true)
(274,45,true)
(275,45,true)
(278,45,true)
(285,45,true)
(298,45,true)
(1,46,false)
(2,46,false)
(4,46,false)
(8,46,false)
(11,46,false)
(18,46,false)
(21,46,true)
(24,46,false)
(26,46,false)
(32,46,false)
(33,46,false)
(38,46,false)
(39,46,false)
(40,46,false)
(56,46,false)
(59,46,false)
(68,46,false)
(81,46,false)
(82,46,false)
(86,46,true)
(95,46,false)
(101,46,false)
(104,46,false)
(113,46,false)
(116,46,false)
(120,46,true)
(127,46,false)
(134,46,false)
(138,46,false)
(141,46,false)
(152,46,false)
(154,46,false)
(161,46,false)
(162,46,false)
(164,46,false)
(173,46,false)
(180,46,true)
(194,46,true)
(195,46,true)
(196,46,true)
(200,46,true)
(201,46,true)
(206,46,true)
(207,46,true)
(209,46,true)
(212,46,true)
(217,46,true)
(219,46,true)
(232,46,true)
(236,46,true)
(238,46,true)
(240,46,true)
(242,46,true)
(245,46,true)
(250,46,true)
(252,46,true)
(255,46,true)
(258,46,true)
(264,46,true)
(267,46,true)
(271,46,true)
(274,46,true)
(279,46,true)
(281,46,true)
(283,46,true)
(1,47,false)
(7,47,false)
(11,47,false)
(12,47,false)
(26,47,false)
(28,47,false)
(38,47,false)
(39,47,false)
(43,47,false)
(50,47,false)
(51,47,false)
(56,47,false)
(58,47,false)
(62,47,false)
(66,47,false)
(69,47,false)
(75,47,false)
(78,47,false)
(82,47,false)
(86,47,false)
(102,47,false)
(104,47,true)
(110,47,false)
(115,47,false)
(123,47,false)
(125,47,false)
(137,47,false)
(138,47,false)
(143,47,false)
(145,47,false)
(156,47,false)
(160,47,false)
(161,47,false)
(162,47,false)
(165,47,false)
(169,47,false)
(171,47,false)
(172,47,false)
(174,47,false)
(189,47,true)
(199,47,true)
(201,47,true)
(202,47,true)
(208,47,true)
(217,47,true)
(220,47,true)
(231,47,true)
(236,47,true)
(238,47,true)
(245,47,true)
(249,47,true)
(258,47,true)
(265,47,true)
(269,47,true)
(276,47,true)
(282,47,true)
(294,47,true)
(299,47,true)

(125,7)
(60,20)
(37,18)
(281,44)
(222,37)
(53,32)
(249,27)
(160,26)
(190,6)
(92,25)
(173,31)
(228,28)
(284,43)
(33,32)
(280,5)
(219,40)
(54,42)
(65,30)
(7,26)
(234,15)
(49,28)
(188,29)
(43,18)
(36,19)
(285,16)
(193,45)
(165,15)
(74,2)
(127,30)
(227,9)
(87,19)
(190,37)
(46,25)
(257,43)
(181,20)
(229,11)
(221,40)
(200,36)
(262,7)
(49,13)
(192,46)
(136,7)
(197,28)
(233,38)
(203,30)
(102,40)
(127,28)
(148,6)
(292,21)
(225,8)
(33,3)
(21,30)
(236,39)
(167,6)
(85,10)
(208,40)
(140,30)
(40,19)
(246,28)
(68,7)
(285,26)
(148,35)
(280,8)
(221,43)
(120,2)
(52,20)
(228,20)
(298,25)
(238,32)
(8,44)
(22,44)
(51,15)
(202,11)
(80,17)
(289,47)
(239,28)
(74,27)
(220,2)
(236,25)
(146,21)
(172,23)
(37,32)
(238,4)
(71,24)
(0,3)
(184,28)
(177,3)
(285,13)
(176,3)
(163,5)
(201,5)
(10,26)
(171,21)
(168,40)
(181,6)
(238,7)
(6,13)
(5,12)
(195,21)
(102,44)
(277,2)
(211,22)
(265,26)
(298,31)
(5,3)
(6,7)
(272,47)
(185,16)
(9,32)
(278,13)
(21,38)
(74,33)
(206,24)
(125,5)
(8,31)
(13,1)
(285,33)
(178,10)
(298,3)
(88,1)
(128,30)
(232,5)
(174,34)
(285,21)
(138,16)
(144,12)
(145,21)
(170,3)
(60,40)
(84,9)
(191,15)
(86,1)
(44,8)
(258,27)
(152,17)
(259,22)
(67,0)
(294,5)
(76,16)
(36,12)
(2,19)
(213,10)
(188,13)
(85,33)
(150,3)
(276,10)
(52,46)
(21,20)
(49,5)
(192,31)
(110,1)
(37,37)
(152,11)
(206,26)
(13,28)
(19,2)
(111,38)
(42,12)
(35,39)
(187,5)
(157,8)
(187,30)
(130,42)
(27,29)
(239,26)
(266,6)
(232,44)
(24,7)
(160,18)
(38,43)
(271,0)
(82,18)
(129,35)
(77,29)
(123,38)
(10,20)
(177,9)
(150,20)
(98,8)
(0,13)
(211,28)
(275,22)
(78,4)
(228,2)
(67,6)
(193,3)
(168,7)
(268,1)
(154,31)
(146,23)
(141,5)
(169,35)
(112,31)
(278,7)
(126,32)
(174,38)
(36,30)
(116,25)
(276,40)
(69,1)
(97,23)
(53,46)
(81,17)
(45,46)
(38,6)
(63,19)
(242,13)
(82,26)
(19,12)
(290,15)
(33,24)
(265,10)
(75,23)
(272,21)
(295,35)
(290,25)
(95,13)
(230,31)
(256,15)
(81,15)
(248,46)
(140,13)
(34,7)
(105,6)
(2,33)
(179,44)
(281,43)
(84,36)
(58,20)
(242,11)
(69,5)
(269,10)
(205,7)
(81,31)
(43,2)
(39,29)
(106,6)
(3,36)
(236,19)
(89,4)
(188,6)
(1,34)
(115,43)
(138,3)
(5,38)
(201,35)
(17,1)
(65,14)
(214,9)
(205,21)
(22,20)
(180,33)
(255,20)
(177,47)
(29,26)
(256,6)
(8,47)
(230,47)
(92,0)
(227,22)
(181,2)
(118,6)
(186,2)
(288,13)
(213,43)
(86,2)
(8,37)
(217,23)
(273,26)
(43,13)
(105,2)
(68,4)
(235,27)
(283,16)
(152,36)
(47,8)
(81,22)
(148,17)
(281,28)
(228,23)
(71,8)
(152,4)
(190,19)
(175,35)
(33,40)
(160,6)
(27,26)
(156,27)
(164,22)
(154,33)
(217,7)
(40,37)
(49,40)
(178,12)
(70,12)
(153,0)
(160,1)
(73,27)
(70,47)
(167,31)
(148,19)
(242,1)
(189,21)
(203,21)
(3,10)
(138,25)
(248,30)
(79,7)
(152,27)
(227,18)
(85,8)
(183,14)
(8,9)
(195,3)
(12,26)
(25,12)
(170,1)
(97,41)
(247,14)
(126,27)
(21,11)
(88,4)
(166,45)
(121,14)
(186,26)
(272,26)
(91,47)
(225,23)
(95,45)
(205,35)
(146,10)
(200,3)
(110,23)
(36,27)
(109,18)
(294,19)
(153,15)
(206,7)
(247,7)
(260,36)
(157,4)
(213,25)
(104,10)
(93,14)
(2,7)
(49,26)
(264,39)
(105,15)
(276,5)
(299,11)
(93,20)
(235,42)
(239,39)
(94,45)
(75,12)
(51,31)
(127,7)
(39,7)
(8,33)
(133,35)
(76,9)
(147,45)
(162,36)
(155,7)
(167,41)
(222,44)
(155,44)
(164,6)
(230,20)
(185,10)
(55,25)
(221,13)
(200,12)
(37,35)
(152,37)
(274,9)
(82,10)
(261,34)
(149,5)
(270,9)
(51,4)
(250,39)
(9,33)
(252,16)
(213,36)
(284,31)
(184,12)
(286,22)
(261,26)
(0,44)
(201,12)
(144,5)
(135,9)
(276,9)
(170,28)
(109,28)
(254,2)
(137,34)
(125,42)
(104,42)
(53,23)
(32,45)
(42,20)
(80,10)
(130,37)
(260,4)
(119,32)
(278,19)
(265,40)
(279,7)
(289,36)
(180,38)
(40,26)
(182,25)
(56,1)
(227,23)
(218,17)
(172,28)
(279,25)
(129,15)
(184,31)
(17,41)
(96,14)
(179,37)
(169,40)
(280,12)
(148,28)
(47,11)
(108,28)
(282,0)
(272,22)
(7,6)
(280,26)
(74,10)
(164,34)
(155,11)
(3,12)
(293,34)
(73,47)
(30,26)
(147,12)
(109,42)
(260,42)
(126,26)
(148,38)
(95,22)
(76,21)
(151,39)
(49,37)
(49,24)
(204,10)
(165,26)
(173,2)
(10,47)
(236,21)
(210,17)
(244,41)
(19,15)
(201,10)
(219,16)
(40,31)
(1,29)
(63,25)
(276,46)
(111,10)
(13,34)
(233,33)
(178,15)
(4,1)
(209,4)
(39,18)
(128,43)
(33,25)
(218,15)
(125,26)
(167,25)
(68,42)
(39,15)
(34,45)
(34,3)
(273,3)
(32,37)
(231,8)
(191,18)
(51,9)
(82,5)
(220,21)
(268,22)
(81,21)
(286,16)
(99,9)
(66,30)
(13,22)
(99,45)
(75,44)
(200,6)
(200,10)
(99,42)
(218,19)
(51,23)
(34,39)
(111,33)
(177,38)
(288,15)
(82,15)
(220,8)
(139,1)
(250,42)
(261,43)
(230,6)
(81,45)
(74,32)
(169,17)
(203,3)
(209,44)
(152,44)
(210,8)
(69,19)
(132,24)
(227,32)
(203,24)
(8,20)
(46,9)
(58,16)
(123,46)
(239,23)
(64,22)
(215,16)
(33,34)
(121,44)
(262,12)
(130,1)
(227,44)
(61,24)
(286,15)
(106,47)
(52,7)
(283,43)
(183,34)
(213,12)
(110,18)
(117,27)
(228,32)
(264,27)
(136,46)
(124,29)
(250,11)
(160,20)
(232,22)
(159,46)
(106,33)
(218,5)
(226,15)
(92,46)
(277,28)
(293,22)
(0,20)
(255,17)
(101,20)
(60,8)
(274,21)
(71,19)
(103,30)
(240,26)
(91,46)
(269,27)
(123,45)
(228,18)
(285,8)
(7,10)
(299,37)
(183,37)
(190,10)
(50,29)
(116,27)
(228,43)
(226,12)
(49,6)
(259,31)
(121,40)
(217,35)
(213,42)
(135,18)
(133,5)
(279,18)
(147,13)
(289,3)
(147,20)
(175,30)
(248,31)
(60,39)
(153,11)
(245,39)
(218,23)
(110,4)
(219,25)
(218,35)
(256,18)
(14,15)
(279,23)
(75,8)
(205,15)
(255,18)
(202,23)
(249,19)
(10,22)
(62,11)
(58,39)
(76,17)
(220,44)
(163,2)
(89,26)
(112,35)
(260,7)
(285,42)
(229,22)
(207,3)
(79,1)
(85,23)
(45,3)
(80,36)
(277,47)
(263,21)
(118,31)
(95,11)
(172,16)
(276,14)
(144,27)
(213,29)
(163,34)
(76,1)
(162,18)
(191,26)
(81,12)
(69,27)
(240,11)
(29,36)
(90,5)
(28,15)
(134,27)
(76,45)
(91,9)
(18,21)
(160,38)
(90,23)
(292,14)
(261,25)
(234,10)
(136,29)
(206,31)
(143,19)
(217,39)
(42,32)
(20,27)
(85,27)
(204,20)
(44,31)
(26,0)
(130,28)
(148,45)
(193,13)
(165,4)
(201,14)
(213,8)
(197,24)
(287,1)
(39,44)
(237,22)
(157,24)
(210,2)
(232,28)
(158,7)
(94,7)
(275,24)
(68,6)
(19,3)
(228,3)
(82,3)
(166,37)
(17,40)
(271,45)
(235,15)
(144,34)
(157,6)
(106,26)
(87,29)
(213,4)
(223,8)
(78,10)
(38,10)
(216,40)
(121,16)
(123,12)
(202,4)
(127,12)
(111,4)
(132,17)
(278,3)
(115,34)
(115,2)
(69,9)
(17,8)
(145,8)
(86,38)
(31,14)
(42,11)
(241,46)
(139,2)
(285,18)
(143,41)
(281,20)
(176,17)
(34,10)
(44,35)
(256,37)
(99,29)
(0,1)
(72,27)
(35,12)
(154,6)
(12,3)
(268,2)
(38,26)
(0,28)
(126,39)
(296,37)
(273,34)
(26,11)
(0,22)
(95,28)
(196,21)
(18,16)
(136,35)
(126,6)
(243,17)
(89,5)
(281,36)
(3,39)
(32,47)
(209,42)
(186,46)
(58,14)
(117,46)
(87,7)
(272,5)
(299,15)
(130,35)
(17,20)
(65,11)
(17,7)
(156,4)
(136,34)
(59,29)
(5,19)
(227,30)
(42,47)
(267,19)
(44,21)
(221,1)
(69,37)
(190,14)
(135,16)
(150,38)
(210,11)
(211,15)
(276,11)
(294,2)
(177,0)
(25,1)
(140,12)
(282,38)
(54,1)
(219,32)
(211,33)
(165,33)
(33,36)
(3,47)
(61,18)
(280,37)
(8,19)
(237,43)
(197,6)
(168,21)
(282,39)
(171,27)
(284,47)
(151,29)
(221,17)
(90,6)
(189,4)
(201,19)
(296,5)
(293,2)
(120,10)
(200,30)
(209,2)
(11,33)
(7,25)
(67,15)
(207,33)
(166,23)
(21,4)
(52,19)
(51,37)
(126,22)
(5,42)
(43,24)
(149,8)
(77,19)
(31,22)
(215,20)
(289,23)
(286,17)
(132,18)
(265,35)
(244,7)
(167,44)
(198,39)
(284,42)
(11,42)
(211,5)
(38,29)
(176,27)
(113,18)
(293,33)
(96,11)
(118,19)
(253,9)
(145,16)
(60,17)
(164,35)
(259,47)
(174,30)
(295,26)
(198,14)
(57,14)
(293,19)
(14,46)
(72,2)
(209,28)
(112,36)
(238,6)
(196,27)
(123,44)
(277,34)
(26,35)
(204,17)
(71,4)
(90,41)
(213,6)
(93,9)
(192,47)
(93,0)
(68,45)
(283,17)
(290,12)
(46,20)
(218,46)
(160,12)
(144,16)
(265,6)
(164,21)
(95,21)
(284,21)
(140,20)
(144,35)
(16,13)
(129,28)
(152,26)
(125,25)
(178,30)
(100,14)
(84,19)
(276,22)
(163,24)
(216,0)
(234,16)
(208,13)
(150,33)
(107,13)
(6,12)
(202,12)
(3,34)
(173,39)
(198,9)
(80,25)
(103,37)
(142,7)
(130,39)
(160,7)
(202,10)
(150,6)
(84,14)
(282,1)
(136,5)
(272,6)
(178,3)
(148,42)
(76,12)
(97,19)
(156,25)
(18,1)
(97,38)
(47,0)
(129,34)
(170,4)
(81,10)
(183,2)
(175,39)
(167,35)
(157,15)
(1,10)
(65,27)
(31,20)
(251,29)
(258,13)
(227,1)
(9,21)
(281,22)
(58,44)
(295,1)
(246,22)
(280,39)
(190,21)
(295,46)
(251,43)
(250,35)
(37,47)
(148,33)
(293,37)
(98,33)
(191,34)
(15,15)
(226,26)
(244,8)
(295,8)
(44,11)
(242,43)
(4,8)
(102,30)
(288,28)
(146,14)
(85,9)
(34,15)
(41,5)
(120,27)
(224,3)
(202,14)
(229,40)
(124,47)
(251,1)
(296,13)
(179,14)
(17,16)
(232,45)
(41,14)
(208,41)
(200,20)
(266,3)
(112,14)
(7,17)
(179,23)
(158,31)
(116,38)
(174,33)
(81,30)
(257,31)
(280,9)
(197,46)
(69,24)
(263,27)
(79,30)
(277,33)
(206,1)
(6,30)
(158,1)
(239,33)
(174,37)
(22,39)
(243,11)
(89,16)
(34,36)
(73,8)
(139,39)
(225,11)
(96,28)
(211,32)
(50,1)
(230,37)
(55,30)
(255,10)
(2,0)
(249,24)
(108,7)
(146,4)
(254,40)
(93,25)
(294,10)
(3,14)
(36,41)
(298,20)
(147,35)
(65,43)
(59,0)
(26,26)
(43,27)
(118,36)
(198,38)
(34,20)
(294,18)
(138,7)
(135,27)
(78,27)
(190,24)
(124,28)
(138,21)
(234,30)
(32,33)
(247,20)
(206,20)
(27,19)
(88,30)
(52,14)
(170,10)
(87,24)
(29,17)
(92,40)
(204,14)
(176,11)
(91,14)
(96,19)
(108,4)
(234,8)
(40,20)
(15,11)
(164,43)
(107,45)
(251,0)
(4,11)
(71,25)
(16,32)
(133,7)
(263,7)
(262,9)
(258,38)
(228,26)
(15,3)
(44,25)
(132,39)
(275,41)
(262,0)
(73,36)
(31,41)
(261,6)
(152,42)
(77,9)
(202,29)
(265,9)
(10,1)
(296,7)
(77,13)
(201,16)
(141,14)
(77,1)
(274,14)
(23,26)
(61,3)
(184,8)
(2,13)
(131,29)
(273,28)
(220,42)
(234,6)
(54,34)
(220,9)
(206,15)
(282,13)
(83,45)
(131,11)
(193,39)
(182,6)
(154,23)
(107,38)
(212,15)
(93,6)
(194,20)
(22,31)
(122,5)
(154,42)
(12,35)
(251,44)
(37,44)
(160,2)
(98,38)
(259,8)
(201,23)
(188,32)
(278,17)
(289,6)
(186,0)
(104,31)
(2,2)
(259,26)
(239,4)
(156,37)
(10,14)
(121,17)
(207,10)
(268,31)
(99,11)
(218,25)
(275,0)
(42,10)
(182,7)
(233,29)
(133,46)
(273,5)
(188,5)
(283,36)
(228,12)
(208,20)
(152,23)
(106,11)
(34,13)
(180,26)
(175,25)
(33,26)
(151,21)
(90,4)
(127,5)
(185,21)
(224,33)
(95,40)
(291,42)
(76,40)
(110,21)
(127,37)
(25,39)
(126,44)
(86,43)
(117,5)
(154,40)
(158,18)
(25,47)
(276,42)
(204,44)
(72,22)
(134,26)
(258,28)
(280,36)
(215,10)
(267,7)
(122,20)
(1,27)
(239,8)
(20,34)
(31,39)
(101,41)
(187,7)
(38,3)
(237,29)
(201,28)
(275,32)
(85,42)
(53,9)
(290,3)
(194,44)
(95,29)
(201,1)
(226,1)
(239,46)
(264,26)
(140,19)
(20,35)
(292,36)
(17,5)
(93,30)
(121,29)
(226,40)
(139,19)
(191,42)
(136,40)
(184,24)
(8,10)
(148,2)
(48,23)
(22,10)
(92,43)
(294,38)
(21,17)
(204,6)
(43,30)
(139,15)
(113,40)
(59,15)
(162,16)
(32,1)
(248,13)
(106,21)
(53,42)
(203,39)
(184,2)
(183,9)
(146,20)
(284,45)
(83,19)
(124,4)
(237,35)
(189,39)
(233,13)
(96,22)
(162,45)
(292,1)
(91,42)
(195,36)
(9,27)
(234,37)
(249,3)
(200,7)
(143,3)
(6,35)
(249,12)
(1,44)
(103,14)
(26,24)
(214,14)
(145,14)
(72,43)
(8,23)
(267,2)
(264,34)
(74,7)
(179,38)
(239,25)
(286,11)
(103,22)
(88,35)
(16,33)
(139,32)
(206,8)
(159,14)
(120,14)
(117,31)
(17,23)
(203,32)
(25,27)
(155,31)
(189,7)
(192,11)
(241,25)
(183,17)
(112,15)
(89,34)
(108,39)
(295,12)
(52,3)
(198,17)
(135,11)
(201,7)
(79,19)
(286,12)
(275,31)
(139,22)
(10,21)
(52,44)
(232,34)
(281,42)
(219,22)
(95,3)
(227,2)
(159,23)
(91,35)
(57,44)
(113,31)
(170,5)
(222,5)
(213,20)
(171,10)
(210,46)
(26,41)
(282,4)
(296,34)
(295,18)
(46,33)
(256,16)
(18,0)
(35,0)
(249,41)
(11,11)
(222,18)
(280,13)
(201,15)
(143,2)
(83,26)
(91,24)
(43,25)
(87,46)
(136,31)
(266,38)
(75,26)
(33,28)
(27,42)
(168,20)
(6,36)
(214,37)
(5,15)
(30,47)
(198,32)
(17,25)
(282,16)
(175,22)
(31,43)
(114,9)
(217,44)
(96,6)
(220,29)
(137,10)
(77,24)
(246,35)
(187,23)
(22,30)
(200,45)
(90,9)
(84,3)
(240,14)
(239,45)
(45,16)
(210,15)
(98,28)
(244,37)
(120,8)
(284,32)
(17,44)
(17,35)
(188,11)
(95,6)
(289,31)
(225,6)
(222,30)
(283,37)
(6,39)
(296,26)
(254,37)
(212,0)
(201,27)
(270,40)
(245,41)
(47,5)
(188,15)
(67,37)
(224,26)
(122,30)
(64,9)
(30,12)
(16,5)
(75,14)
(266,46)
(213,32)
(8,2)
(102,3)
(99,5)
(193,6)
(163,38)
(61,5)
(232,19)
(221,7)
(271,6)
(271,16)
(55,18)
(185,5)
(17,36)
(159,22)
(60,46)
(29,43)
(35,3)
(236,34)
(276,2)
(276,13)
(133,4)
(153,3)
(98,7)
(12,2)
(182,10)
(195,13)
(110,30)
(72,12)
(43,37)
(118,14)
(69,11)
(260,30)
(276,32)
(55,44)
(161,28)
(113,27)
(168,14)
(290,22)
(140,39)
(86,44)
(7,32)
(60,42)
(139,23)
(162,7)
(176,4)
(234,34)
(94,2)
(18,34)
(163,6)
(177,44)
(102,20)
(30,8)
(31,18)
(223,32)
(230,2)
(221,15)
(14,22)
(99,14)
(128,16)
(275,37)
(190,16)
(239,44)
(4,22)
(47,3)
(35,31)
(112,20)
(28,19)
(204,35)
(208,21)
(47,35)
(31,3)
(231,39)
(14,30)
(143,8)
(216,14)
(275,7)
(107,3)
(105,3)
(293,42)
(68,22)
(123,34)
(264,35)
(141,24)
(72,11)
(127,43)
(266,44)
(215,47)
(11,3)
(106,30)
(272,13)
(142,36)
(61,25)
(220,31)
(173,18)
(59,4)
(173,36)
(174,24)
(279,33)
(75,33)
(197,7)
(18,12)
(137,31)
(187,24)
(221,31)
(48,43)
(143,39)
(39,1)
(75,20)
(225,16)
(184,47)
(131,5)
(246,0)
(139,3)
(220,41)
(75,4)
(259,40)
(210,32)
(26,39)
(139,31)
(66,41)
(26,4)
(265,46)
(82,28)
(49,18)
(122,47)
(275,16)
(277,12)
(264,3)
(224,11)
(118,15)
(185,20)
(62,3)
(157,38)
(253,0)
(32,28)
(224,40)
(11,31)
(279,1)
(110,34)
(25,19)
(127,20)
(62,30)
(275,42)
(148,4)
(241,6)
(246,15)
(59,12)
(24,11)
(189,24)
(294,41)
(288,38)
(109,10)
(21,0)
(172,18)
(294,7)
(293,24)
(57,15)
(150,39)
(123,35)
(160,35)
(160,24)
(164,12)
(250,17)
(274,23)
(194,14)
(84,13)
(140,36)
(225,26)
(71,26)
(283,32)
(180,10)
(33,43)
(170,34)
(95,23)
(106,34)
(228,16)
(35,23)
(120,44)
(189,12)
(100,10)
(226,44)
(235,41)
(157,12)
(172,10)
(50,46)
(156,24)
(228,44)
(184,34)
(110,33)
(0,26)
(180,3)
(296,41)
(240,27)
(114,20)
(28,13)
(47,19)
(28,1)
(239,47)
(176,21)
(34,23)
(15,8)
(229,28)
(261,2)
(198,28)
(252,21)
(114,34)
(74,3)
(130,43)
(64,26)
(128,22)
(166,18)
(297,6)
(56,15)
(71,18)
(88,23)
(93,47)
(94,26)
(43,31)
(210,42)
(147,26)
(176,36)
(58,10)
(271,30)
(63,30)
(29,18)
(43,10)
(274,3)
(195,34)
(218,30)
(31,40)
(243,19)
(177,8)
(214,5)
(296,40)
(246,26)
(34,25)
(91,17)
(133,14)
(132,46)
(116,43)
(243,14)
(173,4)
(33,42)
(102,14)
(151,46)
(165,5)
(273,6)
(28,44)
(204,0)
(55,1)
(288,31)
(230,40)
(173,23)
(79,26)
(103,5)
(295,27)
(74,4)
(47,42)
(121,41)
(191,33)
(161,16)
(255,8)
(229,46)
(218,3)
(25,14)
(67,11)
(218,7)
(86,31)
(165,39)
(133,26)
(231,11)
(116,24)
(91,5)
(201,44)
(22,46)
(289,33)
(194,27)
(126,17)
(148,21)
(26,28)
(207,34)
(210,45)
(185,34)
(234,12)
(283,1)
(171,35)
(198,37)
(65,31)
(248,7)
(104,2)
(55,9)
(58,25)
(63,43)
(202,27)
(28,21)
(126,41)
(97,9)
(186,22)
(133,21)
(11,9)
(63,42)
(278,29)
(182,11)
(276,45)
(145,29)
(149,17)
(290,29)
(283,31)
(173,43)
(30,16)
(6,29)
(246,19)
(104,45)
(281,10)
(105,47)
(80,15)
(110,5)
(138,11)
(49,16)
(10,38)
(278,41)
(214,6)
(21,1)
(10,18)
(5,34)
(112,4)
(42,0)
(107,32)
(194,28)
(205,45)
(119,9)
(167,5)
(156,46)
(238,42)
(33,18)
(222,10)
(155,47)
(127,0)
(266,2)
(5,30)
(85,46)
(285,37)
(0,29)
(276,3)
(86,6)
(61,13)
(120,12)
(82,30)
(186,28)
(275,10)
(65,20)
(38,36)
(173,26)
(10,39)
(102,28)
(69,26)
(294,35)
(232,18)
(46,7)
(94,42)
(146,15)
(101,5)
(42,17)
(296,32)
(276,24)
(24,5)
(24,21)
(252,43)
(82,45)
(61,19)
(136,28)
(286,29)
(20,8)
(52,30)
(159,16)
(107,9)
(47,43)
(167,7)
(178,14)
(297,40)
(73,46)
(299,25)
(86,8)
(34,12)
(188,23)
(167,29)
(256,2)
(71,32)
(10,2)
(138,13)
(112,3)
(93,16)
(170,13)
(97,45)
(200,14)
(242,7)
(133,19)
(121,8)
(90,35)
(66,16)
(31,24)
(240,6)
(120,7)
(239,43)
(193,46)
(43,36)
(47,16)
(114,45)
(133,20)
(165,20)
(173,30)
(51,25)
(44,17)
(40,22)
(156,2)
(217,42)
(274,40)
(65,23)
(51,22)
(117,6)
(30,27)
(110,12)
(125,38)
(52,6)
(256,30)
(51,28)
(213,15)
(186,18)
(125,45)
(82,36)
(280,17)
(165,23)
(163,36)
(141,39)
(187,12)
(246,31)
(293,25)
(11,34)
(134,40)
(56,37)
(113,24)
(206,28)
(128,15)
(195,18)
(4,9)
(269,43)
(236,0)
(48,28)
(24,31)
(104,30)
(75,30)
(190,18)
(16,26)
(273,12)
(273,33)
(169,36)
(226,46)
(15,29)
(29,35)
(215,18)
(71,12)
(42,40)
(264,21)
(179,0)
(218,33)
(153,47)
(2,17)
(130,32)
(73,6)
(13,18)
(58,32)
(65,3)
(295,10)
(293,32)
(110,14)
(290,39)
(241,27)
(103,10)
(205,31)
(133,44)
(284,3)
(241,31)
(146,6)
(94,40)
(277,1)
(87,20)
(98,31)
(171,11)
(58,1)
(265,14)
(76,11)
(283,27)
(33,45)
(110,9)
(142,18)
(44,29)
(53,15)
(257,7)
(124,35)
(281,38)
(267,18)
(53,24)
(223,14)
(40,27)
(165,45)
(259,38)
(54,8)
(215,25)
(180,28)
(37,30)
(276,35)
(127,33)
(6,18)
(176,18)
(225,39)
(139,38)
(132,37)
(92,30)
(298,16)
(126,28)
(130,6)
(222,29)
(152,41)
(8,38)
(267,27)
(86,34)
(250,14)
(259,37)
(133,33)
(151,15)
(245,21)
(232,7)
(261,29)
(237,24)
(268,5)
(78,1)
(110,24)
(57,3)
(218,10)
(44,46)
(70,21)
(29,19)
(235,38)
(11,30)
(12,10)
(165,27)
(200,21)
(42,15)
(278,32)
(271,40)
(280,27)
(194,6)
(271,4)
(82,38)
(30,28)
(166,32)
(192,25)
(217,6)
(7,29)
(145,45)
(46,10)
(73,31)
(10,27)
(97,20)
(225,21)
(216,44)
(110,39)
(76,3)
(156,40)
(242,30)
(163,1)
(277,36)
(298,38)
(194,2)
(287,3)
(125,37)
(97,36)
(57,27)
(124,22)
(9,36)
(60,4)
(229,3)
(91,20)
(152,45)
(134,35)
(13,33)
(172,15)
(224,42)
(98,10)
(245,16)
(98,5)
(261,28)
(263,41)
(108,20)
(224,1)
(94,24)
(40,11)
(239,0)
(136,2)
(54,7)
(202,19)
(70,10)
(229,16)
(297,45)
(274,16)
(237,8)
(217,25)
(83,28)
(197,39)
(54,26)
(50,34)
(87,30)
(172,3)
(281,45)
(129,4)
(224,14)
(50,30)
(150,5)
(263,20)
(288,26)
(195,12)
(66,23)
(252,28)
(87,34)
(18,25)
(136,19)
(129,2)
(255,5)
(8,5)
(278,46)
(201,26)
(22,16)
(256,22)
(93,35)
(205,8)
(271,41)
(87,47)
(102,22)
(150,45)
(231,23)
(189,22)
(21,28)
(148,9)
(234,3)
(175,43)
(115,13)
(246,40)
(41,23)
(32,42)
(117,28)
(183,8)
(258,19)
(57,7)
(90,27)
(259,45)
(186,45)
(182,21)
(118,1)
(264,23)
(154,8)
(76,14)
(42,23)
(41,36)
(181,39)
(124,39)
(245,9)
(169,18)
(53,11)
(61,33)
(175,5)
(45,32)
(52,13)
(257,44)
(250,28)
(167,46)
(195,30)
(149,2)
(231,2)
(43,22)
(103,21)
(258,33)
(108,1)
(59,31)
(174,41)
(42,6)
(195,44)
(46,11)
(149,26)
(36,22)
(204,36)
(280,29)
(296,42)
(126,33)
(25,7)
(285,20)
(107,14)
(108,35)
(272,2)
(113,38)
(281,24)
(82,13)
(159,40)
(106,44)
(267,14)
(233,28)
(6,22)
(48,42)
(124,25)
(63,3)
(119,18)
(202,42)
(113,36)
(256,45)
(130,44)
(181,26)
(167,38)
(263,39)
(200,42)
(95,17)
(24,36)
(109,15)
(84,39)
(80,26)
(95,25)
(197,33)
(35,17)
(56,25)
(75,42)
(141,33)
(80,16)
(63,13)
(94,22)
(30,13)
(205,36)
(164,4)
(110,40)
(244,17)
(162,24)
(41,33)
(170,47)
(195,39)
(298,21)
(172,40)
(247,9)
(229,26)
(43,32)
(77,7)
(198,21)
(197,18)
(5,21)
(219,15)
(133,37)
(223,38)
(66,1)
(290,24)
(190,47)
(203,10)
(167,39)
(255,21)
(0,24)
(264,32)
(157,3)
(60,28)
(227,41)
(176,28)
(279,20)
(197,23)
(210,26)
(258,2)
(134,3)
(117,19)
(284,18)
(96,25)
(51,26)
(138,20)
(99,31)
(7,28)
(222,39)
(245,26)
(113,3)
(34,31)
(238,27)
(218,38)
(135,7)
(21,32)
(240,15)
(105,31)
(70,33)
(242,28)
(12,38)
(133,28)
(228,40)
(75,5)
(238,17)
(227,5)
(272,29)
(236,24)
(56,23)
(7,1)
(168,31)
(135,5)
(150,47)
(235,34)
(137,12)
(92,7)
(165,41)
(8,39)
(121,46)
(194,8)
(47,44)
(4,17)
(161,44)
(89,17)
(186,5)
(168,4)
(86,36)
(8,29)
(269,31)
(243,24)
(116,29)
(20,20)
(59,21)
(115,28)
(27,17)
(267,36)
(80,46)
(25,11)
(39,13)
(189,28)
(297,43)
(90,21)
(92,33)
(233,30)
(111,43)
(175,18)
(248,21)
(113,6)
(253,37)
(160,30)
(211,21)
(280,2)
(69,33)
(247,34)
(282,10)
(101,8)
(63,23)
(278,6)
(209,11)
(188,40)
(40,13)
(152,7)
(140,46)
(21,25)
(32,18)
(146,35)
(194,42)
(54,21)
(261,39)
(61,7)
(130,5)
(141,19)
(298,44)
(137,41)
(163,25)
(152,19)
(221,25)
(291,4)
(255,38)
(68,27)
(102,31)
(254,4)
(26,15)
(199,5)
(166,2)
(0,19)
(240,12)
(148,31)
(279,10)
(187,3)
(127,36)
(92,20)
(63,29)
(214,12)
(55,2)
(249,25)
(148,7)
(226,45)
(238,26)
(274,5)
(99,21)
(174,42)
(218,45)
(39,5)
(201,39)
(57,40)
(288,25)
(68,32)
(243,29)
(241,15)
(199,28)
(15,41)
(269,19)
(288,47)
(5,36)
(65,7)
(4,37)
(57,28)
(104,6)
(130,27)
(270,29)
(140,25)
(172,33)
(90,18)
(68,26)
(87,6)
(39,41)
(251,7)
(48,8)
(221,20)
(47,22)
(280,4)
(156,42)
(83,23)
(236,12)
(87,11)
(3,1)
(69,15)
(180,8)
(50,36)
(134,1)
(126,9)
(233,11)
(252,6)
(252,7)
(8,40)
(119,39)
(12,36)
(299,6)
(126,42)
(93,24)
(153,30)
(102,8)
(0,36)
(261,3)
(205,43)
(127,19)
(222,0)
(95,9)
(230,8)
(98,2)
(259,23)
(214,36)
(133,2)
(220,18)
(72,36)
(58,21)
(236,27)
(112,42)
(39,28)
(210,12)
(251,3)
(239,20)
(261,42)
(22,12)
(59,20)
(25,10)
(249,5)
(80,3)
(240,5)
(48,14)
(211,23)
(266,47)
(27,44)
(299,14)
(253,47)
(155,23)
(135,39)
(233,32)
(264,16)
(37,26)
(161,33)
(250,33)
(293,14)
(224,17)
(126,34)
(53,37)
(270,25)
(149,20)
(148,10)
(69,6)
(157,45)
(111,12)
(174,26)
(149,12)
(298,23)
(186,42)
(79,21)
(243,38)
(242,17)
(76,29)
(71,36)
(93,18)
(189,19)
(298,10)
(143,13)
(132,32)
(40,40)
(73,19)
(10,41)
(88,25)
(205,3)
(26,18)
(41,17)
(192,34)
(177,4)
(31,16)
(130,41)
(156,31)
(93,17)
(45,20)
(208,3)
(90,24)
(35,33)
(70,13)
(284,19)
(83,37)
(199,24)
(289,15)
(232,30)
(213,27)
(170,41)
(287,17)
(156,41)
(57,10)
(142,31)
(128,6)
(29,13)
(67,26)
(151,27)
(181,27)
(222,38)
(253,21)
(27,39)
(43,6)
(103,39)
(156,0)
(287,43)
(29,8)
(240,35)
(56,7)
(216,35)
(125,24)
(194,29)
(270,30)
(258,37)
(32,30)
(15,16)
(60,45)
(186,4)
(291,6)
(198,10)
(9,3)
(238,37)
(40,34)
(167,45)
(47,13)
(283,45)
(36,43)
(235,46)
(46,8)
(204,42)
(82,37)
(29,29)
(168,27)
(152,34)
(247,27)
(233,21)
(107,1)
(260,33)
(78,5)
(89,29)
(13,41)
(212,20)
(259,14)
(213,33)
(293,7)
(215,13)
(7,19)
(100,5)
(40,47)
(104,27)
(258,35)
(253,4)
(24,3)
(280,38)
(194,39)
(35,10)
(277,16)
(186,33)
(91,22)
(215,36)
(150,18)
(15,13)
(78,22)
(21,10)
(89,40)
(46,19)
(295,24)
(275,38)
(4,24)
(62,19)
(45,43)
(93,40)
(194,16)
(111,9)
(184,9)
(245,37)
(42,3)
(152,30)
(190,36)
(205,39)
(71,30)
(152,43)
(115,4)
(127,45)
(169,42)
(33,44)
(53,8)
(76,26)
(279,38)
(95,12)
(42,46)
(90,36)
(279,35)
(73,9)
(165,12)
(5,22)
(63,20)
(123,18)
(3,21)
(284,4)
(184,4)
(156,8)
(81,38)
(240,36)
(91,31)
(232,41)
(182,46)
(132,30)
(135,38)
(49,45)
(22,2)
(219,3)
(162,5)
(110,38)
(44,9)
(23,12)
(20,9)
(93,36)
(120,19)
(133,45)
(77,0)
(249,46)
(13,45)
(185,24)
(244,42)
(151,38)
(26,34)
(206,32)
(176,19)
(91,30)
(58,12)
(210,6)
(66,14)
(269,35)
(71,39)
(44,18)
(65,10)
(295,36)
(180,20)
(163,35)
(75,19)
(185,37)
(220,46)
(98,27)
(24,45)
(227,39)
(49,25)
(245,19)
(150,0)
(14,26)
(230,1)
(190,22)
(171,34)
(61,32)
(156,22)
(279,41)
(22,24)
(195,2)
(227,47)
(107,35)
(31,26)
(26,37)
(48,26)
(164,25)
(271,38)
(278,11)
(174,22)
(28,34)
(295,41)
(242,9)
(143,17)
(277,25)
(167,13)
(186,41)
(258,18)
(51,16)
(31,15)
(46,46)
(41,16)
(12,27)
(103,24)
(206,22)
(211,9)
(251,15)
(147,2)
(62,33)
(17,33)
(112,22)
(251,11)
(227,15)
(184,39)
(68,37)
(288,18)
(25,3)
(263,11)
(237,4)
(232,9)
(132,41)
(206,47)
(248,41)
(218,31)
(155,34)
(185,7)
(56,32)
(45,8)
(22,8)
(103,46)
(260,21)
(45,18)
(138,9)
(242,2)
(108,19)
(202,18)
(255,44)
(71,43)
(219,26)
(77,4)
(10,0)
(262,46)
(137,43)
(292,17)
(269,15)
(2,30)
(278,16)
(196,17)
(177,45)
(16,9)
(162,10)
(286,32)
(285,23)
(192,18)
(74,39)
(282,7)
(190,31)
(223,34)
(223,20)
(215,19)
(159,34)
(241,28)
(133,25)
(140,29)
(40,29)
(149,1)
(121,37)
(95,14)
(236,30)
(17,11)
(283,40)
(154,39)
(44,14)
(61,23)
(128,17)
(116,12)
(114,47)
(109,45)
(62,28)
(293,13)
(26,25)
(29,24)
(181,16)
(101,7)
(1,4)
(67,4)
(227,27)
(48,36)
(244,24)
(206,34)
(219,2)
(71,31)
(205,18)
(154,30)
(164,15)
(198,35)
(7,27)
(273,31)
(185,22)
(51,10)
(51,24)
(160,17)
(212,35)
(143,21)
(7,9)
(175,21)
(171,17)
(106,35)
(71,6)
(50,43)
(201,6)
(50,33)
(85,21)
(31,47)
(1,8)
(252,19)
(252,12)
(291,18)
(208,8)
(249,17)
(264,36)
(143,23)
(279,37)
(226,47)
(66,26)
(14,5)
(35,16)
(108,18)
(174,27)
(83,44)
(114,35)
(84,45)
(256,33)
(102,27)
(203,17)
(144,22)
(5,44)
(283,3)
(57,21)
(260,10)
(176,29)
(263,25)
(96,38)
(282,12)
(140,4)
(37,3)
(263,23)
(91,36)
(43,0)
(118,45)
(193,20)
(139,28)
(67,27)
(93,11)
(259,35)
(229,7)
(258,25)
(33,7)
(205,33)
(241,29)
(152,14)
(157,44)
(256,14)
(190,17)
(197,15)
(130,11)
(138,31)
(175,31)
(233,42)
(16,19)
(48,3)
(0,7)
(216,4)
(7,5)
(240,47)
(40,45)
(273,32)
(258,17)
(126,7)
(203,16)
(139,26)
(112,16)
(141,37)
(290,47)
(164,11)
(136,6)
(292,43)
(299,12)
(244,1)
(220,23)
(183,18)
(104,26)
(206,35)
(40,23)
(222,33)
(168,11)
(174,44)
(10,45)
(243,41)
(122,34)
(22,41)
(137,21)
(32,2)
(101,17)
(192,28)
(67,28)
(167,1)
(50,17)
(131,17)
(270,1)
(191,14)
(280,25)
(63,24)
(152,47)
(160,43)
(187,15)
(158,41)
(286,46)
(118,9)
(73,35)
(209,24)
(220,13)
(64,15)
(34,27)
(252,31)
(25,8)
(15,23)
(40,1)
(129,46)
(22,47)
(237,2)
(270,6)
(257,17)
(157,14)
(68,1)
(74,34)
(123,4)
(225,31)
(206,40)
(262,13)
(224,46)
(126,37)
(175,1)
(236,6)
(16,7)
(6,34)
(240,38)
(288,27)
(149,0)
(28,37)
(185,23)
(282,29)
(107,11)
(60,25)
(54,0)
(161,27)
(5,9)
(166,33)
(123,9)
(230,25)
(288,3)
(99,6)
(269,6)
(34,8)
(252,14)
(54,11)
(210,35)
(255,47)
(232,43)
(197,31)
(243,3)
(183,32)
(26,12)
(159,42)
(19,35)
(98,36)
(103,2)
(281,19)
(261,18)
(45,5)
(218,39)
(244,5)
(45,12)
(0,46)
(297,42)
(276,37)
(224,13)
(72,38)
(173,21)
(172,38)
(169,12)
(75,21)
(6,31)
(152,21)
(54,28)
(167,21)
(29,34)
(164,44)
(16,22)
(245,30)
(291,10)
(155,14)
(209,5)
(178,31)
(34,1)
(221,26)
(50,21)
(25,31)
(49,47)
(37,31)
(42,26)
(233,34)
(92,26)
(219,14)
(199,13)
(13,17)
(159,33)
(25,16)
(147,31)
(80,33)
(167,36)
(238,1)
(46,3)
(96,42)
(253,39)
(67,10)
(35,22)
(244,39)
(153,42)
(1,16)
(275,26)
(122,22)
(67,12)
(86,41)
(270,35)
(144,26)
(96,1)
(8,7)
(113,20)
(168,37)
(0,18)
(144,11)
(243,47)
(134,2)
(34,2)
(46,34)
(35,38)
(201,2)
(1,20)
(153,41)
(123,16)
(195,6)
(295,6)
(250,44)
(211,31)
(231,3)
(295,32)
(67,13)
(58,43)
(81,3)
(110,44)
(233,0)
(108,23)
(271,33)
(290,44)
(261,16)
(77,15)
(236,38)
(192,24)
(147,41)
(20,21)
(228,0)
(46,45)
(280,47)
(206,41)
(97,26)
(169,37)
(8,17)
(74,38)
(243,32)
(291,2)
(57,8)
(249,40)
(18,38)
(174,31)
(156,30)
(260,22)
(282,40)
(65,13)
(73,26)
(212,47)
(119,40)
(140,3)
(173,27)
(128,3)
(3,46)
(143,22)
(55,47)
(266,26)
(295,14)
(151,16)
(241,4)
(212,17)
(47,37)
(289,21)
(69,45)
(158,19)
(216,37)
(175,17)
(134,32)
(49,31)
(58,4)
(165,30)
(75,35)
(106,16)
(282,25)
(26,21)
(188,12)
(167,19)
(70,22)
(281,41)
(27,24)
(53,21)
(82,34)
(79,33)
(282,17)
(201,37)
(229,19)
(158,44)
(273,16)
(2,3)
(101,18)
(282,9)
(143,20)
(252,35)
(50,11)
(220,25)
(95,26)
(141,29)
(213,31)
(1,12)
(233,36)
(12,20)
(141,6)
(130,8)
(208,18)
(284,2)
(7,13)
(74,24)
(200,27)
(82,44)
(258,29)
(120,34)
(136,27)
(148,14)
(70,5)
(212,32)
(158,4)
(289,38)
(36,35)
(60,9)
(263,24)
(170,8)
(225,44)
(102,9)
(292,12)
(165,22)
(140,24)
(66,31)
(218,44)
(34,47)
(6,14)
(179,7)
(15,6)
(283,0)
(38,30)
(152,40)
(290,0)
(127,10)
(106,46)
(83,21)
(246,16)
(160,3)
(286,7)
(159,28)
(106,14)
(208,36)
(83,3)
(299,35)
(65,41)
(60,2)
(225,7)
(297,19)
(257,29)
(27,28)
(4,41)
(164,10)
(148,20)
(274,24)
(110,35)
(47,10)
(160,29)
(292,18)
(227,28)
(133,30)
(262,6)
(72,3)
(96,12)
(292,38)
(145,28)
(160,32)
(277,35)
(234,35)
(281,9)
(26,14)
(244,3)
(90,8)
(212,11)
(5,25)
(214,28)
(184,42)
(51,19)
(98,44)
(52,32)
(239,31)
(186,7)
(110,25)
(266,5)
(21,18)
(293,46)
(198,46)
(127,44)
(75,24)
(139,46)
(211,30)
(201,13)
(126,31)
(41,0)
(60,33)
(71,27)
(261,13)
(265,0)
(91,33)
(217,36)
(120,18)
(95,30)
(164,0)
(214,35)
(47,25)
(51,29)
(142,32)
(58,45)
(286,2)
(269,18)
(242,39)
(109,16)
(35,21)
(152,39)
(256,5)
(139,30)
(210,24)
(218,12)
(60,31)
(50,41)
(281,5)
(53,20)
(178,40)
(41,24)
(164,27)
(150,15)
(275,13)
(154,11)
(95,34)
(85,26)
(74,42)
(289,27)
(289,19)
(99,41)
(94,35)
(65,36)
(151,3)
(275,33)
(287,23)
(11,35)
(103,12)
(79,18)
(120,17)
(173,15)
(259,34)
(14,1)
(191,45)
(99,8)
(4,2)
(292,20)
(52,2)
(164,8)
(259,29)
(72,15)
(6,40)
(83,31)
(56,20)
(263,47)
(277,44)
(127,47)
(44,19)
(155,13)
(291,15)
(280,31)
(182,19)
(159,24)
(241,20)
(118,16)
(260,19)
(208,45)
(119,41)
(68,9)
(180,24)
(70,34)
(250,26)
(95,38)
(107,23)
(261,12)
(94,31)
(46,44)
(81,41)
(269,30)
(140,45)
(92,18)
(226,2)
(119,0)
(0,17)
(55,14)
(118,47)
(131,28)
(204,43)
(293,6)
(29,14)
(133,42)
(52,43)
(163,16)
(173,42)
(242,42)
(4,45)
(120,28)
(294,16)
(39,19)
(290,28)
(83,47)
(196,9)
(100,44)
(106,10)
(248,35)
(217,5)
(179,43)
(24,43)
(35,9)
(97,5)
(62,9)
(297,10)
(104,39)
(115,44)
(72,23)
(106,15)
(175,20)
(209,18)
(240,22)
(80,13)
(26,38)
(110,15)
(43,14)
(127,24)
(234,23)
(138,37)
(10,11)
(92,41)
(242,26)
(261,40)
(4,12)
(134,45)
(153,4)
(49,3)
(24,28)
(286,43)
(294,15)
(56,13)
(278,42)
(260,28)
(270,11)
(142,42)
(163,12)
(230,15)
(260,18)
(192,36)
(77,14)
(19,21)
(141,32)
(97,10)
(180,25)
(56,10)
(167,27)
(98,40)
(268,7)
(89,27)
(153,18)
(289,14)
(60,34)
(14,44)
(293,16)
(232,21)
(86,45)
(256,38)
(253,12)
(140,8)
(26,27)
(152,35)
(109,38)
(159,7)
(172,43)
(159,5)
(106,43)
(211,14)
(196,40)
(143,34)
(155,27)
(199,37)
(221,46)
(293,38)
(37,45)
(203,5)
(262,24)
(145,9)
(176,34)
(199,33)
(274,8)
(85,24)
(112,12)
(115,22)
(181,37)
(213,28)
(215,22)
(296,19)
(235,0)
(238,25)
(4,42)
(69,22)
(265,31)
(291,33)
(132,36)
(255,34)
(271,15)
(220,38)
(287,20)
(286,28)
(33,31)
(170,16)
(234,31)
(49,20)
(226,18)
(296,11)
(67,47)
(137,18)
(127,22)
(252,39)
(134,13)
(116,30)
(116,44)
(253,31)
(95,24)
(137,26)
(9,5)
(244,33)
(150,40)
(91,8)
(203,12)
(168,10)
(73,42)
(145,43)
(71,47)
(35,6)
(21,29)
(249,14)
(160,41)
(283,19)
(294,12)
(87,35)
(270,24)
(204,26)
(24,29)
(186,19)
(195,22)
(217,33)
(129,8)
(232,31)
(98,22)
(103,17)
(126,45)
(286,40)
(117,14)
(215,21)
(273,40)
(146,47)
(128,41)
(17,31)
(43,16)
(169,45)
(191,3)
(191,4)
(102,33)
(275,28)
(161,26)
(3,2)
(144,36)
(206,19)
(75,41)
(225,19)
(118,13)
(72,17)
(33,17)
(209,41)
(193,10)
(254,9)
(16,11)
(204,15)
(169,9)
(237,36)
(169,14)
(262,1)
(266,36)
(160,39)
(160,36)
(254,0)
(36,33)
(202,39)
(234,7)
(289,24)
(183,26)
(48,6)
(64,12)
(168,16)
(48,9)
(185,32)
(53,35)
(262,4)
(51,43)
(86,29)
(81,9)
(140,44)
(131,10)
(260,38)
(21,31)
(198,30)
(195,16)
(80,18)
(113,23)
(31,8)
(52,17)
(200,29)
(79,15)
(26,31)
(110,20)
(280,34)
(260,47)
(205,14)
(289,5)
(86,14)
(279,40)
(289,9)
(44,7)
(297,33)
(185,26)
(48,19)
(79,32)
(283,13)
(184,29)
(270,37)
(219,29)
(215,31)
(280,43)
(260,31)
(267,30)
(45,34)
(160,45)
(227,17)
(199,25)
(86,11)
(294,21)
(292,46)
(60,26)
(299,41)
(162,27)
(249,32)
(54,14)
(31,11)
(60,22)
(116,39)
(235,31)
(54,20)
(193,43)
(59,19)
(161,35)
(278,30)
(61,30)
(217,34)
(148,13)
(225,37)
(158,25)
(0,10)
(10,4)
(197,43)
(221,22)
(198,25)
(294,22)
(39,20)
(7,39)
(292,32)
(252,47)
(4,25)
(52,42)
(25,20)
(83,5)
(257,4)
(80,29)
(150,32)
(124,0)
